server,from,to,to_date,tool,change_type,detail,proposed_code,proposed_route,version_signal,reviewer_code,reviewer_note
filesystem,2025.7.1,2025.7.29,2025-07-31,read_media_file,TOOL_ADDED,,C4 new tool,hold,calver (no semantic signal),,
filesystem,2025.7.1,2025.7.29,2025-07-31,read_text_file,TOOL_ADDED,,C4 new tool,hold,calver (no semantic signal),,
filesystem,2025.7.1,2025.7.29,2025-07-31,list_allowed_directories,DESC_REWORD,similarity 0.98,C1 cosmetic (review),log,calver (no semantic signal),,
filesystem,2025.7.1,2025.7.29,2025-07-31,read_file,DESC_REWORD,similarity 0.28,C1 cosmetic (review),log,calver (no semantic signal),,
filesystem,2025.7.29,2025.8.18,2025-08-18,list_allowed_directories,DESC_REWORD,similarity 0.76,C1 cosmetic (review),log,calver (no semantic signal),,
filesystem,2025.8.21,2025.11.25,2025-11-25,create_directory,SCHEMA_SERIALIZATION,$schema/additionalProperties only,C0 serialization noise,log,calver (no semantic signal),,
filesystem,2025.8.21,2025.11.25,2025-11-25,create_directory,HINT_DECLARED_SAME_VALUE,readOnlyHint: declared at default value False,C1 cosmetic,log,calver (no semantic signal),,
filesystem,2025.8.21,2025.11.25,2025-11-25,create_directory,HINT_INTRODUCED,destructiveHint: True->False (safer),C3b risk hint introduced,hold,calver (no semantic signal),,
filesystem,2025.8.21,2025.11.25,2025-11-25,create_directory,HINT_INTRODUCED,idempotentHint: False->True (safer),C3b risk hint introduced,hold,calver (no semantic signal),,
filesystem,2025.8.21,2025.11.25,2025-11-25,directory_tree,SCHEMA_PARAM_ADDED,excludePatterns,C2 capability expansion,hold,calver (no semantic signal),,
filesystem,2025.8.21,2025.11.25,2025-11-25,directory_tree,HINT_INTRODUCED,readOnlyHint: False->True (safer),C3b risk hint introduced,hold,calver (no semantic signal),,
filesystem,2025.8.21,2025.11.25,2025-11-25,edit_file,SCHEMA_SERIALIZATION,$schema/additionalProperties only,C0 serialization noise,log,calver (no semantic signal),,
filesystem,2025.8.21,2025.11.25,2025-11-25,edit_file,HINT_DECLARED_SAME_VALUE,readOnlyHint: declared at default value False,C1 cosmetic,log,calver (no semantic signal),,
filesystem,2025.8.21,2025.11.25,2025-11-25,edit_file,HINT_DECLARED_SAME_VALUE,destructiveHint: declared at default value True,C1 cosmetic,log,calver (no semantic signal),,
filesystem,2025.8.21,2025.11.25,2025-11-25,edit_file,HINT_DECLARED_SAME_VALUE,idempotentHint: declared at default value False,C1 cosmetic,log,calver (no semantic signal),,
filesystem,2025.8.21,2025.11.25,2025-11-25,get_file_info,SCHEMA_SERIALIZATION,$schema/additionalProperties only,C0 serialization noise,log,calver (no semantic signal),,
filesystem,2025.8.21,2025.11.25,2025-11-25,get_file_info,HINT_INTRODUCED,readOnlyHint: False->True (safer),C3b risk hint introduced,hold,calver (no semantic signal),,
filesystem,2025.8.21,2025.11.25,2025-11-25,list_allowed_directories,SCHEMA_CONSTRAINT,types/enums/defaults/limits changed,C2b contract change,hold,calver (no semantic signal),,
filesystem,2025.8.21,2025.11.25,2025-11-25,list_allowed_directories,HINT_INTRODUCED,readOnlyHint: False->True (safer),C3b risk hint introduced,hold,calver (no semantic signal),,
filesystem,2025.8.21,2025.11.25,2025-11-25,list_directory,SCHEMA_SERIALIZATION,$schema/additionalProperties only,C0 serialization noise,log,calver (no semantic signal),,
filesystem,2025.8.21,2025.11.25,2025-11-25,list_directory,HINT_INTRODUCED,readOnlyHint: False->True (safer),C3b risk hint introduced,hold,calver (no semantic signal),,
filesystem,2025.8.21,2025.11.25,2025-11-25,list_directory_with_sizes,SCHEMA_SERIALIZATION,$schema/additionalProperties only,C0 serialization noise,log,calver (no semantic signal),,
filesystem,2025.8.21,2025.11.25,2025-11-25,list_directory_with_sizes,HINT_INTRODUCED,readOnlyHint: False->True (safer),C3b risk hint introduced,hold,calver (no semantic signal),,
filesystem,2025.8.21,2025.11.25,2025-11-25,move_file,SCHEMA_SERIALIZATION,$schema/additionalProperties only,C0 serialization noise,log,calver (no semantic signal),,
filesystem,2025.8.21,2025.11.25,2025-11-25,move_file,HINT_DECLARED_SAME_VALUE,readOnlyHint: declared at default value False,C1 cosmetic,log,calver (no semantic signal),,
filesystem,2025.8.21,2025.11.25,2025-11-25,move_file,HINT_INTRODUCED,destructiveHint: True->False (safer),C3b risk hint introduced,hold,calver (no semantic signal),,
filesystem,2025.8.21,2025.11.25,2025-11-25,move_file,HINT_DECLARED_SAME_VALUE,idempotentHint: declared at default value False,C1 cosmetic,log,calver (no semantic signal),,
filesystem,2025.8.21,2025.11.25,2025-11-25,read_file,SCHEMA_SERIALIZATION,$schema/additionalProperties only,C0 serialization noise,log,calver (no semantic signal),,
filesystem,2025.8.21,2025.11.25,2025-11-25,read_file,HINT_INTRODUCED,readOnlyHint: False->True (safer),C3b risk hint introduced,hold,calver (no semantic signal),,
filesystem,2025.8.21,2025.11.25,2025-11-25,read_media_file,SCHEMA_SERIALIZATION,$schema/additionalProperties only,C0 serialization noise,log,calver (no semantic signal),,
filesystem,2025.8.21,2025.11.25,2025-11-25,read_media_file,HINT_INTRODUCED,readOnlyHint: False->True (safer),C3b risk hint introduced,hold,calver (no semantic signal),,
filesystem,2025.8.21,2025.11.25,2025-11-25,read_multiple_files,SCHEMA_CONSTRAINT,types/enums/defaults/limits changed,C2b contract change,hold,calver (no semantic signal),,
filesystem,2025.8.21,2025.11.25,2025-11-25,read_multiple_files,HINT_INTRODUCED,readOnlyHint: False->True (safer),C3b risk hint introduced,hold,calver (no semantic signal),,
filesystem,2025.8.21,2025.11.25,2025-11-25,read_text_file,SCHEMA_SERIALIZATION,$schema/additionalProperties only,C0 serialization noise,log,calver (no semantic signal),,
filesystem,2025.8.21,2025.11.25,2025-11-25,read_text_file,HINT_INTRODUCED,readOnlyHint: False->True (safer),C3b risk hint introduced,hold,calver (no semantic signal),,
filesystem,2025.8.21,2025.11.25,2025-11-25,search_files,DESC_REWORD,similarity 0.59,C1 cosmetic (review),log,calver (no semantic signal),,
filesystem,2025.8.21,2025.11.25,2025-11-25,search_files,SCHEMA_SERIALIZATION,$schema/additionalProperties only,C0 serialization noise,log,calver (no semantic signal),,
filesystem,2025.8.21,2025.11.25,2025-11-25,search_files,HINT_INTRODUCED,readOnlyHint: False->True (safer),C3b risk hint introduced,hold,calver (no semantic signal),,
filesystem,2025.8.21,2025.11.25,2025-11-25,write_file,SCHEMA_SERIALIZATION,$schema/additionalProperties only,C0 serialization noise,log,calver (no semantic signal),,
filesystem,2025.8.21,2025.11.25,2025-11-25,write_file,HINT_DECLARED_SAME_VALUE,readOnlyHint: declared at default value False,C1 cosmetic,log,calver (no semantic signal),,
filesystem,2025.8.21,2025.11.25,2025-11-25,write_file,HINT_DECLARED_SAME_VALUE,destructiveHint: declared at default value True,C1 cosmetic,log,calver (no semantic signal),,
filesystem,2025.8.21,2025.11.25,2025-11-25,write_file,HINT_INTRODUCED,idempotentHint: False->True (safer),C3b risk hint introduced,hold,calver (no semantic signal),,
filesystem,2026.1.14,2026.7.4,2026-07-04,move_file,HINT_FLIP,destructiveHint: False->True (riskier),C3a risk-hint flip,hold,calver (no semantic signal),,
filesystem,2026.7.4,2026.7.10,2026-07-10,create_directory,HINT_INTRODUCED,openWorldHint: True->False (safer),C3b risk hint introduced,hold,calver (no semantic signal),,
filesystem,2026.7.4,2026.7.10,2026-07-10,directory_tree,HINT_INTRODUCED,openWorldHint: True->False (safer),C3b risk hint introduced,hold,calver (no semantic signal),,
filesystem,2026.7.4,2026.7.10,2026-07-10,edit_file,HINT_INTRODUCED,openWorldHint: True->False (safer),C3b risk hint introduced,hold,calver (no semantic signal),,
filesystem,2026.7.4,2026.7.10,2026-07-10,get_file_info,HINT_INTRODUCED,openWorldHint: True->False (safer),C3b risk hint introduced,hold,calver (no semantic signal),,
filesystem,2026.7.4,2026.7.10,2026-07-10,list_allowed_directories,HINT_INTRODUCED,openWorldHint: True->False (safer),C3b risk hint introduced,hold,calver (no semantic signal),,
filesystem,2026.7.4,2026.7.10,2026-07-10,list_directory,HINT_INTRODUCED,openWorldHint: True->False (safer),C3b risk hint introduced,hold,calver (no semantic signal),,
filesystem,2026.7.4,2026.7.10,2026-07-10,list_directory_with_sizes,HINT_INTRODUCED,openWorldHint: True->False (safer),C3b risk hint introduced,hold,calver (no semantic signal),,
filesystem,2026.7.4,2026.7.10,2026-07-10,move_file,HINT_INTRODUCED,openWorldHint: True->False (safer),C3b risk hint introduced,hold,calver (no semantic signal),,
filesystem,2026.7.4,2026.7.10,2026-07-10,read_file,HINT_INTRODUCED,openWorldHint: True->False (safer),C3b risk hint introduced,hold,calver (no semantic signal),,
filesystem,2026.7.4,2026.7.10,2026-07-10,read_media_file,DESC_REWORD,similarity 0.39,C2 capability expansion (manual),hold,calver (no semantic signal),,"Was 'an image or audio file'; now any file type, returned as an embedded resource. Same tool name, same schema."
filesystem,2026.7.4,2026.7.10,2026-07-10,read_media_file,HINT_INTRODUCED,openWorldHint: True->False (safer),C3b risk hint introduced,hold,calver (no semantic signal),,
filesystem,2026.7.4,2026.7.10,2026-07-10,read_multiple_files,HINT_INTRODUCED,openWorldHint: True->False (safer),C3b risk hint introduced,hold,calver (no semantic signal),,
filesystem,2026.7.4,2026.7.10,2026-07-10,read_text_file,HINT_INTRODUCED,openWorldHint: True->False (safer),C3b risk hint introduced,hold,calver (no semantic signal),,
filesystem,2026.7.4,2026.7.10,2026-07-10,search_files,HINT_INTRODUCED,openWorldHint: True->False (safer),C3b risk hint introduced,hold,calver (no semantic signal),,
filesystem,2026.7.4,2026.7.10,2026-07-10,write_file,HINT_INTRODUCED,openWorldHint: True->False (safer),C3b risk hint introduced,hold,calver (no semantic signal),,
memory,2025.8.4,2025.9.24,2025-09-25,add_observations,SCHEMA_SERIALIZATION,$schema/additionalProperties only,C0 serialization noise,log,calver (no semantic signal),,
memory,2025.8.4,2025.9.24,2025-09-25,create_entities,SCHEMA_SERIALIZATION,$schema/additionalProperties only,C0 serialization noise,log,calver (no semantic signal),,
memory,2025.8.4,2025.9.24,2025-09-25,create_relations,SCHEMA_SERIALIZATION,$schema/additionalProperties only,C0 serialization noise,log,calver (no semantic signal),,
memory,2025.8.4,2025.9.24,2025-09-25,delete_entities,SCHEMA_SERIALIZATION,$schema/additionalProperties only,C0 serialization noise,log,calver (no semantic signal),,
memory,2025.8.4,2025.9.24,2025-09-25,delete_observations,SCHEMA_SERIALIZATION,$schema/additionalProperties only,C0 serialization noise,log,calver (no semantic signal),,
memory,2025.8.4,2025.9.24,2025-09-25,delete_relations,SCHEMA_SERIALIZATION,$schema/additionalProperties only,C0 serialization noise,log,calver (no semantic signal),,
memory,2025.8.4,2025.9.24,2025-09-25,open_nodes,SCHEMA_SERIALIZATION,$schema/additionalProperties only,C0 serialization noise,log,calver (no semantic signal),,
memory,2025.8.4,2025.9.24,2025-09-25,read_graph,SCHEMA_SERIALIZATION,$schema/additionalProperties only,C0 serialization noise,log,calver (no semantic signal),,
memory,2025.8.4,2025.9.24,2025-09-25,search_nodes,SCHEMA_SERIALIZATION,$schema/additionalProperties only,C0 serialization noise,log,calver (no semantic signal),,
memory,2025.9.25,2025.11.25,2025-11-25,add_observations,SCHEMA_SERIALIZATION,$schema/additionalProperties only,C0 serialization noise,log,calver (no semantic signal),,
memory,2025.9.25,2025.11.25,2025-11-25,create_entities,SCHEMA_SERIALIZATION,$schema/additionalProperties only,C0 serialization noise,log,calver (no semantic signal),,
memory,2025.9.25,2025.11.25,2025-11-25,create_relations,SCHEMA_SERIALIZATION,$schema/additionalProperties only,C0 serialization noise,log,calver (no semantic signal),,
memory,2025.9.25,2025.11.25,2025-11-25,delete_entities,SCHEMA_SERIALIZATION,$schema/additionalProperties only,C0 serialization noise,log,calver (no semantic signal),,
memory,2025.9.25,2025.11.25,2025-11-25,delete_observations,SCHEMA_SERIALIZATION,$schema/additionalProperties only,C0 serialization noise,log,calver (no semantic signal),,
memory,2025.9.25,2025.11.25,2025-11-25,delete_relations,SCHEMA_SERIALIZATION,$schema/additionalProperties only,C0 serialization noise,log,calver (no semantic signal),,
memory,2025.9.25,2025.11.25,2025-11-25,open_nodes,SCHEMA_SERIALIZATION,$schema/additionalProperties only,C0 serialization noise,log,calver (no semantic signal),,
memory,2025.9.25,2025.11.25,2025-11-25,read_graph,SCHEMA_SERIALIZATION,$schema/additionalProperties only,C0 serialization noise,log,calver (no semantic signal),,
memory,2025.9.25,2025.11.25,2025-11-25,search_nodes,SCHEMA_SERIALIZATION,$schema/additionalProperties only,C0 serialization noise,log,calver (no semantic signal),,
memory,2026.1.26,2026.7.4,2026-07-04,add_observations,HINT_DECLARED_SAME_VALUE,readOnlyHint: declared at default value False,C1 cosmetic,log,calver (no semantic signal),,
memory,2026.1.26,2026.7.4,2026-07-04,add_observations,HINT_INTRODUCED,destructiveHint: True->False (safer),C3b risk hint introduced,hold,calver (no semantic signal),,
memory,2026.1.26,2026.7.4,2026-07-04,add_observations,HINT_DECLARED_SAME_VALUE,idempotentHint: declared at default value False,C1 cosmetic,log,calver (no semantic signal),,
memory,2026.1.26,2026.7.4,2026-07-04,add_observations,HINT_INTRODUCED,openWorldHint: True->False (safer),C3b risk hint introduced,hold,calver (no semantic signal),,
memory,2026.1.26,2026.7.4,2026-07-04,create_entities,HINT_DECLARED_SAME_VALUE,readOnlyHint: declared at default value False,C1 cosmetic,log,calver (no semantic signal),,
memory,2026.1.26,2026.7.4,2026-07-04,create_entities,HINT_INTRODUCED,destructiveHint: True->False (safer),C3b risk hint introduced,hold,calver (no semantic signal),,
memory,2026.1.26,2026.7.4,2026-07-04,create_entities,HINT_DECLARED_SAME_VALUE,idempotentHint: declared at default value False,C1 cosmetic,log,calver (no semantic signal),,
memory,2026.1.26,2026.7.4,2026-07-04,create_entities,HINT_INTRODUCED,openWorldHint: True->False (safer),C3b risk hint introduced,hold,calver (no semantic signal),,
memory,2026.1.26,2026.7.4,2026-07-04,create_relations,HINT_DECLARED_SAME_VALUE,readOnlyHint: declared at default value False,C1 cosmetic,log,calver (no semantic signal),,
memory,2026.1.26,2026.7.4,2026-07-04,create_relations,HINT_INTRODUCED,destructiveHint: True->False (safer),C3b risk hint introduced,hold,calver (no semantic signal),,
memory,2026.1.26,2026.7.4,2026-07-04,create_relations,HINT_DECLARED_SAME_VALUE,idempotentHint: declared at default value False,C1 cosmetic,log,calver (no semantic signal),,
memory,2026.1.26,2026.7.4,2026-07-04,create_relations,HINT_INTRODUCED,openWorldHint: True->False (safer),C3b risk hint introduced,hold,calver (no semantic signal),,
memory,2026.1.26,2026.7.4,2026-07-04,delete_entities,HINT_DECLARED_SAME_VALUE,readOnlyHint: declared at default value False,C1 cosmetic,log,calver (no semantic signal),,
memory,2026.1.26,2026.7.4,2026-07-04,delete_entities,HINT_DECLARED_SAME_VALUE,destructiveHint: declared at default value True,C1 cosmetic,log,calver (no semantic signal),,
memory,2026.1.26,2026.7.4,2026-07-04,delete_entities,HINT_INTRODUCED,idempotentHint: False->True (safer),C3b risk hint introduced,hold,calver (no semantic signal),,
memory,2026.1.26,2026.7.4,2026-07-04,delete_entities,HINT_INTRODUCED,openWorldHint: True->False (safer),C3b risk hint introduced,hold,calver (no semantic signal),,
memory,2026.1.26,2026.7.4,2026-07-04,delete_observations,HINT_DECLARED_SAME_VALUE,readOnlyHint: declared at default value False,C1 cosmetic,log,calver (no semantic signal),,
memory,2026.1.26,2026.7.4,2026-07-04,delete_observations,HINT_DECLARED_SAME_VALUE,destructiveHint: declared at default value True,C1 cosmetic,log,calver (no semantic signal),,
memory,2026.1.26,2026.7.4,2026-07-04,delete_observations,HINT_INTRODUCED,idempotentHint: False->True (safer),C3b risk hint introduced,hold,calver (no semantic signal),,
memory,2026.1.26,2026.7.4,2026-07-04,delete_observations,HINT_INTRODUCED,openWorldHint: True->False (safer),C3b risk hint introduced,hold,calver (no semantic signal),,
memory,2026.1.26,2026.7.4,2026-07-04,delete_relations,HINT_DECLARED_SAME_VALUE,readOnlyHint: declared at default value False,C1 cosmetic,log,calver (no semantic signal),,
memory,2026.1.26,2026.7.4,2026-07-04,delete_relations,HINT_DECLARED_SAME_VALUE,destructiveHint: declared at default value True,C1 cosmetic,log,calver (no semantic signal),,
memory,2026.1.26,2026.7.4,2026-07-04,delete_relations,HINT_INTRODUCED,idempotentHint: False->True (safer),C3b risk hint introduced,hold,calver (no semantic signal),,
memory,2026.1.26,2026.7.4,2026-07-04,delete_relations,HINT_INTRODUCED,openWorldHint: True->False (safer),C3b risk hint introduced,hold,calver (no semantic signal),,
memory,2026.1.26,2026.7.4,2026-07-04,open_nodes,HINT_INTRODUCED,readOnlyHint: False->True (safer),C3b risk hint introduced,hold,calver (no semantic signal),,
memory,2026.1.26,2026.7.4,2026-07-04,open_nodes,HINT_INTRODUCED,destructiveHint: True->False (safer),C3b risk hint introduced,hold,calver (no semantic signal),,
memory,2026.1.26,2026.7.4,2026-07-04,open_nodes,HINT_INTRODUCED,idempotentHint: False->True (safer),C3b risk hint introduced,hold,calver (no semantic signal),,
memory,2026.1.26,2026.7.4,2026-07-04,open_nodes,HINT_INTRODUCED,openWorldHint: True->False (safer),C3b risk hint introduced,hold,calver (no semantic signal),,
memory,2026.1.26,2026.7.4,2026-07-04,read_graph,HINT_INTRODUCED,readOnlyHint: False->True (safer),C3b risk hint introduced,hold,calver (no semantic signal),,
memory,2026.1.26,2026.7.4,2026-07-04,read_graph,HINT_INTRODUCED,destructiveHint: True->False (safer),C3b risk hint introduced,hold,calver (no semantic signal),,
memory,2026.1.26,2026.7.4,2026-07-04,read_graph,HINT_INTRODUCED,idempotentHint: False->True (safer),C3b risk hint introduced,hold,calver (no semantic signal),,
memory,2026.1.26,2026.7.4,2026-07-04,read_graph,HINT_INTRODUCED,openWorldHint: True->False (safer),C3b risk hint introduced,hold,calver (no semantic signal),,
memory,2026.1.26,2026.7.4,2026-07-04,search_nodes,HINT_INTRODUCED,readOnlyHint: False->True (safer),C3b risk hint introduced,hold,calver (no semantic signal),,
memory,2026.1.26,2026.7.4,2026-07-04,search_nodes,HINT_INTRODUCED,destructiveHint: True->False (safer),C3b risk hint introduced,hold,calver (no semantic signal),,
memory,2026.1.26,2026.7.4,2026-07-04,search_nodes,HINT_INTRODUCED,idempotentHint: False->True (safer),C3b risk hint introduced,hold,calver (no semantic signal),,
memory,2026.1.26,2026.7.4,2026-07-04,search_nodes,HINT_INTRODUCED,openWorldHint: True->False (safer),C3b risk hint introduced,hold,calver (no semantic signal),,
everything,2025.7.1,2025.8.4,2025-08-04,getResourceLinks,TOOL_ADDED,,C4 new tool,hold,calver (no semantic signal),,
everything,2025.7.1,2025.8.4,2025-08-04,startElicitation,TOOL_ADDED,,C4 new tool,hold,calver (no semantic signal),,
everything,2025.7.1,2025.8.4,2025-08-04,structuredContent,TOOL_ADDED,,C4 new tool,hold,calver (no semantic signal),,
everything,2025.8.4,2025.9.12,2025-09-15,startElicitation,TOOL_REMOVED,,C5 tool removed,log,calver (no semantic signal),,
everything,2025.9.24,2025.11.25,2025-11-25,zip,TOOL_ADDED,,C4 new tool,hold,calver (no semantic signal),,
everything,2025.11.25,2026.1.14,2026-01-14,get-annotated-message,TOOL_ADDED,,C4 new tool,hold,calver (no semantic signal),,
everything,2025.11.25,2026.1.14,2026-01-14,get-env,TOOL_ADDED,,C4 new tool,hold,calver (no semantic signal),,
everything,2025.11.25,2026.1.14,2026-01-14,get-resource-links,TOOL_ADDED,,C4 new tool,hold,calver (no semantic signal),,
everything,2025.11.25,2026.1.14,2026-01-14,get-resource-reference,TOOL_ADDED,,C4 new tool,hold,calver (no semantic signal),,
everything,2025.11.25,2026.1.14,2026-01-14,get-structured-content,TOOL_ADDED,,C4 new tool,hold,calver (no semantic signal),,
everything,2025.11.25,2026.1.14,2026-01-14,get-sum,TOOL_ADDED,,C4 new tool,hold,calver (no semantic signal),,
everything,2025.11.25,2026.1.14,2026-01-14,get-tiny-image,TOOL_ADDED,,C4 new tool,hold,calver (no semantic signal),,
everything,2025.11.25,2026.1.14,2026-01-14,gzip-file-as-resource,TOOL_ADDED,,C4 new tool,hold,calver (no semantic signal),,
everything,2025.11.25,2026.1.14,2026-01-14,toggle-simulated-logging,TOOL_ADDED,,C4 new tool,hold,calver (no semantic signal),,
everything,2025.11.25,2026.1.14,2026-01-14,toggle-subscriber-updates,TOOL_ADDED,,C4 new tool,hold,calver (no semantic signal),,
everything,2025.11.25,2026.1.14,2026-01-14,trigger-long-running-operation,TOOL_ADDED,,C4 new tool,hold,calver (no semantic signal),,
everything,2025.11.25,2026.1.14,2026-01-14,add,TOOL_REMOVED,,C5 tool removed,log,calver (no semantic signal),,
everything,2025.11.25,2026.1.14,2026-01-14,annotatedMessage,TOOL_REMOVED,,C5 tool removed,log,calver (no semantic signal),,
everything,2025.11.25,2026.1.14,2026-01-14,getResourceLinks,TOOL_REMOVED,,C5 tool removed,log,calver (no semantic signal),,
everything,2025.11.25,2026.1.14,2026-01-14,getResourceReference,TOOL_REMOVED,,C5 tool removed,log,calver (no semantic signal),,
everything,2025.11.25,2026.1.14,2026-01-14,getTinyImage,TOOL_REMOVED,,C5 tool removed,log,calver (no semantic signal),,
everything,2025.11.25,2026.1.14,2026-01-14,longRunningOperation,TOOL_REMOVED,,C5 tool removed,log,calver (no semantic signal),,
everything,2025.11.25,2026.1.14,2026-01-14,printEnv,TOOL_REMOVED,,C5 tool removed,log,calver (no semantic signal),,
everything,2025.11.25,2026.1.14,2026-01-14,sampleLLM,TOOL_REMOVED,,C5 tool removed,log,calver (no semantic signal),,
everything,2025.11.25,2026.1.14,2026-01-14,structuredContent,TOOL_REMOVED,,C5 tool removed,log,calver (no semantic signal),,
everything,2025.11.25,2026.1.14,2026-01-14,zip,TOOL_REMOVED,,C5 tool removed,log,calver (no semantic signal),,
everything,2025.11.25,2026.1.14,2026-01-14,echo,DESC_REWORD,similarity 0.86,C1 cosmetic (review),log,calver (no semantic signal),,
everything,2026.1.14,2026.7.4,2026-07-04,simulate-research-query,TOOL_ADDED,,C4 new tool,hold,calver (no semantic signal),,
everything,2026.1.14,2026.7.4,2026-07-04,echo,SCHEMA_SERIALIZATION,$schema/additionalProperties only,C0 serialization noise,log,calver (no semantic signal),,
everything,2026.1.14,2026.7.4,2026-07-04,echo,HINT_INTRODUCED,readOnlyHint: False->True (safer),C3b risk hint introduced,hold,calver (no semantic signal),,
everything,2026.1.14,2026.7.4,2026-07-04,echo,HINT_INTRODUCED,destructiveHint: True->False (safer),C3b risk hint introduced,hold,calver (no semantic signal),,
everything,2026.1.14,2026.7.4,2026-07-04,echo,HINT_INTRODUCED,idempotentHint: False->True (safer),C3b risk hint introduced,hold,calver (no semantic signal),,
everything,2026.1.14,2026.7.4,2026-07-04,echo,HINT_INTRODUCED,openWorldHint: True->False (safer),C3b risk hint introduced,hold,calver (no semantic signal),,
everything,2026.1.14,2026.7.4,2026-07-04,get-annotated-message,SCHEMA_SERIALIZATION,$schema/additionalProperties only,C0 serialization noise,log,calver (no semantic signal),,
everything,2026.1.14,2026.7.4,2026-07-04,get-annotated-message,HINT_INTRODUCED,readOnlyHint: False->True (safer),C3b risk hint introduced,hold,calver (no semantic signal),,
everything,2026.1.14,2026.7.4,2026-07-04,get-annotated-message,HINT_INTRODUCED,destructiveHint: True->False (safer),C3b risk hint introduced,hold,calver (no semantic signal),,
everything,2026.1.14,2026.7.4,2026-07-04,get-annotated-message,HINT_INTRODUCED,idempotentHint: False->True (safer),C3b risk hint introduced,hold,calver (no semantic signal),,
everything,2026.1.14,2026.7.4,2026-07-04,get-annotated-message,HINT_INTRODUCED,openWorldHint: True->False (safer),C3b risk hint introduced,hold,calver (no semantic signal),,
everything,2026.1.14,2026.7.4,2026-07-04,get-env,HINT_INTRODUCED,readOnlyHint: False->True (safer),C3b risk hint introduced,hold,calver (no semantic signal),,
everything,2026.1.14,2026.7.4,2026-07-04,get-env,HINT_INTRODUCED,destructiveHint: True->False (safer),C3b risk hint introduced,hold,calver (no semantic signal),,
everything,2026.1.14,2026.7.4,2026-07-04,get-env,HINT_INTRODUCED,idempotentHint: False->True (safer),C3b risk hint introduced,hold,calver (no semantic signal),,
everything,2026.1.14,2026.7.4,2026-07-04,get-env,HINT_INTRODUCED,openWorldHint: True->False (safer),C3b risk hint introduced,hold,calver (no semantic signal),,
everything,2026.1.14,2026.7.4,2026-07-04,get-resource-links,SCHEMA_SERIALIZATION,$schema/additionalProperties only,C0 serialization noise,log,calver (no semantic signal),,
everything,2026.1.14,2026.7.4,2026-07-04,get-resource-links,HINT_INTRODUCED,readOnlyHint: False->True (safer),C3b risk hint introduced,hold,calver (no semantic signal),,
everything,2026.1.14,2026.7.4,2026-07-04,get-resource-links,HINT_INTRODUCED,destructiveHint: True->False (safer),C3b risk hint introduced,hold,calver (no semantic signal),,
everything,2026.1.14,2026.7.4,2026-07-04,get-resource-links,HINT_INTRODUCED,idempotentHint: False->True (safer),C3b risk hint introduced,hold,calver (no semantic signal),,
everything,2026.1.14,2026.7.4,2026-07-04,get-resource-links,HINT_INTRODUCED,openWorldHint: True->False (safer),C3b risk hint introduced,hold,calver (no semantic signal),,
everything,2026.1.14,2026.7.4,2026-07-04,get-resource-reference,SCHEMA_SERIALIZATION,$schema/additionalProperties only,C0 serialization noise,log,calver (no semantic signal),,
everything,2026.1.14,2026.7.4,2026-07-04,get-resource-reference,HINT_INTRODUCED,readOnlyHint: False->True (safer),C3b risk hint introduced,hold,calver (no semantic signal),,
everything,2026.1.14,2026.7.4,2026-07-04,get-resource-reference,HINT_INTRODUCED,destructiveHint: True->False (safer),C3b risk hint introduced,hold,calver (no semantic signal),,
everything,2026.1.14,2026.7.4,2026-07-04,get-resource-reference,HINT_INTRODUCED,idempotentHint: False->True (safer),C3b risk hint introduced,hold,calver (no semantic signal),,
everything,2026.1.14,2026.7.4,2026-07-04,get-resource-reference,HINT_INTRODUCED,openWorldHint: True->False (safer),C3b risk hint introduced,hold,calver (no semantic signal),,
everything,2026.1.14,2026.7.4,2026-07-04,get-structured-content,SCHEMA_SERIALIZATION,$schema/additionalProperties only,C0 serialization noise,log,calver (no semantic signal),,
everything,2026.1.14,2026.7.4,2026-07-04,get-structured-content,HINT_INTRODUCED,readOnlyHint: False->True (safer),C3b risk hint introduced,hold,calver (no semantic signal),,
everything,2026.1.14,2026.7.4,2026-07-04,get-structured-content,HINT_INTRODUCED,destructiveHint: True->False (safer),C3b risk hint introduced,hold,calver (no semantic signal),,
everything,2026.1.14,2026.7.4,2026-07-04,get-structured-content,HINT_INTRODUCED,idempotentHint: False->True (safer),C3b risk hint introduced,hold,calver (no semantic signal),,
everything,2026.1.14,2026.7.4,2026-07-04,get-structured-content,HINT_INTRODUCED,openWorldHint: True->False (safer),C3b risk hint introduced,hold,calver (no semantic signal),,
everything,2026.1.14,2026.7.4,2026-07-04,get-sum,SCHEMA_SERIALIZATION,$schema/additionalProperties only,C0 serialization noise,log,calver (no semantic signal),,
everything,2026.1.14,2026.7.4,2026-07-04,get-sum,HINT_INTRODUCED,readOnlyHint: False->True (safer),C3b risk hint introduced,hold,calver (no semantic signal),,
everything,2026.1.14,2026.7.4,2026-07-04,get-sum,HINT_INTRODUCED,destructiveHint: True->False (safer),C3b risk hint introduced,hold,calver (no semantic signal),,
everything,2026.1.14,2026.7.4,2026-07-04,get-sum,HINT_INTRODUCED,idempotentHint: False->True (safer),C3b risk hint introduced,hold,calver (no semantic signal),,
everything,2026.1.14,2026.7.4,2026-07-04,get-sum,HINT_INTRODUCED,openWorldHint: True->False (safer),C3b risk hint introduced,hold,calver (no semantic signal),,
everything,2026.1.14,2026.7.4,2026-07-04,get-tiny-image,HINT_INTRODUCED,readOnlyHint: False->True (safer),C3b risk hint introduced,hold,calver (no semantic signal),,
everything,2026.1.14,2026.7.4,2026-07-04,get-tiny-image,HINT_INTRODUCED,destructiveHint: True->False (safer),C3b risk hint introduced,hold,calver (no semantic signal),,
everything,2026.1.14,2026.7.4,2026-07-04,get-tiny-image,HINT_INTRODUCED,idempotentHint: False->True (safer),C3b risk hint introduced,hold,calver (no semantic signal),,
everything,2026.1.14,2026.7.4,2026-07-04,get-tiny-image,HINT_INTRODUCED,openWorldHint: True->False (safer),C3b risk hint introduced,hold,calver (no semantic signal),,
everything,2026.1.14,2026.7.4,2026-07-04,gzip-file-as-resource,SCHEMA_SERIALIZATION,$schema/additionalProperties only,C0 serialization noise,log,calver (no semantic signal),,
everything,2026.1.14,2026.7.4,2026-07-04,gzip-file-as-resource,HINT_DECLARED_SAME_VALUE,readOnlyHint: declared at default value False,C1 cosmetic,log,calver (no semantic signal),,
everything,2026.1.14,2026.7.4,2026-07-04,gzip-file-as-resource,HINT_INTRODUCED,destructiveHint: True->False (safer),C3b risk hint introduced,hold,calver (no semantic signal),,
everything,2026.1.14,2026.7.4,2026-07-04,gzip-file-as-resource,HINT_INTRODUCED,idempotentHint: False->True (safer),C3b risk hint introduced,hold,calver (no semantic signal),,
everything,2026.1.14,2026.7.4,2026-07-04,gzip-file-as-resource,HINT_DECLARED_SAME_VALUE,openWorldHint: declared at default value True,C1 cosmetic,log,calver (no semantic signal),,
everything,2026.1.14,2026.7.4,2026-07-04,toggle-simulated-logging,HINT_DECLARED_SAME_VALUE,readOnlyHint: declared at default value False,C1 cosmetic,log,calver (no semantic signal),,
everything,2026.1.14,2026.7.4,2026-07-04,toggle-simulated-logging,HINT_INTRODUCED,destructiveHint: True->False (safer),C3b risk hint introduced,hold,calver (no semantic signal),,
everything,2026.1.14,2026.7.4,2026-07-04,toggle-simulated-logging,HINT_DECLARED_SAME_VALUE,idempotentHint: declared at default value False,C1 cosmetic,log,calver (no semantic signal),,
everything,2026.1.14,2026.7.4,2026-07-04,toggle-simulated-logging,HINT_INTRODUCED,openWorldHint: True->False (safer),C3b risk hint introduced,hold,calver (no semantic signal),,
everything,2026.1.14,2026.7.4,2026-07-04,toggle-subscriber-updates,HINT_DECLARED_SAME_VALUE,readOnlyHint: declared at default value False,C1 cosmetic,log,calver (no semantic signal),,
everything,2026.1.14,2026.7.4,2026-07-04,toggle-subscriber-updates,HINT_INTRODUCED,destructiveHint: True->False (safer),C3b risk hint introduced,hold,calver (no semantic signal),,
everything,2026.1.14,2026.7.4,2026-07-04,toggle-subscriber-updates,HINT_DECLARED_SAME_VALUE,idempotentHint: declared at default value False,C1 cosmetic,log,calver (no semantic signal),,
everything,2026.1.14,2026.7.4,2026-07-04,toggle-subscriber-updates,HINT_INTRODUCED,openWorldHint: True->False (safer),C3b risk hint introduced,hold,calver (no semantic signal),,
everything,2026.1.14,2026.7.4,2026-07-04,trigger-long-running-operation,SCHEMA_SERIALIZATION,$schema/additionalProperties only,C0 serialization noise,log,calver (no semantic signal),,
everything,2026.1.14,2026.7.4,2026-07-04,trigger-long-running-operation,HINT_INTRODUCED,readOnlyHint: False->True (safer),C3b risk hint introduced,hold,calver (no semantic signal),,
everything,2026.1.14,2026.7.4,2026-07-04,trigger-long-running-operation,HINT_INTRODUCED,destructiveHint: True->False (safer),C3b risk hint introduced,hold,calver (no semantic signal),,
everything,2026.1.14,2026.7.4,2026-07-04,trigger-long-running-operation,HINT_INTRODUCED,idempotentHint: False->True (safer),C3b risk hint introduced,hold,calver (no semantic signal),,
everything,2026.1.14,2026.7.4,2026-07-04,trigger-long-running-operation,HINT_INTRODUCED,openWorldHint: True->False (safer),C3b risk hint introduced,hold,calver (no semantic signal),,
sequential-thinking,2025.7.1,2025.11.25,2025-11-25,sequentialthinking,DESC_REWORD,similarity 0.82,C1 cosmetic (review),log,calver (no semantic signal),,
sequential-thinking,2025.7.1,2025.11.25,2025-11-25,sequentialthinking,SCHEMA_CONSTRAINT,types/enums/defaults/limits changed,C2b contract change,hold,calver (no semantic signal),,
sequential-thinking,2025.11.25,2025.12.18,2025-12-18,sequentialthinking,DESC_REWORD,similarity 1.00,C1 cosmetic (review),log,calver (no semantic signal),,
sequential-thinking,2025.12.18,2026.7.4,2026-07-04,sequentialthinking,SCHEMA_REQUIRED_CHANGED,+[] -['nextThoughtNeeded'],C2b contract change,hold,calver (no semantic signal),,
sequential-thinking,2025.12.18,2026.7.4,2026-07-04,sequentialthinking,HINT_INTRODUCED,readOnlyHint: False->True (safer),C3b risk hint introduced,hold,calver (no semantic signal),,
sequential-thinking,2025.12.18,2026.7.4,2026-07-04,sequentialthinking,HINT_INTRODUCED,destructiveHint: True->False (safer),C3b risk hint introduced,hold,calver (no semantic signal),,
sequential-thinking,2025.12.18,2026.7.4,2026-07-04,sequentialthinking,HINT_INTRODUCED,idempotentHint: False->True (safer),C3b risk hint introduced,hold,calver (no semantic signal),,
sequential-thinking,2025.12.18,2026.7.4,2026-07-04,sequentialthinking,HINT_INTRODUCED,openWorldHint: True->False (safer),C3b risk hint introduced,hold,calver (no semantic signal),,
sequential-thinking,2026.7.4,2026.8.31,2026-08-31,sequentialthinking,SCHEMA_REQUIRED_CHANGED,+['nextThoughtNeeded'] -[],C2b contract change,hold,calver (no semantic signal),,
git,2025.7.1,2025.9.25,2025-09-25,git_init,TOOL_REMOVED,,C5 tool removed,log,calver (no semantic signal),,
git,2025.7.1,2025.9.25,2025-09-25,git_log,SCHEMA_PARAM_ADDED,"end_timestamp,start_timestamp",C2 capability expansion,hold,calver (no semantic signal),,
git,2026.1.14,2026.6.4,2026-06-04,git_add,HINT_DECLARED_SAME_VALUE,readOnlyHint: declared at default value False,C1 cosmetic,log,calver (no semantic signal),,
git,2026.1.14,2026.6.4,2026-06-04,git_add,HINT_INTRODUCED,destructiveHint: True->False (safer),C3b risk hint introduced,hold,calver (no semantic signal),,
git,2026.1.14,2026.6.4,2026-06-04,git_add,HINT_INTRODUCED,idempotentHint: False->True (safer),C3b risk hint introduced,hold,calver (no semantic signal),,
git,2026.1.14,2026.6.4,2026-06-04,git_add,HINT_INTRODUCED,openWorldHint: True->False (safer),C3b risk hint introduced,hold,calver (no semantic signal),,
git,2026.1.14,2026.6.4,2026-06-04,git_branch,HINT_INTRODUCED,readOnlyHint: False->True (safer),C3b risk hint introduced,hold,calver (no semantic signal),,
git,2026.1.14,2026.6.4,2026-06-04,git_branch,HINT_INTRODUCED,destructiveHint: True->False (safer),C3b risk hint introduced,hold,calver (no semantic signal),,
git,2026.1.14,2026.6.4,2026-06-04,git_branch,HINT_INTRODUCED,idempotentHint: False->True (safer),C3b risk hint introduced,hold,calver (no semantic signal),,
git,2026.1.14,2026.6.4,2026-06-04,git_branch,HINT_INTRODUCED,openWorldHint: True->False (safer),C3b risk hint introduced,hold,calver (no semantic signal),,
git,2026.1.14,2026.6.4,2026-06-04,git_checkout,HINT_DECLARED_SAME_VALUE,readOnlyHint: declared at default value False,C1 cosmetic,log,calver (no semantic signal),,
git,2026.1.14,2026.6.4,2026-06-04,git_checkout,HINT_INTRODUCED,destructiveHint: True->False (safer),C3b risk hint introduced,hold,calver (no semantic signal),,
git,2026.1.14,2026.6.4,2026-06-04,git_checkout,HINT_DECLARED_SAME_VALUE,idempotentHint: declared at default value False,C1 cosmetic,log,calver (no semantic signal),,
git,2026.1.14,2026.6.4,2026-06-04,git_checkout,HINT_INTRODUCED,openWorldHint: True->False (safer),C3b risk hint introduced,hold,calver (no semantic signal),,
git,2026.1.14,2026.6.4,2026-06-04,git_commit,HINT_DECLARED_SAME_VALUE,readOnlyHint: declared at default value False,C1 cosmetic,log,calver (no semantic signal),,
git,2026.1.14,2026.6.4,2026-06-04,git_commit,HINT_INTRODUCED,destructiveHint: True->False (safer),C3b risk hint introduced,hold,calver (no semantic signal),,
git,2026.1.14,2026.6.4,2026-06-04,git_commit,HINT_DECLARED_SAME_VALUE,idempotentHint: declared at default value False,C1 cosmetic,log,calver (no semantic signal),,
git,2026.1.14,2026.6.4,2026-06-04,git_commit,HINT_INTRODUCED,openWorldHint: True->False (safer),C3b risk hint introduced,hold,calver (no semantic signal),,
git,2026.1.14,2026.6.4,2026-06-04,git_create_branch,HINT_DECLARED_SAME_VALUE,readOnlyHint: declared at default value False,C1 cosmetic,log,calver (no semantic signal),,
git,2026.1.14,2026.6.4,2026-06-04,git_create_branch,HINT_INTRODUCED,destructiveHint: True->False (safer),C3b risk hint introduced,hold,calver (no semantic signal),,
git,2026.1.14,2026.6.4,2026-06-04,git_create_branch,HINT_DECLARED_SAME_VALUE,idempotentHint: declared at default value False,C1 cosmetic,log,calver (no semantic signal),,
git,2026.1.14,2026.6.4,2026-06-04,git_create_branch,HINT_INTRODUCED,openWorldHint: True->False (safer),C3b risk hint introduced,hold,calver (no semantic signal),,
git,2026.1.14,2026.6.4,2026-06-04,git_diff,HINT_INTRODUCED,readOnlyHint: False->True (safer),C3b risk hint introduced,hold,calver (no semantic signal),,
git,2026.1.14,2026.6.4,2026-06-04,git_diff,HINT_INTRODUCED,destructiveHint: True->False (safer),C3b risk hint introduced,hold,calver (no semantic signal),,
git,2026.1.14,2026.6.4,2026-06-04,git_diff,HINT_INTRODUCED,idempotentHint: False->True (safer),C3b risk hint introduced,hold,calver (no semantic signal),,
git,2026.1.14,2026.6.4,2026-06-04,git_diff,HINT_INTRODUCED,openWorldHint: True->False (safer),C3b risk hint introduced,hold,calver (no semantic signal),,
git,2026.1.14,2026.6.4,2026-06-04,git_diff_staged,HINT_INTRODUCED,readOnlyHint: False->True (safer),C3b risk hint introduced,hold,calver (no semantic signal),,
git,2026.1.14,2026.6.4,2026-06-04,git_diff_staged,HINT_INTRODUCED,destructiveHint: True->False (safer),C3b risk hint introduced,hold,calver (no semantic signal),,
git,2026.1.14,2026.6.4,2026-06-04,git_diff_staged,HINT_INTRODUCED,idempotentHint: False->True (safer),C3b risk hint introduced,hold,calver (no semantic signal),,
git,2026.1.14,2026.6.4,2026-06-04,git_diff_staged,HINT_INTRODUCED,openWorldHint: True->False (safer),C3b risk hint introduced,hold,calver (no semantic signal),,
git,2026.1.14,2026.6.4,2026-06-04,git_diff_unstaged,HINT_INTRODUCED,readOnlyHint: False->True (safer),C3b risk hint introduced,hold,calver (no semantic signal),,
git,2026.1.14,2026.6.4,2026-06-04,git_diff_unstaged,HINT_INTRODUCED,destructiveHint: True->False (safer),C3b risk hint introduced,hold,calver (no semantic signal),,
git,2026.1.14,2026.6.4,2026-06-04,git_diff_unstaged,HINT_INTRODUCED,idempotentHint: False->True (safer),C3b risk hint introduced,hold,calver (no semantic signal),,
git,2026.1.14,2026.6.4,2026-06-04,git_diff_unstaged,HINT_INTRODUCED,openWorldHint: True->False (safer),C3b risk hint introduced,hold,calver (no semantic signal),,
git,2026.1.14,2026.6.4,2026-06-04,git_log,HINT_INTRODUCED,readOnlyHint: False->True (safer),C3b risk hint introduced,hold,calver (no semantic signal),,
git,2026.1.14,2026.6.4,2026-06-04,git_log,HINT_INTRODUCED,destructiveHint: True->False (safer),C3b risk hint introduced,hold,calver (no semantic signal),,
git,2026.1.14,2026.6.4,2026-06-04,git_log,HINT_INTRODUCED,idempotentHint: False->True (safer),C3b risk hint introduced,hold,calver (no semantic signal),,
git,2026.1.14,2026.6.4,2026-06-04,git_log,HINT_INTRODUCED,openWorldHint: True->False (safer),C3b risk hint introduced,hold,calver (no semantic signal),,
git,2026.1.14,2026.6.4,2026-06-04,git_reset,HINT_DECLARED_SAME_VALUE,readOnlyHint: declared at default value False,C1 cosmetic,log,calver (no semantic signal),,
git,2026.1.14,2026.6.4,2026-06-04,git_reset,HINT_DECLARED_SAME_VALUE,destructiveHint: declared at default value True,C1 cosmetic,log,calver (no semantic signal),,
git,2026.1.14,2026.6.4,2026-06-04,git_reset,HINT_INTRODUCED,idempotentHint: False->True (safer),C3b risk hint introduced,hold,calver (no semantic signal),,
git,2026.1.14,2026.6.4,2026-06-04,git_reset,HINT_INTRODUCED,openWorldHint: True->False (safer),C3b risk hint introduced,hold,calver (no semantic signal),,
git,2026.1.14,2026.6.4,2026-06-04,git_show,HINT_INTRODUCED,readOnlyHint: False->True (safer),C3b risk hint introduced,hold,calver (no semantic signal),,
git,2026.1.14,2026.6.4,2026-06-04,git_show,HINT_INTRODUCED,destructiveHint: True->False (safer),C3b risk hint introduced,hold,calver (no semantic signal),,
git,2026.1.14,2026.6.4,2026-06-04,git_show,HINT_INTRODUCED,idempotentHint: False->True (safer),C3b risk hint introduced,hold,calver (no semantic signal),,
git,2026.1.14,2026.6.4,2026-06-04,git_show,HINT_INTRODUCED,openWorldHint: True->False (safer),C3b risk hint introduced,hold,calver (no semantic signal),,
git,2026.1.14,2026.6.4,2026-06-04,git_status,HINT_INTRODUCED,readOnlyHint: False->True (safer),C3b risk hint introduced,hold,calver (no semantic signal),,
git,2026.1.14,2026.6.4,2026-06-04,git_status,HINT_INTRODUCED,destructiveHint: True->False (safer),C3b risk hint introduced,hold,calver (no semantic signal),,
git,2026.1.14,2026.6.4,2026-06-04,git_status,HINT_INTRODUCED,idempotentHint: False->True (safer),C3b risk hint introduced,hold,calver (no semantic signal),,
git,2026.1.14,2026.6.4,2026-06-04,git_status,HINT_INTRODUCED,openWorldHint: True->False (safer),C3b risk hint introduced,hold,calver (no semantic signal),,
time,2026.1.26,2026.6.4,2026-06-04,convert_time,HINT_INTRODUCED,readOnlyHint: False->True (safer),C3b risk hint introduced,hold,calver (no semantic signal),,
time,2026.1.26,2026.6.4,2026-06-04,convert_time,HINT_INTRODUCED,destructiveHint: True->False (safer),C3b risk hint introduced,hold,calver (no semantic signal),,
time,2026.1.26,2026.6.4,2026-06-04,convert_time,HINT_INTRODUCED,idempotentHint: False->True (safer),C3b risk hint introduced,hold,calver (no semantic signal),,
time,2026.1.26,2026.6.4,2026-06-04,convert_time,HINT_INTRODUCED,openWorldHint: True->False (safer),C3b risk hint introduced,hold,calver (no semantic signal),,
time,2026.1.26,2026.6.4,2026-06-04,get_current_time,DESC_REWORD,similarity 0.99,C1 cosmetic (review),log,calver (no semantic signal),,
time,2026.1.26,2026.6.4,2026-06-04,get_current_time,HINT_INTRODUCED,readOnlyHint: False->True (safer),C3b risk hint introduced,hold,calver (no semantic signal),,
time,2026.1.26,2026.6.4,2026-06-04,get_current_time,HINT_INTRODUCED,destructiveHint: True->False (safer),C3b risk hint introduced,hold,calver (no semantic signal),,
time,2026.1.26,2026.6.4,2026-06-04,get_current_time,HINT_INTRODUCED,idempotentHint: False->True (safer),C3b risk hint introduced,hold,calver (no semantic signal),,
time,2026.1.26,2026.6.4,2026-06-04,get_current_time,HINT_INTRODUCED,openWorldHint: True->False (safer),C3b risk hint introduced,hold,calver (no semantic signal),,
azure,0.0.8,0.0.16,2025-05-13,azmcp-bestpractices-get,TOOL_ADDED,,C4 new tool,hold,patch,,
azure,0.0.8,0.0.16,2025-05-13,azmcp-keyvault-key-create,TOOL_ADDED,,C4 new tool,hold,patch,,
azure,0.0.8,0.0.16,2025-05-13,azmcp-keyvault-key-get,TOOL_ADDED,,C4 new tool,hold,patch,,
azure,0.0.8,0.0.16,2025-05-13,azmcp-keyvault-key-list,TOOL_ADDED,,C4 new tool,hold,patch,,
azure,0.0.8,0.0.16,2025-05-13,azmcp-kusto-cluster-get,TOOL_ADDED,,C4 new tool,hold,patch,,
azure,0.0.8,0.0.16,2025-05-13,azmcp-kusto-cluster-list,TOOL_ADDED,,C4 new tool,hold,patch,,
azure,0.0.8,0.0.16,2025-05-13,azmcp-kusto-database-list,TOOL_ADDED,,C4 new tool,hold,patch,,
azure,0.0.8,0.0.16,2025-05-13,azmcp-kusto-query,TOOL_ADDED,,C4 new tool,hold,patch,,
azure,0.0.8,0.0.16,2025-05-13,azmcp-kusto-sample,TOOL_ADDED,,C4 new tool,hold,patch,,
azure,0.0.8,0.0.16,2025-05-13,azmcp-kusto-table-list,TOOL_ADDED,,C4 new tool,hold,patch,,
azure,0.0.8,0.0.16,2025-05-13,azmcp-kusto-table-schema,TOOL_ADDED,,C4 new tool,hold,patch,,
azure,0.0.8,0.0.16,2025-05-13,azmcp-monitor-table-type-list,TOOL_ADDED,,C4 new tool,hold,patch,,
azure,0.0.8,0.0.16,2025-05-13,azmcp-postgres-database-list,TOOL_ADDED,,C4 new tool,hold,patch,,
azure,0.0.8,0.0.16,2025-05-13,azmcp-postgres-database-query,TOOL_ADDED,,C4 new tool,hold,patch,,
azure,0.0.8,0.0.16,2025-05-13,azmcp-postgres-server-config,TOOL_ADDED,,C4 new tool,hold,patch,,
azure,0.0.8,0.0.16,2025-05-13,azmcp-postgres-server-list,TOOL_ADDED,,C4 new tool,hold,patch,,
azure,0.0.8,0.0.16,2025-05-13,azmcp-postgres-server-param,TOOL_ADDED,,C4 new tool,hold,patch,,
azure,0.0.8,0.0.16,2025-05-13,azmcp-postgres-table-list,TOOL_ADDED,,C4 new tool,hold,patch,,
azure,0.0.8,0.0.16,2025-05-13,azmcp-postgres-table-schema,TOOL_ADDED,,C4 new tool,hold,patch,,
azure,0.0.8,0.0.16,2025-05-13,azmcp-search-index-describe,TOOL_ADDED,,C4 new tool,hold,patch,,
azure,0.0.8,0.0.16,2025-05-13,azmcp-search-index-list,TOOL_ADDED,,C4 new tool,hold,patch,,
azure,0.0.8,0.0.16,2025-05-13,azmcp-search-index-query,TOOL_ADDED,,C4 new tool,hold,patch,,
azure,0.0.8,0.0.16,2025-05-13,azmcp-search-service-list,TOOL_ADDED,,C4 new tool,hold,patch,,
azure,0.0.8,0.0.16,2025-05-13,azmcp-servicebus-queue-details,TOOL_ADDED,,C4 new tool,hold,patch,,
azure,0.0.8,0.0.16,2025-05-13,azmcp-servicebus-queue-peek,TOOL_ADDED,,C4 new tool,hold,patch,,
azure,0.0.8,0.0.16,2025-05-13,azmcp-servicebus-topic-details,TOOL_ADDED,,C4 new tool,hold,patch,,
azure,0.0.8,0.0.16,2025-05-13,azmcp-servicebus-topic-subscription-details,TOOL_ADDED,,C4 new tool,hold,patch,,
azure,0.0.8,0.0.16,2025-05-13,azmcp-servicebus-topic-subscription-peek,TOOL_ADDED,,C4 new tool,hold,patch,,
azure,0.0.8,0.0.16,2025-05-13,azmcp-appconfig-kv-delete,DESC_FORMAT,whitespace/punctuation only,C0 serialization noise,log,patch,,
azure,0.0.8,0.0.16,2025-05-13,azmcp-appconfig-kv-list,DESC_FORMAT,whitespace/punctuation only,C0 serialization noise,log,patch,,
azure,0.0.8,0.0.16,2025-05-13,azmcp-appconfig-kv-lock,DESC_FORMAT,whitespace/punctuation only,C0 serialization noise,log,patch,,
azure,0.0.8,0.0.16,2025-05-13,azmcp-appconfig-kv-set,DESC_FORMAT,whitespace/punctuation only,C0 serialization noise,log,patch,,
azure,0.0.8,0.0.16,2025-05-13,azmcp-appconfig-kv-show,DESC_FORMAT,whitespace/punctuation only,C0 serialization noise,log,patch,,
azure,0.0.8,0.0.16,2025-05-13,azmcp-appconfig-kv-unlock,DESC_FORMAT,whitespace/punctuation only,C0 serialization noise,log,patch,,
azure,0.0.8,0.0.16,2025-05-13,azmcp-cosmos-account-list,DESC_FORMAT,whitespace/punctuation only,C0 serialization noise,log,patch,,
azure,0.0.8,0.0.16,2025-05-13,azmcp-cosmos-database-container-item-query,DESC_FORMAT,whitespace/punctuation only,C0 serialization noise,log,patch,,
azure,0.0.8,0.0.16,2025-05-13,azmcp-cosmos-database-container-list,DESC_FORMAT,whitespace/punctuation only,C0 serialization noise,log,patch,,
azure,0.0.8,0.0.16,2025-05-13,azmcp-cosmos-database-list,DESC_FORMAT,whitespace/punctuation only,C0 serialization noise,log,patch,,
azure,0.0.8,0.0.16,2025-05-13,azmcp-monitor-log-query,DESC_FORMAT,whitespace/punctuation only,C0 serialization noise,log,patch,,
azure,0.0.8,0.0.16,2025-05-13,azmcp-monitor-workspace-list,DESC_FORMAT,whitespace/punctuation only,C0 serialization noise,log,patch,,
azure,0.0.8,0.0.16,2025-05-13,azmcp-storage-account-list,DESC_FORMAT,whitespace/punctuation only,C0 serialization noise,log,patch,,
azure,0.0.8,0.0.16,2025-05-13,azmcp-storage-blob-list,DESC_FORMAT,whitespace/punctuation only,C0 serialization noise,log,patch,,
azure,0.0.16,0.1.2,2025-06-03,azmcp-monitor-healthmodels-entity-gethealth,TOOL_ADDED,,C4 new tool,hold,minor on 0.x (breaking by convention),,
azure,0.0.16,0.1.2,2025-06-03,azmcp-redis-cache-accesspolicy-list,TOOL_ADDED,,C4 new tool,hold,minor on 0.x (breaking by convention),,
azure,0.0.16,0.1.2,2025-06-03,azmcp-redis-cache-list,TOOL_ADDED,,C4 new tool,hold,minor on 0.x (breaking by convention),,
azure,0.0.16,0.1.2,2025-06-03,azmcp-redis-cluster-database-list,TOOL_ADDED,,C4 new tool,hold,minor on 0.x (breaking by convention),,
azure,0.0.16,0.1.2,2025-06-03,azmcp-redis-cluster-list,TOOL_ADDED,,C4 new tool,hold,minor on 0.x (breaking by convention),,
azure,0.0.16,0.1.2,2025-06-03,azmcp-servicebus-queue-peek,TOOL_REMOVED,,C5 tool removed,log,minor on 0.x (breaking by convention),,
azure,0.0.16,0.1.2,2025-06-03,azmcp-servicebus-topic-subscription-peek,TOOL_REMOVED,,C5 tool removed,log,minor on 0.x (breaking by convention),,
azure,0.0.16,0.1.2,2025-06-03,azmcp-appconfig-account-list,SCHEMA_CONSTRAINT,types/enums/defaults/limits changed,C2b contract change,hold,minor on 0.x (breaking by convention),,
azure,0.0.16,0.1.2,2025-06-03,azmcp-appconfig-kv-delete,SCHEMA_CONSTRAINT,types/enums/defaults/limits changed,C2b contract change,hold,minor on 0.x (breaking by convention),,
azure,0.0.16,0.1.2,2025-06-03,azmcp-appconfig-kv-list,SCHEMA_CONSTRAINT,types/enums/defaults/limits changed,C2b contract change,hold,minor on 0.x (breaking by convention),,
azure,0.0.16,0.1.2,2025-06-03,azmcp-appconfig-kv-lock,SCHEMA_CONSTRAINT,types/enums/defaults/limits changed,C2b contract change,hold,minor on 0.x (breaking by convention),,
azure,0.0.16,0.1.2,2025-06-03,azmcp-appconfig-kv-set,SCHEMA_CONSTRAINT,types/enums/defaults/limits changed,C2b contract change,hold,minor on 0.x (breaking by convention),,
azure,0.0.16,0.1.2,2025-06-03,azmcp-appconfig-kv-show,SCHEMA_CONSTRAINT,types/enums/defaults/limits changed,C2b contract change,hold,minor on 0.x (breaking by convention),,
azure,0.0.16,0.1.2,2025-06-03,azmcp-appconfig-kv-unlock,SCHEMA_CONSTRAINT,types/enums/defaults/limits changed,C2b contract change,hold,minor on 0.x (breaking by convention),,
azure,0.0.16,0.1.2,2025-06-03,azmcp-cosmos-account-list,SCHEMA_CONSTRAINT,types/enums/defaults/limits changed,C2b contract change,hold,minor on 0.x (breaking by convention),,
azure,0.0.16,0.1.2,2025-06-03,azmcp-cosmos-database-container-item-query,SCHEMA_CONSTRAINT,types/enums/defaults/limits changed,C2b contract change,hold,minor on 0.x (breaking by convention),,
azure,0.0.16,0.1.2,2025-06-03,azmcp-cosmos-database-container-list,SCHEMA_CONSTRAINT,types/enums/defaults/limits changed,C2b contract change,hold,minor on 0.x (breaking by convention),,
azure,0.0.16,0.1.2,2025-06-03,azmcp-cosmos-database-list,SCHEMA_CONSTRAINT,types/enums/defaults/limits changed,C2b contract change,hold,minor on 0.x (breaking by convention),,
azure,0.0.16,0.1.2,2025-06-03,azmcp-extension-az,SCHEMA_CONSTRAINT,types/enums/defaults/limits changed,C2b contract change,hold,minor on 0.x (breaking by convention),,
azure,0.0.16,0.1.2,2025-06-03,azmcp-extension-azd,DESC_REWORD,similarity 0.07,C1 cosmetic (review),log,minor on 0.x (breaking by convention),,
azure,0.0.16,0.1.2,2025-06-03,azmcp-extension-azd,SCHEMA_PARAM_ADDED,"cwd,environment,learn",C2 capability expansion,hold,minor on 0.x (breaking by convention),,
azure,0.0.16,0.1.2,2025-06-03,azmcp-group-list,SCHEMA_CONSTRAINT,types/enums/defaults/limits changed,C2b contract change,hold,minor on 0.x (breaking by convention),,
azure,0.0.16,0.1.2,2025-06-03,azmcp-keyvault-key-create,SCHEMA_CONSTRAINT,types/enums/defaults/limits changed,C2b contract change,hold,minor on 0.x (breaking by convention),,
azure,0.0.16,0.1.2,2025-06-03,azmcp-keyvault-key-get,SCHEMA_CONSTRAINT,types/enums/defaults/limits changed,C2b contract change,hold,minor on 0.x (breaking by convention),,
azure,0.0.16,0.1.2,2025-06-03,azmcp-keyvault-key-list,SCHEMA_PARAM_ADDED,include-managed,C2 capability expansion,hold,minor on 0.x (breaking by convention),,
azure,0.0.16,0.1.2,2025-06-03,azmcp-kusto-cluster-get,SCHEMA_CONSTRAINT,types/enums/defaults/limits changed,C2b contract change,hold,minor on 0.x (breaking by convention),,
azure,0.0.16,0.1.2,2025-06-03,azmcp-kusto-cluster-list,SCHEMA_CONSTRAINT,types/enums/defaults/limits changed,C2b contract change,hold,minor on 0.x (breaking by convention),,
azure,0.0.16,0.1.2,2025-06-03,azmcp-kusto-database-list,SCHEMA_CONSTRAINT,types/enums/defaults/limits changed,C2b contract change,hold,minor on 0.x (breaking by convention),,
azure,0.0.16,0.1.2,2025-06-03,azmcp-kusto-query,SCHEMA_CONSTRAINT,types/enums/defaults/limits changed,C2b contract change,hold,minor on 0.x (breaking by convention),,
azure,0.0.16,0.1.2,2025-06-03,azmcp-kusto-sample,SCHEMA_PARAM_ADDED,limit,C2 capability expansion,hold,minor on 0.x (breaking by convention),,
azure,0.0.16,0.1.2,2025-06-03,azmcp-kusto-table-list,SCHEMA_CONSTRAINT,types/enums/defaults/limits changed,C2b contract change,hold,minor on 0.x (breaking by convention),,
azure,0.0.16,0.1.2,2025-06-03,azmcp-kusto-table-schema,SCHEMA_CONSTRAINT,types/enums/defaults/limits changed,C2b contract change,hold,minor on 0.x (breaking by convention),,
azure,0.0.16,0.1.2,2025-06-03,azmcp-monitor-log-query,DESC_REWORD,similarity 0.99,C1 cosmetic (review),log,minor on 0.x (breaking by convention),,
azure,0.0.16,0.1.2,2025-06-03,azmcp-monitor-log-query,SCHEMA_REQUIRED_CHANGED,"+['hours', 'limit'] -[]",C2b contract change,hold,minor on 0.x (breaking by convention),,
azure,0.0.16,0.1.2,2025-06-03,azmcp-monitor-table-list,SCHEMA_CONSTRAINT,types/enums/defaults/limits changed,C2b contract change,hold,minor on 0.x (breaking by convention),,
azure,0.0.16,0.1.2,2025-06-03,azmcp-monitor-table-type-list,SCHEMA_PARAM_ADDED,resource-group,C2 capability expansion,hold,minor on 0.x (breaking by convention),,
azure,0.0.16,0.1.2,2025-06-03,azmcp-monitor-workspace-list,SCHEMA_CONSTRAINT,types/enums/defaults/limits changed,C2b contract change,hold,minor on 0.x (breaking by convention),,
azure,0.0.16,0.1.2,2025-06-03,azmcp-postgres-database-list,SCHEMA_CONSTRAINT,types/enums/defaults/limits changed,C2b contract change,hold,minor on 0.x (breaking by convention),,
azure,0.0.16,0.1.2,2025-06-03,azmcp-postgres-database-query,SCHEMA_CONSTRAINT,types/enums/defaults/limits changed,C2b contract change,hold,minor on 0.x (breaking by convention),,
azure,0.0.16,0.1.2,2025-06-03,azmcp-postgres-server-config,SCHEMA_CONSTRAINT,types/enums/defaults/limits changed,C2b contract change,hold,minor on 0.x (breaking by convention),,
azure,0.0.16,0.1.2,2025-06-03,azmcp-postgres-server-list,SCHEMA_CONSTRAINT,types/enums/defaults/limits changed,C2b contract change,hold,minor on 0.x (breaking by convention),,
azure,0.0.16,0.1.2,2025-06-03,azmcp-postgres-server-param,SCHEMA_CONSTRAINT,types/enums/defaults/limits changed,C2b contract change,hold,minor on 0.x (breaking by convention),,
azure,0.0.16,0.1.2,2025-06-03,azmcp-postgres-table-list,SCHEMA_CONSTRAINT,types/enums/defaults/limits changed,C2b contract change,hold,minor on 0.x (breaking by convention),,
azure,0.0.16,0.1.2,2025-06-03,azmcp-postgres-table-schema,SCHEMA_CONSTRAINT,types/enums/defaults/limits changed,C2b contract change,hold,minor on 0.x (breaking by convention),,
azure,0.0.16,0.1.2,2025-06-03,azmcp-search-index-describe,SCHEMA_CONSTRAINT,types/enums/defaults/limits changed,C2b contract change,hold,minor on 0.x (breaking by convention),,
azure,0.0.16,0.1.2,2025-06-03,azmcp-search-index-list,SCHEMA_CONSTRAINT,types/enums/defaults/limits changed,C2b contract change,hold,minor on 0.x (breaking by convention),,
azure,0.0.16,0.1.2,2025-06-03,azmcp-search-index-query,SCHEMA_CONSTRAINT,types/enums/defaults/limits changed,C2b contract change,hold,minor on 0.x (breaking by convention),,
azure,0.0.16,0.1.2,2025-06-03,azmcp-search-service-list,SCHEMA_CONSTRAINT,types/enums/defaults/limits changed,C2b contract change,hold,minor on 0.x (breaking by convention),,
azure,0.0.16,0.1.2,2025-06-03,azmcp-servicebus-queue-details,DESC_REWORD,similarity 0.97,C1 cosmetic (review),log,minor on 0.x (breaking by convention),,
azure,0.0.16,0.1.2,2025-06-03,azmcp-servicebus-queue-details,SCHEMA_CONSTRAINT,types/enums/defaults/limits changed,C2b contract change,hold,minor on 0.x (breaking by convention),,
azure,0.0.16,0.1.2,2025-06-03,azmcp-servicebus-topic-details,DESC_REWORD,similarity 0.97,C1 cosmetic (review),log,minor on 0.x (breaking by convention),,
azure,0.0.16,0.1.2,2025-06-03,azmcp-servicebus-topic-details,SCHEMA_CONSTRAINT,types/enums/defaults/limits changed,C2b contract change,hold,minor on 0.x (breaking by convention),,
azure,0.0.16,0.1.2,2025-06-03,azmcp-servicebus-topic-subscription-details,DESC_REWORD,similarity 0.97,C1 cosmetic (review),log,minor on 0.x (breaking by convention),,
azure,0.0.16,0.1.2,2025-06-03,azmcp-servicebus-topic-subscription-details,SCHEMA_CONSTRAINT,types/enums/defaults/limits changed,C2b contract change,hold,minor on 0.x (breaking by convention),,
azure,0.0.16,0.1.2,2025-06-03,azmcp-storage-account-list,SCHEMA_CONSTRAINT,types/enums/defaults/limits changed,C2b contract change,hold,minor on 0.x (breaking by convention),,
azure,0.0.16,0.1.2,2025-06-03,azmcp-storage-blob-container-details,SCHEMA_CONSTRAINT,types/enums/defaults/limits changed,C2b contract change,hold,minor on 0.x (breaking by convention),,
azure,0.0.16,0.1.2,2025-06-03,azmcp-storage-blob-container-list,SCHEMA_CONSTRAINT,types/enums/defaults/limits changed,C2b contract change,hold,minor on 0.x (breaking by convention),,
azure,0.0.16,0.1.2,2025-06-03,azmcp-storage-blob-list,SCHEMA_CONSTRAINT,types/enums/defaults/limits changed,C2b contract change,hold,minor on 0.x (breaking by convention),,
azure,0.0.16,0.1.2,2025-06-03,azmcp-storage-table-list,SCHEMA_CONSTRAINT,types/enums/defaults/limits changed,C2b contract change,hold,minor on 0.x (breaking by convention),,
azure,0.0.16,0.1.2,2025-06-03,azmcp-subscription-list,SCHEMA_CONSTRAINT,types/enums/defaults/limits changed,C2b contract change,hold,minor on 0.x (breaking by convention),,
azure,0.1.2,0.3.0,2025-07-03,azmcp-bicepschema-get,TOOL_ADDED,,C4 new tool,hold,minor on 0.x (breaking by convention),,
azure,0.1.2,0.3.0,2025-07-03,azmcp-datadog-monitoredresources-list,TOOL_ADDED,,C4 new tool,hold,minor on 0.x (breaking by convention),,
azure,0.1.2,0.3.0,2025-07-03,azmcp-foundry-models-deploy,TOOL_ADDED,,C4 new tool,hold,minor on 0.x (breaking by convention),,
azure,0.1.2,0.3.0,2025-07-03,azmcp-foundry-models-deployments-list,TOOL_ADDED,,C4 new tool,hold,minor on 0.x (breaking by convention),,
azure,0.1.2,0.3.0,2025-07-03,azmcp-foundry-models-list,TOOL_ADDED,,C4 new tool,hold,minor on 0.x (breaking by convention),,
azure,0.1.2,0.3.0,2025-07-03,azmcp-keyvault-secret-get,TOOL_ADDED,,C4 new tool,hold,minor on 0.x (breaking by convention),,
azure,0.1.2,0.3.0,2025-07-03,azmcp-monitor-metrics-definitions,TOOL_ADDED,,C4 new tool,hold,minor on 0.x (breaking by convention),,
azure,0.1.2,0.3.0,2025-07-03,azmcp-monitor-metrics-query,TOOL_ADDED,,C4 new tool,hold,minor on 0.x (breaking by convention),,
azure,0.1.2,0.3.0,2025-07-03,azmcp-monitor-resource-log-query,TOOL_ADDED,,C4 new tool,hold,minor on 0.x (breaking by convention),,
azure,0.1.2,0.3.0,2025-07-03,azmcp-monitor-workspace-log-query,TOOL_ADDED,,C4 new tool,hold,minor on 0.x (breaking by convention),,
azure,0.1.2,0.3.0,2025-07-03,azmcp-postgres-server-setparam,TOOL_ADDED,,C4 new tool,hold,minor on 0.x (breaking by convention),,
azure,0.1.2,0.3.0,2025-07-03,azmcp-role-assignment-list,TOOL_ADDED,,C4 new tool,hold,minor on 0.x (breaking by convention),,
azure,0.1.2,0.3.0,2025-07-03,azmcp-monitor-log-query,TOOL_REMOVED,,C5 tool removed,log,minor on 0.x (breaking by convention),,
azure,0.1.2,0.3.0,2025-07-03,azmcp-appconfig-account-list,HINT_INTRODUCED,readOnlyHint: False->True (safer),C3b risk hint introduced,hold,minor on 0.x (breaking by convention),,
azure,0.1.2,0.3.0,2025-07-03,azmcp-appconfig-account-list,HINT_INTRODUCED,destructiveHint: True->False (safer),C3b risk hint introduced,hold,minor on 0.x (breaking by convention),,
azure,0.1.2,0.3.0,2025-07-03,azmcp-appconfig-account-list,HINT_DECLARED_SAME_VALUE,idempotentHint: declared at default value False,C1 cosmetic,log,minor on 0.x (breaking by convention),,
azure,0.1.2,0.3.0,2025-07-03,azmcp-appconfig-account-list,HINT_DECLARED_SAME_VALUE,openWorldHint: declared at default value True,C1 cosmetic,log,minor on 0.x (breaking by convention),,
azure,0.1.2,0.3.0,2025-07-03,azmcp-appconfig-kv-delete,HINT_DECLARED_SAME_VALUE,readOnlyHint: declared at default value False,C1 cosmetic,log,minor on 0.x (breaking by convention),,
azure,0.1.2,0.3.0,2025-07-03,azmcp-appconfig-kv-delete,HINT_DECLARED_SAME_VALUE,destructiveHint: declared at default value True,C1 cosmetic,log,minor on 0.x (breaking by convention),,
azure,0.1.2,0.3.0,2025-07-03,azmcp-appconfig-kv-delete,HINT_DECLARED_SAME_VALUE,idempotentHint: declared at default value False,C1 cosmetic,log,minor on 0.x (breaking by convention),,
azure,0.1.2,0.3.0,2025-07-03,azmcp-appconfig-kv-delete,HINT_DECLARED_SAME_VALUE,openWorldHint: declared at default value True,C1 cosmetic,log,minor on 0.x (breaking by convention),,
azure,0.1.2,0.3.0,2025-07-03,azmcp-appconfig-kv-list,HINT_INTRODUCED,readOnlyHint: False->True (safer),C3b risk hint introduced,hold,minor on 0.x (breaking by convention),,
azure,0.1.2,0.3.0,2025-07-03,azmcp-appconfig-kv-list,HINT_INTRODUCED,destructiveHint: True->False (safer),C3b risk hint introduced,hold,minor on 0.x (breaking by convention),,
azure,0.1.2,0.3.0,2025-07-03,azmcp-appconfig-kv-list,HINT_DECLARED_SAME_VALUE,idempotentHint: declared at default value False,C1 cosmetic,log,minor on 0.x (breaking by convention),,
azure,0.1.2,0.3.0,2025-07-03,azmcp-appconfig-kv-list,HINT_DECLARED_SAME_VALUE,openWorldHint: declared at default value True,C1 cosmetic,log,minor on 0.x (breaking by convention),,
azure,0.1.2,0.3.0,2025-07-03,azmcp-appconfig-kv-lock,HINT_DECLARED_SAME_VALUE,readOnlyHint: declared at default value False,C1 cosmetic,log,minor on 0.x (breaking by convention),,
azure,0.1.2,0.3.0,2025-07-03,azmcp-appconfig-kv-lock,HINT_INTRODUCED,destructiveHint: True->False (safer),C3b risk hint introduced,hold,minor on 0.x (breaking by convention),,
azure,0.1.2,0.3.0,2025-07-03,azmcp-appconfig-kv-lock,HINT_DECLARED_SAME_VALUE,idempotentHint: declared at default value False,C1 cosmetic,log,minor on 0.x (breaking by convention),,
azure,0.1.2,0.3.0,2025-07-03,azmcp-appconfig-kv-lock,HINT_DECLARED_SAME_VALUE,openWorldHint: declared at default value True,C1 cosmetic,log,minor on 0.x (breaking by convention),,
azure,0.1.2,0.3.0,2025-07-03,azmcp-appconfig-kv-set,HINT_DECLARED_SAME_VALUE,readOnlyHint: declared at default value False,C1 cosmetic,log,minor on 0.x (breaking by convention),,
azure,0.1.2,0.3.0,2025-07-03,azmcp-appconfig-kv-set,HINT_INTRODUCED,destructiveHint: True->False (safer),C3b risk hint introduced,hold,minor on 0.x (breaking by convention),,
azure,0.1.2,0.3.0,2025-07-03,azmcp-appconfig-kv-set,HINT_DECLARED_SAME_VALUE,idempotentHint: declared at default value False,C1 cosmetic,log,minor on 0.x (breaking by convention),,
azure,0.1.2,0.3.0,2025-07-03,azmcp-appconfig-kv-set,HINT_DECLARED_SAME_VALUE,openWorldHint: declared at default value True,C1 cosmetic,log,minor on 0.x (breaking by convention),,
azure,0.1.2,0.3.0,2025-07-03,azmcp-appconfig-kv-show,HINT_INTRODUCED,readOnlyHint: False->True (safer),C3b risk hint introduced,hold,minor on 0.x (breaking by convention),,
azure,0.1.2,0.3.0,2025-07-03,azmcp-appconfig-kv-show,HINT_INTRODUCED,destructiveHint: True->False (safer),C3b risk hint introduced,hold,minor on 0.x (breaking by convention),,
azure,0.1.2,0.3.0,2025-07-03,azmcp-appconfig-kv-show,HINT_DECLARED_SAME_VALUE,idempotentHint: declared at default value False,C1 cosmetic,log,minor on 0.x (breaking by convention),,
azure,0.1.2,0.3.0,2025-07-03,azmcp-appconfig-kv-show,HINT_DECLARED_SAME_VALUE,openWorldHint: declared at default value True,C1 cosmetic,log,minor on 0.x (breaking by convention),,
azure,0.1.2,0.3.0,2025-07-03,azmcp-appconfig-kv-unlock,HINT_DECLARED_SAME_VALUE,readOnlyHint: declared at default value False,C1 cosmetic,log,minor on 0.x (breaking by convention),,
azure,0.1.2,0.3.0,2025-07-03,azmcp-appconfig-kv-unlock,HINT_INTRODUCED,destructiveHint: True->False (safer),C3b risk hint introduced,hold,minor on 0.x (breaking by convention),,
azure,0.1.2,0.3.0,2025-07-03,azmcp-appconfig-kv-unlock,HINT_DECLARED_SAME_VALUE,idempotentHint: declared at default value False,C1 cosmetic,log,minor on 0.x (breaking by convention),,
azure,0.1.2,0.3.0,2025-07-03,azmcp-appconfig-kv-unlock,HINT_DECLARED_SAME_VALUE,openWorldHint: declared at default value True,C1 cosmetic,log,minor on 0.x (breaking by convention),,
azure,0.1.2,0.3.0,2025-07-03,azmcp-bestpractices-get,SCHEMA_CONSTRAINT,types/enums/defaults/limits changed,C2b contract change,hold,minor on 0.x (breaking by convention),,
azure,0.1.2,0.3.0,2025-07-03,azmcp-bestpractices-get,HINT_INTRODUCED,readOnlyHint: False->True (safer),C3b risk hint introduced,hold,minor on 0.x (breaking by convention),,
azure,0.1.2,0.3.0,2025-07-03,azmcp-bestpractices-get,HINT_INTRODUCED,destructiveHint: True->False (safer),C3b risk hint introduced,hold,minor on 0.x (breaking by convention),,
azure,0.1.2,0.3.0,2025-07-03,azmcp-bestpractices-get,HINT_DECLARED_SAME_VALUE,idempotentHint: declared at default value False,C1 cosmetic,log,minor on 0.x (breaking by convention),,
azure,0.1.2,0.3.0,2025-07-03,azmcp-bestpractices-get,HINT_DECLARED_SAME_VALUE,openWorldHint: declared at default value True,C1 cosmetic,log,minor on 0.x (breaking by convention),,
azure,0.1.2,0.3.0,2025-07-03,azmcp-cosmos-account-list,HINT_INTRODUCED,readOnlyHint: False->True (safer),C3b risk hint introduced,hold,minor on 0.x (breaking by convention),,
azure,0.1.2,0.3.0,2025-07-03,azmcp-cosmos-account-list,HINT_INTRODUCED,destructiveHint: True->False (safer),C3b risk hint introduced,hold,minor on 0.x (breaking by convention),,
azure,0.1.2,0.3.0,2025-07-03,azmcp-cosmos-account-list,HINT_DECLARED_SAME_VALUE,idempotentHint: declared at default value False,C1 cosmetic,log,minor on 0.x (breaking by convention),,
azure,0.1.2,0.3.0,2025-07-03,azmcp-cosmos-account-list,HINT_DECLARED_SAME_VALUE,openWorldHint: declared at default value True,C1 cosmetic,log,minor on 0.x (breaking by convention),,
azure,0.1.2,0.3.0,2025-07-03,azmcp-cosmos-database-container-item-query,HINT_INTRODUCED,readOnlyHint: False->True (safer),C3b risk hint introduced,hold,minor on 0.x (breaking by convention),,
azure,0.1.2,0.3.0,2025-07-03,azmcp-cosmos-database-container-item-query,HINT_INTRODUCED,destructiveHint: True->False (safer),C3b risk hint introduced,hold,minor on 0.x (breaking by convention),,
azure,0.1.2,0.3.0,2025-07-03,azmcp-cosmos-database-container-item-query,HINT_DECLARED_SAME_VALUE,idempotentHint: declared at default value False,C1 cosmetic,log,minor on 0.x (breaking by convention),,
azure,0.1.2,0.3.0,2025-07-03,azmcp-cosmos-database-container-item-query,HINT_DECLARED_SAME_VALUE,openWorldHint: declared at default value True,C1 cosmetic,log,minor on 0.x (breaking by convention),,
azure,0.1.2,0.3.0,2025-07-03,azmcp-cosmos-database-container-list,HINT_INTRODUCED,readOnlyHint: False->True (safer),C3b risk hint introduced,hold,minor on 0.x (breaking by convention),,
azure,0.1.2,0.3.0,2025-07-03,azmcp-cosmos-database-container-list,HINT_INTRODUCED,destructiveHint: True->False (safer),C3b risk hint introduced,hold,minor on 0.x (breaking by convention),,
azure,0.1.2,0.3.0,2025-07-03,azmcp-cosmos-database-container-list,HINT_DECLARED_SAME_VALUE,idempotentHint: declared at default value False,C1 cosmetic,log,minor on 0.x (breaking by convention),,
azure,0.1.2,0.3.0,2025-07-03,azmcp-cosmos-database-container-list,HINT_DECLARED_SAME_VALUE,openWorldHint: declared at default value True,C1 cosmetic,log,minor on 0.x (breaking by convention),,
azure,0.1.2,0.3.0,2025-07-03,azmcp-cosmos-database-list,HINT_INTRODUCED,readOnlyHint: False->True (safer),C3b risk hint introduced,hold,minor on 0.x (breaking by convention),,
azure,0.1.2,0.3.0,2025-07-03,azmcp-cosmos-database-list,HINT_INTRODUCED,destructiveHint: True->False (safer),C3b risk hint introduced,hold,minor on 0.x (breaking by convention),,
azure,0.1.2,0.3.0,2025-07-03,azmcp-cosmos-database-list,HINT_DECLARED_SAME_VALUE,idempotentHint: declared at default value False,C1 cosmetic,log,minor on 0.x (breaking by convention),,
azure,0.1.2,0.3.0,2025-07-03,azmcp-cosmos-database-list,HINT_DECLARED_SAME_VALUE,openWorldHint: declared at default value True,C1 cosmetic,log,minor on 0.x (breaking by convention),,
azure,0.1.2,0.3.0,2025-07-03,azmcp-extension-az,HINT_DECLARED_SAME_VALUE,readOnlyHint: declared at default value False,C1 cosmetic,log,minor on 0.x (breaking by convention),,
azure,0.1.2,0.3.0,2025-07-03,azmcp-extension-az,HINT_DECLARED_SAME_VALUE,destructiveHint: declared at default value True,C1 cosmetic,log,minor on 0.x (breaking by convention),,
azure,0.1.2,0.3.0,2025-07-03,azmcp-extension-az,HINT_DECLARED_SAME_VALUE,idempotentHint: declared at default value False,C1 cosmetic,log,minor on 0.x (breaking by convention),,
azure,0.1.2,0.3.0,2025-07-03,azmcp-extension-az,HINT_DECLARED_SAME_VALUE,openWorldHint: declared at default value True,C1 cosmetic,log,minor on 0.x (breaking by convention),,
azure,0.1.2,0.3.0,2025-07-03,azmcp-extension-azd,HINT_DECLARED_SAME_VALUE,readOnlyHint: declared at default value False,C1 cosmetic,log,minor on 0.x (breaking by convention),,
azure,0.1.2,0.3.0,2025-07-03,azmcp-extension-azd,HINT_DECLARED_SAME_VALUE,destructiveHint: declared at default value True,C1 cosmetic,log,minor on 0.x (breaking by convention),,
azure,0.1.2,0.3.0,2025-07-03,azmcp-extension-azd,HINT_DECLARED_SAME_VALUE,idempotentHint: declared at default value False,C1 cosmetic,log,minor on 0.x (breaking by convention),,
azure,0.1.2,0.3.0,2025-07-03,azmcp-extension-azd,HINT_DECLARED_SAME_VALUE,openWorldHint: declared at default value True,C1 cosmetic,log,minor on 0.x (breaking by convention),,
azure,0.1.2,0.3.0,2025-07-03,azmcp-group-list,HINT_INTRODUCED,readOnlyHint: False->True (safer),C3b risk hint introduced,hold,minor on 0.x (breaking by convention),,
azure,0.1.2,0.3.0,2025-07-03,azmcp-group-list,HINT_INTRODUCED,destructiveHint: True->False (safer),C3b risk hint introduced,hold,minor on 0.x (breaking by convention),,
azure,0.1.2,0.3.0,2025-07-03,azmcp-group-list,HINT_DECLARED_SAME_VALUE,idempotentHint: declared at default value False,C1 cosmetic,log,minor on 0.x (breaking by convention),,
azure,0.1.2,0.3.0,2025-07-03,azmcp-group-list,HINT_DECLARED_SAME_VALUE,openWorldHint: declared at default value True,C1 cosmetic,log,minor on 0.x (breaking by convention),,
azure,0.1.2,0.3.0,2025-07-03,azmcp-keyvault-key-create,HINT_DECLARED_SAME_VALUE,readOnlyHint: declared at default value False,C1 cosmetic,log,minor on 0.x (breaking by convention),,
azure,0.1.2,0.3.0,2025-07-03,azmcp-keyvault-key-create,HINT_INTRODUCED,destructiveHint: True->False (safer),C3b risk hint introduced,hold,minor on 0.x (breaking by convention),,
azure,0.1.2,0.3.0,2025-07-03,azmcp-keyvault-key-create,HINT_DECLARED_SAME_VALUE,idempotentHint: declared at default value False,C1 cosmetic,log,minor on 0.x (breaking by convention),,
azure,0.1.2,0.3.0,2025-07-03,azmcp-keyvault-key-create,HINT_DECLARED_SAME_VALUE,openWorldHint: declared at default value True,C1 cosmetic,log,minor on 0.x (breaking by convention),,
azure,0.1.2,0.3.0,2025-07-03,azmcp-keyvault-key-get,HINT_INTRODUCED,readOnlyHint: False->True (safer),C3b risk hint introduced,hold,minor on 0.x (breaking by convention),,
azure,0.1.2,0.3.0,2025-07-03,azmcp-keyvault-key-get,HINT_INTRODUCED,destructiveHint: True->False (safer),C3b risk hint introduced,hold,minor on 0.x (breaking by convention),,
azure,0.1.2,0.3.0,2025-07-03,azmcp-keyvault-key-get,HINT_DECLARED_SAME_VALUE,idempotentHint: declared at default value False,C1 cosmetic,log,minor on 0.x (breaking by convention),,
azure,0.1.2,0.3.0,2025-07-03,azmcp-keyvault-key-get,HINT_DECLARED_SAME_VALUE,openWorldHint: declared at default value True,C1 cosmetic,log,minor on 0.x (breaking by convention),,
azure,0.1.2,0.3.0,2025-07-03,azmcp-keyvault-key-list,HINT_INTRODUCED,readOnlyHint: False->True (safer),C3b risk hint introduced,hold,minor on 0.x (breaking by convention),,
azure,0.1.2,0.3.0,2025-07-03,azmcp-keyvault-key-list,HINT_INTRODUCED,destructiveHint: True->False (safer),C3b risk hint introduced,hold,minor on 0.x (breaking by convention),,
azure,0.1.2,0.3.0,2025-07-03,azmcp-keyvault-key-list,HINT_DECLARED_SAME_VALUE,idempotentHint: declared at default value False,C1 cosmetic,log,minor on 0.x (breaking by convention),,
azure,0.1.2,0.3.0,2025-07-03,azmcp-keyvault-key-list,HINT_DECLARED_SAME_VALUE,openWorldHint: declared at default value True,C1 cosmetic,log,minor on 0.x (breaking by convention),,
azure,0.1.2,0.3.0,2025-07-03,azmcp-kusto-cluster-get,HINT_INTRODUCED,readOnlyHint: False->True (safer),C3b risk hint introduced,hold,minor on 0.x (breaking by convention),,
azure,0.1.2,0.3.0,2025-07-03,azmcp-kusto-cluster-get,HINT_INTRODUCED,destructiveHint: True->False (safer),C3b risk hint introduced,hold,minor on 0.x (breaking by convention),,
azure,0.1.2,0.3.0,2025-07-03,azmcp-kusto-cluster-get,HINT_DECLARED_SAME_VALUE,idempotentHint: declared at default value False,C1 cosmetic,log,minor on 0.x (breaking by convention),,
azure,0.1.2,0.3.0,2025-07-03,azmcp-kusto-cluster-get,HINT_DECLARED_SAME_VALUE,openWorldHint: declared at default value True,C1 cosmetic,log,minor on 0.x (breaking by convention),,
azure,0.1.2,0.3.0,2025-07-03,azmcp-kusto-cluster-list,DESC_REWORD,similarity 0.95,C1 cosmetic (review),log,minor on 0.x (breaking by convention),,
azure,0.1.2,0.3.0,2025-07-03,azmcp-kusto-cluster-list,HINT_DECLARED_SAME_VALUE,readOnlyHint: declared at default value False,C1 cosmetic,log,minor on 0.x (breaking by convention),,
azure,0.1.2,0.3.0,2025-07-03,azmcp-kusto-cluster-list,HINT_DECLARED_SAME_VALUE,destructiveHint: declared at default value True,C1 cosmetic,log,minor on 0.x (breaking by convention),,
azure,0.1.2,0.3.0,2025-07-03,azmcp-kusto-cluster-list,HINT_DECLARED_SAME_VALUE,idempotentHint: declared at default value False,C1 cosmetic,log,minor on 0.x (breaking by convention),,
azure,0.1.2,0.3.0,2025-07-03,azmcp-kusto-cluster-list,HINT_DECLARED_SAME_VALUE,openWorldHint: declared at default value True,C1 cosmetic,log,minor on 0.x (breaking by convention),,
azure,0.1.2,0.3.0,2025-07-03,azmcp-kusto-database-list,DESC_FORMAT,whitespace/punctuation only,C0 serialization noise,log,minor on 0.x (breaking by convention),,
azure,0.1.2,0.3.0,2025-07-03,azmcp-kusto-database-list,HINT_INTRODUCED,readOnlyHint: False->True (safer),C3b risk hint introduced,hold,minor on 0.x (breaking by convention),,
azure,0.1.2,0.3.0,2025-07-03,azmcp-kusto-database-list,HINT_INTRODUCED,destructiveHint: True->False (safer),C3b risk hint introduced,hold,minor on 0.x (breaking by convention),,
azure,0.1.2,0.3.0,2025-07-03,azmcp-kusto-database-list,HINT_DECLARED_SAME_VALUE,idempotentHint: declared at default value False,C1 cosmetic,log,minor on 0.x (breaking by convention),,
azure,0.1.2,0.3.0,2025-07-03,azmcp-kusto-database-list,HINT_DECLARED_SAME_VALUE,openWorldHint: declared at default value True,C1 cosmetic,log,minor on 0.x (breaking by convention),,
azure,0.1.2,0.3.0,2025-07-03,azmcp-kusto-query,HINT_INTRODUCED,readOnlyHint: False->True (safer),C3b risk hint introduced,hold,minor on 0.x (breaking by convention),,
azure,0.1.2,0.3.0,2025-07-03,azmcp-kusto-query,HINT_INTRODUCED,destructiveHint: True->False (safer),C3b risk hint introduced,hold,minor on 0.x (breaking by convention),,
azure,0.1.2,0.3.0,2025-07-03,azmcp-kusto-query,HINT_DECLARED_SAME_VALUE,idempotentHint: declared at default value False,C1 cosmetic,log,minor on 0.x (breaking by convention),,
azure,0.1.2,0.3.0,2025-07-03,azmcp-kusto-query,HINT_DECLARED_SAME_VALUE,openWorldHint: declared at default value True,C1 cosmetic,log,minor on 0.x (breaking by convention),,
azure,0.1.2,0.3.0,2025-07-03,azmcp-kusto-sample,DESC_REWORD,similarity 0.99,C1 cosmetic (review),log,minor on 0.x (breaking by convention),,
azure,0.1.2,0.3.0,2025-07-03,azmcp-kusto-sample,HINT_INTRODUCED,readOnlyHint: False->True (safer),C3b risk hint introduced,hold,minor on 0.x (breaking by convention),,
azure,0.1.2,0.3.0,2025-07-03,azmcp-kusto-sample,HINT_INTRODUCED,destructiveHint: True->False (safer),C3b risk hint introduced,hold,minor on 0.x (breaking by convention),,
azure,0.1.2,0.3.0,2025-07-03,azmcp-kusto-sample,HINT_DECLARED_SAME_VALUE,idempotentHint: declared at default value False,C1 cosmetic,log,minor on 0.x (breaking by convention),,
azure,0.1.2,0.3.0,2025-07-03,azmcp-kusto-sample,HINT_DECLARED_SAME_VALUE,openWorldHint: declared at default value True,C1 cosmetic,log,minor on 0.x (breaking by convention),,
azure,0.1.2,0.3.0,2025-07-03,azmcp-kusto-table-list,DESC_FORMAT,whitespace/punctuation only,C0 serialization noise,log,minor on 0.x (breaking by convention),,
azure,0.1.2,0.3.0,2025-07-03,azmcp-kusto-table-list,HINT_INTRODUCED,readOnlyHint: False->True (safer),C3b risk hint introduced,hold,minor on 0.x (breaking by convention),,
azure,0.1.2,0.3.0,2025-07-03,azmcp-kusto-table-list,HINT_INTRODUCED,destructiveHint: True->False (safer),C3b risk hint introduced,hold,minor on 0.x (breaking by convention),,
azure,0.1.2,0.3.0,2025-07-03,azmcp-kusto-table-list,HINT_DECLARED_SAME_VALUE,idempotentHint: declared at default value False,C1 cosmetic,log,minor on 0.x (breaking by convention),,
azure,0.1.2,0.3.0,2025-07-03,azmcp-kusto-table-list,HINT_DECLARED_SAME_VALUE,openWorldHint: declared at default value True,C1 cosmetic,log,minor on 0.x (breaking by convention),,
azure,0.1.2,0.3.0,2025-07-03,azmcp-kusto-table-schema,DESC_REWORD,similarity 0.55,C1 cosmetic (review),log,minor on 0.x (breaking by convention),,
azure,0.1.2,0.3.0,2025-07-03,azmcp-kusto-table-schema,HINT_INTRODUCED,readOnlyHint: False->True (safer),C3b risk hint introduced,hold,minor on 0.x (breaking by convention),,
azure,0.1.2,0.3.0,2025-07-03,azmcp-kusto-table-schema,HINT_INTRODUCED,destructiveHint: True->False (safer),C3b risk hint introduced,hold,minor on 0.x (breaking by convention),,
azure,0.1.2,0.3.0,2025-07-03,azmcp-kusto-table-schema,HINT_DECLARED_SAME_VALUE,idempotentHint: declared at default value False,C1 cosmetic,log,minor on 0.x (breaking by convention),,
azure,0.1.2,0.3.0,2025-07-03,azmcp-kusto-table-schema,HINT_DECLARED_SAME_VALUE,openWorldHint: declared at default value True,C1 cosmetic,log,minor on 0.x (breaking by convention),,
azure,0.1.2,0.3.0,2025-07-03,azmcp-monitor-healthmodels-entity-gethealth,HINT_INTRODUCED,readOnlyHint: False->True (safer),C3b risk hint introduced,hold,minor on 0.x (breaking by convention),,
azure,0.1.2,0.3.0,2025-07-03,azmcp-monitor-healthmodels-entity-gethealth,HINT_INTRODUCED,destructiveHint: True->False (safer),C3b risk hint introduced,hold,minor on 0.x (breaking by convention),,
azure,0.1.2,0.3.0,2025-07-03,azmcp-monitor-healthmodels-entity-gethealth,HINT_DECLARED_SAME_VALUE,idempotentHint: declared at default value False,C1 cosmetic,log,minor on 0.x (breaking by convention),,
azure,0.1.2,0.3.0,2025-07-03,azmcp-monitor-healthmodels-entity-gethealth,HINT_DECLARED_SAME_VALUE,openWorldHint: declared at default value True,C1 cosmetic,log,minor on 0.x (breaking by convention),,
azure,0.1.2,0.3.0,2025-07-03,azmcp-monitor-table-list,HINT_INTRODUCED,readOnlyHint: False->True (safer),C3b risk hint introduced,hold,minor on 0.x (breaking by convention),,
azure,0.1.2,0.3.0,2025-07-03,azmcp-monitor-table-list,HINT_INTRODUCED,destructiveHint: True->False (safer),C3b risk hint introduced,hold,minor on 0.x (breaking by convention),,
azure,0.1.2,0.3.0,2025-07-03,azmcp-monitor-table-list,HINT_DECLARED_SAME_VALUE,idempotentHint: declared at default value False,C1 cosmetic,log,minor on 0.x (breaking by convention),,
azure,0.1.2,0.3.0,2025-07-03,azmcp-monitor-table-list,HINT_DECLARED_SAME_VALUE,openWorldHint: declared at default value True,C1 cosmetic,log,minor on 0.x (breaking by convention),,
azure,0.1.2,0.3.0,2025-07-03,azmcp-monitor-table-type-list,HINT_INTRODUCED,readOnlyHint: False->True (safer),C3b risk hint introduced,hold,minor on 0.x (breaking by convention),,
azure,0.1.2,0.3.0,2025-07-03,azmcp-monitor-table-type-list,HINT_INTRODUCED,destructiveHint: True->False (safer),C3b risk hint introduced,hold,minor on 0.x (breaking by convention),,
azure,0.1.2,0.3.0,2025-07-03,azmcp-monitor-table-type-list,HINT_DECLARED_SAME_VALUE,idempotentHint: declared at default value False,C1 cosmetic,log,minor on 0.x (breaking by convention),,
azure,0.1.2,0.3.0,2025-07-03,azmcp-monitor-table-type-list,HINT_DECLARED_SAME_VALUE,openWorldHint: declared at default value True,C1 cosmetic,log,minor on 0.x (breaking by convention),,
azure,0.1.2,0.3.0,2025-07-03,azmcp-monitor-workspace-list,HINT_INTRODUCED,readOnlyHint: False->True (safer),C3b risk hint introduced,hold,minor on 0.x (breaking by convention),,
azure,0.1.2,0.3.0,2025-07-03,azmcp-monitor-workspace-list,HINT_INTRODUCED,destructiveHint: True->False (safer),C3b risk hint introduced,hold,minor on 0.x (breaking by convention),,
azure,0.1.2,0.3.0,2025-07-03,azmcp-monitor-workspace-list,HINT_DECLARED_SAME_VALUE,idempotentHint: declared at default value False,C1 cosmetic,log,minor on 0.x (breaking by convention),,
azure,0.1.2,0.3.0,2025-07-03,azmcp-monitor-workspace-list,HINT_DECLARED_SAME_VALUE,openWorldHint: declared at default value True,C1 cosmetic,log,minor on 0.x (breaking by convention),,
azure,0.1.2,0.3.0,2025-07-03,azmcp-postgres-database-list,HINT_INTRODUCED,readOnlyHint: False->True (safer),C3b risk hint introduced,hold,minor on 0.x (breaking by convention),,
azure,0.1.2,0.3.0,2025-07-03,azmcp-postgres-database-list,HINT_INTRODUCED,destructiveHint: True->False (safer),C3b risk hint introduced,hold,minor on 0.x (breaking by convention),,
azure,0.1.2,0.3.0,2025-07-03,azmcp-postgres-database-list,HINT_DECLARED_SAME_VALUE,idempotentHint: declared at default value False,C1 cosmetic,log,minor on 0.x (breaking by convention),,
azure,0.1.2,0.3.0,2025-07-03,azmcp-postgres-database-list,HINT_DECLARED_SAME_VALUE,openWorldHint: declared at default value True,C1 cosmetic,log,minor on 0.x (breaking by convention),,
azure,0.1.2,0.3.0,2025-07-03,azmcp-postgres-database-query,HINT_INTRODUCED,readOnlyHint: False->True (safer),C3b risk hint introduced,hold,minor on 0.x (breaking by convention),,
azure,0.1.2,0.3.0,2025-07-03,azmcp-postgres-database-query,HINT_INTRODUCED,destructiveHint: True->False (safer),C3b risk hint introduced,hold,minor on 0.x (breaking by convention),,
azure,0.1.2,0.3.0,2025-07-03,azmcp-postgres-database-query,HINT_DECLARED_SAME_VALUE,idempotentHint: declared at default value False,C1 cosmetic,log,minor on 0.x (breaking by convention),,
azure,0.1.2,0.3.0,2025-07-03,azmcp-postgres-database-query,HINT_DECLARED_SAME_VALUE,openWorldHint: declared at default value True,C1 cosmetic,log,minor on 0.x (breaking by convention),,
azure,0.1.2,0.3.0,2025-07-03,azmcp-postgres-server-config,HINT_INTRODUCED,readOnlyHint: False->True (safer),C3b risk hint introduced,hold,minor on 0.x (breaking by convention),,
azure,0.1.2,0.3.0,2025-07-03,azmcp-postgres-server-config,HINT_INTRODUCED,destructiveHint: True->False (safer),C3b risk hint introduced,hold,minor on 0.x (breaking by convention),,
azure,0.1.2,0.3.0,2025-07-03,azmcp-postgres-server-config,HINT_DECLARED_SAME_VALUE,idempotentHint: declared at default value False,C1 cosmetic,log,minor on 0.x (breaking by convention),,
azure,0.1.2,0.3.0,2025-07-03,azmcp-postgres-server-config,HINT_DECLARED_SAME_VALUE,openWorldHint: declared at default value True,C1 cosmetic,log,minor on 0.x (breaking by convention),,
azure,0.1.2,0.3.0,2025-07-03,azmcp-postgres-server-list,HINT_INTRODUCED,readOnlyHint: False->True (safer),C3b risk hint introduced,hold,minor on 0.x (breaking by convention),,
azure,0.1.2,0.3.0,2025-07-03,azmcp-postgres-server-list,HINT_INTRODUCED,destructiveHint: True->False (safer),C3b risk hint introduced,hold,minor on 0.x (breaking by convention),,
azure,0.1.2,0.3.0,2025-07-03,azmcp-postgres-server-list,HINT_DECLARED_SAME_VALUE,idempotentHint: declared at default value False,C1 cosmetic,log,minor on 0.x (breaking by convention),,
azure,0.1.2,0.3.0,2025-07-03,azmcp-postgres-server-list,HINT_DECLARED_SAME_VALUE,openWorldHint: declared at default value True,C1 cosmetic,log,minor on 0.x (breaking by convention),,
azure,0.1.2,0.3.0,2025-07-03,azmcp-postgres-server-param,HINT_INTRODUCED,readOnlyHint: False->True (safer),C3b risk hint introduced,hold,minor on 0.x (breaking by convention),,
azure,0.1.2,0.3.0,2025-07-03,azmcp-postgres-server-param,HINT_INTRODUCED,destructiveHint: True->False (safer),C3b risk hint introduced,hold,minor on 0.x (breaking by convention),,
azure,0.1.2,0.3.0,2025-07-03,azmcp-postgres-server-param,HINT_DECLARED_SAME_VALUE,idempotentHint: declared at default value False,C1 cosmetic,log,minor on 0.x (breaking by convention),,
azure,0.1.2,0.3.0,2025-07-03,azmcp-postgres-server-param,HINT_DECLARED_SAME_VALUE,openWorldHint: declared at default value True,C1 cosmetic,log,minor on 0.x (breaking by convention),,
azure,0.1.2,0.3.0,2025-07-03,azmcp-postgres-table-list,HINT_INTRODUCED,readOnlyHint: False->True (safer),C3b risk hint introduced,hold,minor on 0.x (breaking by convention),,
azure,0.1.2,0.3.0,2025-07-03,azmcp-postgres-table-list,HINT_INTRODUCED,destructiveHint: True->False (safer),C3b risk hint introduced,hold,minor on 0.x (breaking by convention),,
azure,0.1.2,0.3.0,2025-07-03,azmcp-postgres-table-list,HINT_DECLARED_SAME_VALUE,idempotentHint: declared at default value False,C1 cosmetic,log,minor on 0.x (breaking by convention),,
azure,0.1.2,0.3.0,2025-07-03,azmcp-postgres-table-list,HINT_DECLARED_SAME_VALUE,openWorldHint: declared at default value True,C1 cosmetic,log,minor on 0.x (breaking by convention),,
azure,0.1.2,0.3.0,2025-07-03,azmcp-postgres-table-schema,HINT_INTRODUCED,readOnlyHint: False->True (safer),C3b risk hint introduced,hold,minor on 0.x (breaking by convention),,
azure,0.1.2,0.3.0,2025-07-03,azmcp-postgres-table-schema,HINT_INTRODUCED,destructiveHint: True->False (safer),C3b risk hint introduced,hold,minor on 0.x (breaking by convention),,
azure,0.1.2,0.3.0,2025-07-03,azmcp-postgres-table-schema,HINT_DECLARED_SAME_VALUE,idempotentHint: declared at default value False,C1 cosmetic,log,minor on 0.x (breaking by convention),,
azure,0.1.2,0.3.0,2025-07-03,azmcp-postgres-table-schema,HINT_DECLARED_SAME_VALUE,openWorldHint: declared at default value True,C1 cosmetic,log,minor on 0.x (breaking by convention),,
azure,0.1.2,0.3.0,2025-07-03,azmcp-redis-cache-accesspolicy-list,HINT_INTRODUCED,readOnlyHint: False->True (safer),C3b risk hint introduced,hold,minor on 0.x (breaking by convention),,
azure,0.1.2,0.3.0,2025-07-03,azmcp-redis-cache-accesspolicy-list,HINT_INTRODUCED,destructiveHint: True->False (safer),C3b risk hint introduced,hold,minor on 0.x (breaking by convention),,
azure,0.1.2,0.3.0,2025-07-03,azmcp-redis-cache-accesspolicy-list,HINT_DECLARED_SAME_VALUE,idempotentHint: declared at default value False,C1 cosmetic,log,minor on 0.x (breaking by convention),,
azure,0.1.2,0.3.0,2025-07-03,azmcp-redis-cache-accesspolicy-list,HINT_DECLARED_SAME_VALUE,openWorldHint: declared at default value True,C1 cosmetic,log,minor on 0.x (breaking by convention),,
azure,0.1.2,0.3.0,2025-07-03,azmcp-redis-cache-list,HINT_INTRODUCED,readOnlyHint: False->True (safer),C3b risk hint introduced,hold,minor on 0.x (breaking by convention),,
azure,0.1.2,0.3.0,2025-07-03,azmcp-redis-cache-list,HINT_INTRODUCED,destructiveHint: True->False (safer),C3b risk hint introduced,hold,minor on 0.x (breaking by convention),,
azure,0.1.2,0.3.0,2025-07-03,azmcp-redis-cache-list,HINT_DECLARED_SAME_VALUE,idempotentHint: declared at default value False,C1 cosmetic,log,minor on 0.x (breaking by convention),,
azure,0.1.2,0.3.0,2025-07-03,azmcp-redis-cache-list,HINT_DECLARED_SAME_VALUE,openWorldHint: declared at default value True,C1 cosmetic,log,minor on 0.x (breaking by convention),,
azure,0.1.2,0.3.0,2025-07-03,azmcp-redis-cluster-database-list,HINT_INTRODUCED,readOnlyHint: False->True (safer),C3b risk hint introduced,hold,minor on 0.x (breaking by convention),,
azure,0.1.2,0.3.0,2025-07-03,azmcp-redis-cluster-database-list,HINT_INTRODUCED,destructiveHint: True->False (safer),C3b risk hint introduced,hold,minor on 0.x (breaking by convention),,
azure,0.1.2,0.3.0,2025-07-03,azmcp-redis-cluster-database-list,HINT_DECLARED_SAME_VALUE,idempotentHint: declared at default value False,C1 cosmetic,log,minor on 0.x (breaking by convention),,
azure,0.1.2,0.3.0,2025-07-03,azmcp-redis-cluster-database-list,HINT_DECLARED_SAME_VALUE,openWorldHint: declared at default value True,C1 cosmetic,log,minor on 0.x (breaking by convention),,
azure,0.1.2,0.3.0,2025-07-03,azmcp-redis-cluster-list,HINT_INTRODUCED,readOnlyHint: False->True (safer),C3b risk hint introduced,hold,minor on 0.x (breaking by convention),,
azure,0.1.2,0.3.0,2025-07-03,azmcp-redis-cluster-list,HINT_INTRODUCED,destructiveHint: True->False (safer),C3b risk hint introduced,hold,minor on 0.x (breaking by convention),,
azure,0.1.2,0.3.0,2025-07-03,azmcp-redis-cluster-list,HINT_DECLARED_SAME_VALUE,idempotentHint: declared at default value False,C1 cosmetic,log,minor on 0.x (breaking by convention),,
azure,0.1.2,0.3.0,2025-07-03,azmcp-redis-cluster-list,HINT_DECLARED_SAME_VALUE,openWorldHint: declared at default value True,C1 cosmetic,log,minor on 0.x (breaking by convention),,
azure,0.1.2,0.3.0,2025-07-03,azmcp-search-index-describe,HINT_INTRODUCED,readOnlyHint: False->True (safer),C3b risk hint introduced,hold,minor on 0.x (breaking by convention),,
azure,0.1.2,0.3.0,2025-07-03,azmcp-search-index-describe,HINT_INTRODUCED,destructiveHint: True->False (safer),C3b risk hint introduced,hold,minor on 0.x (breaking by convention),,
azure,0.1.2,0.3.0,2025-07-03,azmcp-search-index-describe,HINT_DECLARED_SAME_VALUE,idempotentHint: declared at default value False,C1 cosmetic,log,minor on 0.x (breaking by convention),,
azure,0.1.2,0.3.0,2025-07-03,azmcp-search-index-describe,HINT_DECLARED_SAME_VALUE,openWorldHint: declared at default value True,C1 cosmetic,log,minor on 0.x (breaking by convention),,
azure,0.1.2,0.3.0,2025-07-03,azmcp-search-index-list,HINT_INTRODUCED,readOnlyHint: False->True (safer),C3b risk hint introduced,hold,minor on 0.x (breaking by convention),,
azure,0.1.2,0.3.0,2025-07-03,azmcp-search-index-list,HINT_INTRODUCED,destructiveHint: True->False (safer),C3b risk hint introduced,hold,minor on 0.x (breaking by convention),,
azure,0.1.2,0.3.0,2025-07-03,azmcp-search-index-list,HINT_DECLARED_SAME_VALUE,idempotentHint: declared at default value False,C1 cosmetic,log,minor on 0.x (breaking by convention),,
azure,0.1.2,0.3.0,2025-07-03,azmcp-search-index-list,HINT_DECLARED_SAME_VALUE,openWorldHint: declared at default value True,C1 cosmetic,log,minor on 0.x (breaking by convention),,
azure,0.1.2,0.3.0,2025-07-03,azmcp-search-index-query,HINT_INTRODUCED,readOnlyHint: False->True (safer),C3b risk hint introduced,hold,minor on 0.x (breaking by convention),,
azure,0.1.2,0.3.0,2025-07-03,azmcp-search-index-query,HINT_INTRODUCED,destructiveHint: True->False (safer),C3b risk hint introduced,hold,minor on 0.x (breaking by convention),,
azure,0.1.2,0.3.0,2025-07-03,azmcp-search-index-query,HINT_DECLARED_SAME_VALUE,idempotentHint: declared at default value False,C1 cosmetic,log,minor on 0.x (breaking by convention),,
azure,0.1.2,0.3.0,2025-07-03,azmcp-search-index-query,HINT_DECLARED_SAME_VALUE,openWorldHint: declared at default value True,C1 cosmetic,log,minor on 0.x (breaking by convention),,
azure,0.1.2,0.3.0,2025-07-03,azmcp-search-service-list,HINT_INTRODUCED,readOnlyHint: False->True (safer),C3b risk hint introduced,hold,minor on 0.x (breaking by convention),,
azure,0.1.2,0.3.0,2025-07-03,azmcp-search-service-list,HINT_INTRODUCED,destructiveHint: True->False (safer),C3b risk hint introduced,hold,minor on 0.x (breaking by convention),,
azure,0.1.2,0.3.0,2025-07-03,azmcp-search-service-list,HINT_DECLARED_SAME_VALUE,idempotentHint: declared at default value False,C1 cosmetic,log,minor on 0.x (breaking by convention),,
azure,0.1.2,0.3.0,2025-07-03,azmcp-search-service-list,HINT_DECLARED_SAME_VALUE,openWorldHint: declared at default value True,C1 cosmetic,log,minor on 0.x (breaking by convention),,
azure,0.1.2,0.3.0,2025-07-03,azmcp-servicebus-queue-details,HINT_INTRODUCED,readOnlyHint: False->True (safer),C3b risk hint introduced,hold,minor on 0.x (breaking by convention),,
azure,0.1.2,0.3.0,2025-07-03,azmcp-servicebus-queue-details,HINT_INTRODUCED,destructiveHint: True->False (safer),C3b risk hint introduced,hold,minor on 0.x (breaking by convention),,
azure,0.1.2,0.3.0,2025-07-03,azmcp-servicebus-queue-details,HINT_DECLARED_SAME_VALUE,idempotentHint: declared at default value False,C1 cosmetic,log,minor on 0.x (breaking by convention),,
azure,0.1.2,0.3.0,2025-07-03,azmcp-servicebus-queue-details,HINT_DECLARED_SAME_VALUE,openWorldHint: declared at default value True,C1 cosmetic,log,minor on 0.x (breaking by convention),,
azure,0.1.2,0.3.0,2025-07-03,azmcp-servicebus-topic-details,HINT_INTRODUCED,readOnlyHint: False->True (safer),C3b risk hint introduced,hold,minor on 0.x (breaking by convention),,
azure,0.1.2,0.3.0,2025-07-03,azmcp-servicebus-topic-details,HINT_INTRODUCED,destructiveHint: True->False (safer),C3b risk hint introduced,hold,minor on 0.x (breaking by convention),,
azure,0.1.2,0.3.0,2025-07-03,azmcp-servicebus-topic-details,HINT_DECLARED_SAME_VALUE,idempotentHint: declared at default value False,C1 cosmetic,log,minor on 0.x (breaking by convention),,
azure,0.1.2,0.3.0,2025-07-03,azmcp-servicebus-topic-details,HINT_DECLARED_SAME_VALUE,openWorldHint: declared at default value True,C1 cosmetic,log,minor on 0.x (breaking by convention),,
azure,0.1.2,0.3.0,2025-07-03,azmcp-servicebus-topic-subscription-details,HINT_INTRODUCED,readOnlyHint: False->True (safer),C3b risk hint introduced,hold,minor on 0.x (breaking by convention),,
azure,0.1.2,0.3.0,2025-07-03,azmcp-servicebus-topic-subscription-details,HINT_INTRODUCED,destructiveHint: True->False (safer),C3b risk hint introduced,hold,minor on 0.x (breaking by convention),,
azure,0.1.2,0.3.0,2025-07-03,azmcp-servicebus-topic-subscription-details,HINT_DECLARED_SAME_VALUE,idempotentHint: declared at default value False,C1 cosmetic,log,minor on 0.x (breaking by convention),,
azure,0.1.2,0.3.0,2025-07-03,azmcp-servicebus-topic-subscription-details,HINT_DECLARED_SAME_VALUE,openWorldHint: declared at default value True,C1 cosmetic,log,minor on 0.x (breaking by convention),,
azure,0.1.2,0.3.0,2025-07-03,azmcp-storage-account-list,HINT_INTRODUCED,readOnlyHint: False->True (safer),C3b risk hint introduced,hold,minor on 0.x (breaking by convention),,
azure,0.1.2,0.3.0,2025-07-03,azmcp-storage-account-list,HINT_INTRODUCED,destructiveHint: True->False (safer),C3b risk hint introduced,hold,minor on 0.x (breaking by convention),,
azure,0.1.2,0.3.0,2025-07-03,azmcp-storage-account-list,HINT_DECLARED_SAME_VALUE,idempotentHint: declared at default value False,C1 cosmetic,log,minor on 0.x (breaking by convention),,
azure,0.1.2,0.3.0,2025-07-03,azmcp-storage-account-list,HINT_DECLARED_SAME_VALUE,openWorldHint: declared at default value True,C1 cosmetic,log,minor on 0.x (breaking by convention),,
azure,0.1.2,0.3.0,2025-07-03,azmcp-storage-blob-container-details,HINT_INTRODUCED,readOnlyHint: False->True (safer),C3b risk hint introduced,hold,minor on 0.x (breaking by convention),,
azure,0.1.2,0.3.0,2025-07-03,azmcp-storage-blob-container-details,HINT_INTRODUCED,destructiveHint: True->False (safer),C3b risk hint introduced,hold,minor on 0.x (breaking by convention),,
azure,0.1.2,0.3.0,2025-07-03,azmcp-storage-blob-container-details,HINT_DECLARED_SAME_VALUE,idempotentHint: declared at default value False,C1 cosmetic,log,minor on 0.x (breaking by convention),,
azure,0.1.2,0.3.0,2025-07-03,azmcp-storage-blob-container-details,HINT_DECLARED_SAME_VALUE,openWorldHint: declared at default value True,C1 cosmetic,log,minor on 0.x (breaking by convention),,
azure,0.1.2,0.3.0,2025-07-03,azmcp-storage-blob-container-list,HINT_INTRODUCED,readOnlyHint: False->True (safer),C3b risk hint introduced,hold,minor on 0.x (breaking by convention),,
azure,0.1.2,0.3.0,2025-07-03,azmcp-storage-blob-container-list,HINT_INTRODUCED,destructiveHint: True->False (safer),C3b risk hint introduced,hold,minor on 0.x (breaking by convention),,
azure,0.1.2,0.3.0,2025-07-03,azmcp-storage-blob-container-list,HINT_DECLARED_SAME_VALUE,idempotentHint: declared at default value False,C1 cosmetic,log,minor on 0.x (breaking by convention),,
azure,0.1.2,0.3.0,2025-07-03,azmcp-storage-blob-container-list,HINT_DECLARED_SAME_VALUE,openWorldHint: declared at default value True,C1 cosmetic,log,minor on 0.x (breaking by convention),,
azure,0.1.2,0.3.0,2025-07-03,azmcp-storage-blob-list,HINT_INTRODUCED,readOnlyHint: False->True (safer),C3b risk hint introduced,hold,minor on 0.x (breaking by convention),,
azure,0.1.2,0.3.0,2025-07-03,azmcp-storage-blob-list,HINT_INTRODUCED,destructiveHint: True->False (safer),C3b risk hint introduced,hold,minor on 0.x (breaking by convention),,
azure,0.1.2,0.3.0,2025-07-03,azmcp-storage-blob-list,HINT_DECLARED_SAME_VALUE,idempotentHint: declared at default value False,C1 cosmetic,log,minor on 0.x (breaking by convention),,
azure,0.1.2,0.3.0,2025-07-03,azmcp-storage-blob-list,HINT_DECLARED_SAME_VALUE,openWorldHint: declared at default value True,C1 cosmetic,log,minor on 0.x (breaking by convention),,
azure,0.1.2,0.3.0,2025-07-03,azmcp-storage-table-list,HINT_INTRODUCED,readOnlyHint: False->True (safer),C3b risk hint introduced,hold,minor on 0.x (breaking by convention),,
azure,0.1.2,0.3.0,2025-07-03,azmcp-storage-table-list,HINT_INTRODUCED,destructiveHint: True->False (safer),C3b risk hint introduced,hold,minor on 0.x (breaking by convention),,
azure,0.1.2,0.3.0,2025-07-03,azmcp-storage-table-list,HINT_DECLARED_SAME_VALUE,idempotentHint: declared at default value False,C1 cosmetic,log,minor on 0.x (breaking by convention),,
azure,0.1.2,0.3.0,2025-07-03,azmcp-storage-table-list,HINT_DECLARED_SAME_VALUE,openWorldHint: declared at default value True,C1 cosmetic,log,minor on 0.x (breaking by convention),,
azure,0.1.2,0.3.0,2025-07-03,azmcp-subscription-list,HINT_INTRODUCED,readOnlyHint: False->True (safer),C3b risk hint introduced,hold,minor on 0.x (breaking by convention),,
azure,0.1.2,0.3.0,2025-07-03,azmcp-subscription-list,HINT_INTRODUCED,destructiveHint: True->False (safer),C3b risk hint introduced,hold,minor on 0.x (breaking by convention),,
azure,0.1.2,0.3.0,2025-07-03,azmcp-subscription-list,HINT_DECLARED_SAME_VALUE,idempotentHint: declared at default value False,C1 cosmetic,log,minor on 0.x (breaking by convention),,
azure,0.1.2,0.3.0,2025-07-03,azmcp-subscription-list,HINT_DECLARED_SAME_VALUE,openWorldHint: declared at default value True,C1 cosmetic,log,minor on 0.x (breaking by convention),,
azure,0.3.0,0.5.3,2025-08-06,aks,TOOL_ADDED,,C4 new tool,hold,minor on 0.x (breaking by convention),,
azure,0.3.0,0.5.3,2025-08-06,appconfig,TOOL_ADDED,,C4 new tool,hold,minor on 0.x (breaking by convention),,
azure,0.3.0,0.5.3,2025-08-06,azureterraformbestpractices,TOOL_ADDED,,C4 new tool,hold,minor on 0.x (breaking by convention),,
azure,0.3.0,0.5.3,2025-08-06,bestpractices,TOOL_ADDED,,C4 new tool,hold,minor on 0.x (breaking by convention),,
azure,0.3.0,0.5.3,2025-08-06,bicepschema,TOOL_ADDED,,C4 new tool,hold,minor on 0.x (breaking by convention),,
azure,0.3.0,0.5.3,2025-08-06,cosmos,TOOL_ADDED,,C4 new tool,hold,minor on 0.x (breaking by convention),,
azure,0.3.0,0.5.3,2025-08-06,datadog,TOOL_ADDED,,C4 new tool,hold,minor on 0.x (breaking by convention),,
azure,0.3.0,0.5.3,2025-08-06,documentation,TOOL_ADDED,,C4 new tool,hold,minor on 0.x (breaking by convention),,
azure,0.3.0,0.5.3,2025-08-06,extension_az,TOOL_ADDED,,C4 new tool,hold,minor on 0.x (breaking by convention),,
azure,0.3.0,0.5.3,2025-08-06,extension_azd,TOOL_ADDED,,C4 new tool,hold,minor on 0.x (breaking by convention),,
azure,0.3.0,0.5.3,2025-08-06,extension_azqr,TOOL_ADDED,,C4 new tool,hold,minor on 0.x (breaking by convention),,
azure,0.3.0,0.5.3,2025-08-06,foundry,TOOL_ADDED,,C4 new tool,hold,minor on 0.x (breaking by convention),,
azure,0.3.0,0.5.3,2025-08-06,grafana,TOOL_ADDED,,C4 new tool,hold,minor on 0.x (breaking by convention),,
azure,0.3.0,0.5.3,2025-08-06,group,TOOL_ADDED,,C4 new tool,hold,minor on 0.x (breaking by convention),,
azure,0.3.0,0.5.3,2025-08-06,keyvault,TOOL_ADDED,,C4 new tool,hold,minor on 0.x (breaking by convention),,
azure,0.3.0,0.5.3,2025-08-06,kusto,TOOL_ADDED,,C4 new tool,hold,minor on 0.x (breaking by convention),,
azure,0.3.0,0.5.3,2025-08-06,loadtesting,TOOL_ADDED,,C4 new tool,hold,minor on 0.x (breaking by convention),,
azure,0.3.0,0.5.3,2025-08-06,marketplace,TOOL_ADDED,,C4 new tool,hold,minor on 0.x (breaking by convention),,
azure,0.3.0,0.5.3,2025-08-06,monitor,TOOL_ADDED,,C4 new tool,hold,minor on 0.x (breaking by convention),,
azure,0.3.0,0.5.3,2025-08-06,postgres,TOOL_ADDED,,C4 new tool,hold,minor on 0.x (breaking by convention),,
azure,0.3.0,0.5.3,2025-08-06,redis,TOOL_ADDED,,C4 new tool,hold,minor on 0.x (breaking by convention),,
azure,0.3.0,0.5.3,2025-08-06,role,TOOL_ADDED,,C4 new tool,hold,minor on 0.x (breaking by convention),,
azure,0.3.0,0.5.3,2025-08-06,search,TOOL_ADDED,,C4 new tool,hold,minor on 0.x (breaking by convention),,
azure,0.3.0,0.5.3,2025-08-06,servicebus,TOOL_ADDED,,C4 new tool,hold,minor on 0.x (breaking by convention),,
azure,0.3.0,0.5.3,2025-08-06,sql,TOOL_ADDED,,C4 new tool,hold,minor on 0.x (breaking by convention),,
azure,0.3.0,0.5.3,2025-08-06,storage,TOOL_ADDED,,C4 new tool,hold,minor on 0.x (breaking by convention),,
azure,0.3.0,0.5.3,2025-08-06,subscription,TOOL_ADDED,,C4 new tool,hold,minor on 0.x (breaking by convention),,
azure,0.3.0,0.5.3,2025-08-06,virtualdesktop,TOOL_ADDED,,C4 new tool,hold,minor on 0.x (breaking by convention),,
azure,0.3.0,0.5.3,2025-08-06,workbooks,TOOL_ADDED,,C4 new tool,hold,minor on 0.x (breaking by convention),,
azure,0.3.0,0.5.3,2025-08-06,azmcp-appconfig-account-list,TOOL_REMOVED,,C5 tool removed,log,minor on 0.x (breaking by convention),,
azure,0.3.0,0.5.3,2025-08-06,azmcp-appconfig-kv-delete,TOOL_REMOVED,,C5 tool removed,log,minor on 0.x (breaking by convention),,
azure,0.3.0,0.5.3,2025-08-06,azmcp-appconfig-kv-list,TOOL_REMOVED,,C5 tool removed,log,minor on 0.x (breaking by convention),,
azure,0.3.0,0.5.3,2025-08-06,azmcp-appconfig-kv-lock,TOOL_REMOVED,,C5 tool removed,log,minor on 0.x (breaking by convention),,
azure,0.3.0,0.5.3,2025-08-06,azmcp-appconfig-kv-set,TOOL_REMOVED,,C5 tool removed,log,minor on 0.x (breaking by convention),,
azure,0.3.0,0.5.3,2025-08-06,azmcp-appconfig-kv-show,TOOL_REMOVED,,C5 tool removed,log,minor on 0.x (breaking by convention),,
azure,0.3.0,0.5.3,2025-08-06,azmcp-appconfig-kv-unlock,TOOL_REMOVED,,C5 tool removed,log,minor on 0.x (breaking by convention),,
azure,0.3.0,0.5.3,2025-08-06,azmcp-bestpractices-get,TOOL_REMOVED,,C5 tool removed,log,minor on 0.x (breaking by convention),,
azure,0.3.0,0.5.3,2025-08-06,azmcp-bicepschema-get,TOOL_REMOVED,,C5 tool removed,log,minor on 0.x (breaking by convention),,
azure,0.3.0,0.5.3,2025-08-06,azmcp-cosmos-account-list,TOOL_REMOVED,,C5 tool removed,log,minor on 0.x (breaking by convention),,
azure,0.3.0,0.5.3,2025-08-06,azmcp-cosmos-database-container-item-query,TOOL_REMOVED,,C5 tool removed,log,minor on 0.x (breaking by convention),,
azure,0.3.0,0.5.3,2025-08-06,azmcp-cosmos-database-container-list,TOOL_REMOVED,,C5 tool removed,log,minor on 0.x (breaking by convention),,
azure,0.3.0,0.5.3,2025-08-06,azmcp-cosmos-database-list,TOOL_REMOVED,,C5 tool removed,log,minor on 0.x (breaking by convention),,
azure,0.3.0,0.5.3,2025-08-06,azmcp-datadog-monitoredresources-list,TOOL_REMOVED,,C5 tool removed,log,minor on 0.x (breaking by convention),,
azure,0.3.0,0.5.3,2025-08-06,azmcp-extension-az,TOOL_REMOVED,,C5 tool removed,log,minor on 0.x (breaking by convention),,
azure,0.3.0,0.5.3,2025-08-06,azmcp-extension-azd,TOOL_REMOVED,,C5 tool removed,log,minor on 0.x (breaking by convention),,
azure,0.3.0,0.5.3,2025-08-06,azmcp-foundry-models-deploy,TOOL_REMOVED,,C5 tool removed,log,minor on 0.x (breaking by convention),,
azure,0.3.0,0.5.3,2025-08-06,azmcp-foundry-models-deployments-list,TOOL_REMOVED,,C5 tool removed,log,minor on 0.x (breaking by convention),,
azure,0.3.0,0.5.3,2025-08-06,azmcp-foundry-models-list,TOOL_REMOVED,,C5 tool removed,log,minor on 0.x (breaking by convention),,
azure,0.3.0,0.5.3,2025-08-06,azmcp-group-list,TOOL_REMOVED,,C5 tool removed,log,minor on 0.x (breaking by convention),,
azure,0.3.0,0.5.3,2025-08-06,azmcp-keyvault-key-create,TOOL_REMOVED,,C5 tool removed,log,minor on 0.x (breaking by convention),,
azure,0.3.0,0.5.3,2025-08-06,azmcp-keyvault-key-get,TOOL_REMOVED,,C5 tool removed,log,minor on 0.x (breaking by convention),,
azure,0.3.0,0.5.3,2025-08-06,azmcp-keyvault-key-list,TOOL_REMOVED,,C5 tool removed,log,minor on 0.x (breaking by convention),,
azure,0.3.0,0.5.3,2025-08-06,azmcp-keyvault-secret-get,TOOL_REMOVED,,C5 tool removed,log,minor on 0.x (breaking by convention),,
azure,0.3.0,0.5.3,2025-08-06,azmcp-kusto-cluster-get,TOOL_REMOVED,,C5 tool removed,log,minor on 0.x (breaking by convention),,
azure,0.3.0,0.5.3,2025-08-06,azmcp-kusto-cluster-list,TOOL_REMOVED,,C5 tool removed,log,minor on 0.x (breaking by convention),,
azure,0.3.0,0.5.3,2025-08-06,azmcp-kusto-database-list,TOOL_REMOVED,,C5 tool removed,log,minor on 0.x (breaking by convention),,
azure,0.3.0,0.5.3,2025-08-06,azmcp-kusto-query,TOOL_REMOVED,,C5 tool removed,log,minor on 0.x (breaking by convention),,
azure,0.3.0,0.5.3,2025-08-06,azmcp-kusto-sample,TOOL_REMOVED,,C5 tool removed,log,minor on 0.x (breaking by convention),,
azure,0.3.0,0.5.3,2025-08-06,azmcp-kusto-table-list,TOOL_REMOVED,,C5 tool removed,log,minor on 0.x (breaking by convention),,
azure,0.3.0,0.5.3,2025-08-06,azmcp-kusto-table-schema,TOOL_REMOVED,,C5 tool removed,log,minor on 0.x (breaking by convention),,
azure,0.3.0,0.5.3,2025-08-06,azmcp-monitor-healthmodels-entity-gethealth,TOOL_REMOVED,,C5 tool removed,log,minor on 0.x (breaking by convention),,
azure,0.3.0,0.5.3,2025-08-06,azmcp-monitor-metrics-definitions,TOOL_REMOVED,,C5 tool removed,log,minor on 0.x (breaking by convention),,
azure,0.3.0,0.5.3,2025-08-06,azmcp-monitor-metrics-query,TOOL_REMOVED,,C5 tool removed,log,minor on 0.x (breaking by convention),,
azure,0.3.0,0.5.3,2025-08-06,azmcp-monitor-resource-log-query,TOOL_REMOVED,,C5 tool removed,log,minor on 0.x (breaking by convention),,
azure,0.3.0,0.5.3,2025-08-06,azmcp-monitor-table-list,TOOL_REMOVED,,C5 tool removed,log,minor on 0.x (breaking by convention),,
azure,0.3.0,0.5.3,2025-08-06,azmcp-monitor-table-type-list,TOOL_REMOVED,,C5 tool removed,log,minor on 0.x (breaking by convention),,
azure,0.3.0,0.5.3,2025-08-06,azmcp-monitor-workspace-list,TOOL_REMOVED,,C5 tool removed,log,minor on 0.x (breaking by convention),,
azure,0.3.0,0.5.3,2025-08-06,azmcp-monitor-workspace-log-query,TOOL_REMOVED,,C5 tool removed,log,minor on 0.x (breaking by convention),,
azure,0.3.0,0.5.3,2025-08-06,azmcp-postgres-database-list,TOOL_REMOVED,,C5 tool removed,log,minor on 0.x (breaking by convention),,
azure,0.3.0,0.5.3,2025-08-06,azmcp-postgres-database-query,TOOL_REMOVED,,C5 tool removed,log,minor on 0.x (breaking by convention),,
azure,0.3.0,0.5.3,2025-08-06,azmcp-postgres-server-config,TOOL_REMOVED,,C5 tool removed,log,minor on 0.x (breaking by convention),,
azure,0.3.0,0.5.3,2025-08-06,azmcp-postgres-server-list,TOOL_REMOVED,,C5 tool removed,log,minor on 0.x (breaking by convention),,
azure,0.3.0,0.5.3,2025-08-06,azmcp-postgres-server-param,TOOL_REMOVED,,C5 tool removed,log,minor on 0.x (breaking by convention),,
azure,0.3.0,0.5.3,2025-08-06,azmcp-postgres-server-setparam,TOOL_REMOVED,,C5 tool removed,log,minor on 0.x (breaking by convention),,
azure,0.3.0,0.5.3,2025-08-06,azmcp-postgres-table-list,TOOL_REMOVED,,C5 tool removed,log,minor on 0.x (breaking by convention),,
azure,0.3.0,0.5.3,2025-08-06,azmcp-postgres-table-schema,TOOL_REMOVED,,C5 tool removed,log,minor on 0.x (breaking by convention),,
azure,0.3.0,0.5.3,2025-08-06,azmcp-redis-cache-accesspolicy-list,TOOL_REMOVED,,C5 tool removed,log,minor on 0.x (breaking by convention),,
azure,0.3.0,0.5.3,2025-08-06,azmcp-redis-cache-list,TOOL_REMOVED,,C5 tool removed,log,minor on 0.x (breaking by convention),,
azure,0.3.0,0.5.3,2025-08-06,azmcp-redis-cluster-database-list,TOOL_REMOVED,,C5 tool removed,log,minor on 0.x (breaking by convention),,
azure,0.3.0,0.5.3,2025-08-06,azmcp-redis-cluster-list,TOOL_REMOVED,,C5 tool removed,log,minor on 0.x (breaking by convention),,
azure,0.3.0,0.5.3,2025-08-06,azmcp-role-assignment-list,TOOL_REMOVED,,C5 tool removed,log,minor on 0.x (breaking by convention),,
azure,0.3.0,0.5.3,2025-08-06,azmcp-search-index-describe,TOOL_REMOVED,,C5 tool removed,log,minor on 0.x (breaking by convention),,
azure,0.3.0,0.5.3,2025-08-06,azmcp-search-index-list,TOOL_REMOVED,,C5 tool removed,log,minor on 0.x (breaking by convention),,
azure,0.3.0,0.5.3,2025-08-06,azmcp-search-index-query,TOOL_REMOVED,,C5 tool removed,log,minor on 0.x (breaking by convention),,
azure,0.3.0,0.5.3,2025-08-06,azmcp-search-service-list,TOOL_REMOVED,,C5 tool removed,log,minor on 0.x (breaking by convention),,
azure,0.3.0,0.5.3,2025-08-06,azmcp-servicebus-queue-details,TOOL_REMOVED,,C5 tool removed,log,minor on 0.x (breaking by convention),,
azure,0.3.0,0.5.3,2025-08-06,azmcp-servicebus-topic-details,TOOL_REMOVED,,C5 tool removed,log,minor on 0.x (breaking by convention),,
azure,0.3.0,0.5.3,2025-08-06,azmcp-servicebus-topic-subscription-details,TOOL_REMOVED,,C5 tool removed,log,minor on 0.x (breaking by convention),,
azure,0.3.0,0.5.3,2025-08-06,azmcp-storage-account-list,TOOL_REMOVED,,C5 tool removed,log,minor on 0.x (breaking by convention),,
azure,0.3.0,0.5.3,2025-08-06,azmcp-storage-blob-container-details,TOOL_REMOVED,,C5 tool removed,log,minor on 0.x (breaking by convention),,
azure,0.3.0,0.5.3,2025-08-06,azmcp-storage-blob-container-list,TOOL_REMOVED,,C5 tool removed,log,minor on 0.x (breaking by convention),,
azure,0.3.0,0.5.3,2025-08-06,azmcp-storage-blob-list,TOOL_REMOVED,,C5 tool removed,log,minor on 0.x (breaking by convention),,
azure,0.3.0,0.5.3,2025-08-06,azmcp-storage-table-list,TOOL_REMOVED,,C5 tool removed,log,minor on 0.x (breaking by convention),,
azure,0.3.0,0.5.3,2025-08-06,azmcp-subscription-list,TOOL_REMOVED,,C5 tool removed,log,minor on 0.x (breaking by convention),,
azure,0.5.3,0.5.11,2025-09-03,acr,TOOL_ADDED,,C4 new tool,hold,patch,,
azure,0.5.3,0.5.11,2025-09-03,azuremanagedlustre,TOOL_ADDED,,C4 new tool,hold,patch,,
azure,0.5.3,0.5.11,2025-09-03,cloudarchitect,TOOL_ADDED,,C4 new tool,hold,patch,,
azure,0.5.3,0.5.11,2025-09-03,deploy,TOOL_ADDED,,C4 new tool,hold,patch,,
azure,0.5.3,0.5.11,2025-09-03,functionapp,TOOL_ADDED,,C4 new tool,hold,patch,,
azure,0.5.3,0.5.11,2025-09-03,mysql,TOOL_ADDED,,C4 new tool,hold,patch,,
azure,0.5.3,0.5.11,2025-09-03,quota,TOOL_ADDED,,C4 new tool,hold,patch,,
azure,0.5.3,0.5.11,2025-09-03,resourcehealth,TOOL_ADDED,,C4 new tool,hold,patch,,
azure,0.5.3,0.5.11,2025-09-03,azureterraformbestpractices,DESC_REWORD,similarity 0.88,C1 cosmetic (review),log,patch,,
azure,0.5.3,0.5.11,2025-09-03,bestpractices,DESC_REWORD,similarity 0.42,C1 cosmetic (review),log,patch,,
azure,0.5.3,0.5.11,2025-09-03,search,DESC_SCOPE_CANDIDATE,new action words: execute; similarity 0.37,C1 cosmetic (manual),log,patch,,Reworded; same list/get/query capability.
azure,0.5.3,0.5.11,2025-09-03,storage,DESC_REWORD,similarity 0.42,C1 cosmetic (review),log,patch,,
azure,0.5.11,0.8.3,2025-09-30,applens,TOOL_ADDED,,C4 new tool,hold,minor on 0.x (breaking by convention),,
azure,0.5.11,0.8.3,2025-09-30,applicationinsights,TOOL_ADDED,,C4 new tool,hold,minor on 0.x (breaking by convention),,
azure,0.5.11,0.8.3,2025-09-30,appservice,TOOL_ADDED,,C4 new tool,hold,minor on 0.x (breaking by convention),,
azure,0.5.11,0.8.3,2025-09-30,azd,TOOL_ADDED,,C4 new tool,hold,minor on 0.x (breaking by convention),,
azure,0.5.11,0.8.3,2025-09-30,eventgrid,TOOL_ADDED,,C4 new tool,hold,minor on 0.x (breaking by convention),,
azure,0.5.11,0.8.3,2025-09-30,eventhubs,TOOL_ADDED,,C4 new tool,hold,minor on 0.x (breaking by convention),,
azure,0.5.11,0.8.3,2025-09-30,get_bestpractices,TOOL_ADDED,,C4 new tool,hold,minor on 0.x (breaking by convention),,
azure,0.5.11,0.8.3,2025-09-30,speech,TOOL_ADDED,,C4 new tool,hold,minor on 0.x (breaking by convention),,
azure,0.5.11,0.8.3,2025-09-30,bestpractices,TOOL_REMOVED,,C5 tool removed,log,minor on 0.x (breaking by convention),,
azure,0.5.11,0.8.3,2025-09-30,extension_az,TOOL_REMOVED,,C5 tool removed,log,minor on 0.x (breaking by convention),,
azure,0.5.11,0.8.3,2025-09-30,extension_azd,TOOL_REMOVED,,C5 tool removed,log,minor on 0.x (breaking by convention),,
azure,0.5.11,0.8.3,2025-09-30,extension_azqr,HINT_FLIP,idempotentHint: False->True (safer),C3a risk-hint flip,hold,minor on 0.x (breaking by convention),,
azure,0.5.11,0.8.3,2025-09-30,extension_azqr,HINT_FLIP,openWorldHint: True->False (safer),C3a risk-hint flip,hold,minor on 0.x (breaking by convention),,
azure,0.5.11,0.8.3,2025-09-30,resourcehealth,DESC_REWORD,similarity 0.98,C1 cosmetic (review),log,minor on 0.x (breaking by convention),,
azure,0.5.11,0.8.3,2025-09-30,search,DESC_FORMAT,whitespace/punctuation only,C0 serialization noise,log,minor on 0.x (breaking by convention),,
azure,0.5.11,0.8.3,2025-09-30,storage,DESC_REWORD,similarity 0.73,C1 cosmetic (review),log,minor on 0.x (breaking by convention),,
azure,0.8.3,0.9.4,2025-10-18,communication,TOOL_ADDED,,C4 new tool,hold,minor on 0.x (breaking by convention),,
azure,0.8.3,0.9.4,2025-10-18,confidentialledger,TOOL_ADDED,,C4 new tool,hold,minor on 0.x (breaking by convention),,
azure,0.8.3,0.9.4,2025-10-18,extension_cli_generate,TOOL_ADDED,,C4 new tool,hold,minor on 0.x (breaking by convention),,
azure,0.8.3,0.9.4,2025-10-18,extension_cli_install,TOOL_ADDED,,C4 new tool,hold,minor on 0.x (breaking by convention),,
azure,0.8.3,0.9.4,2025-10-18,group_list,TOOL_ADDED,,C4 new tool,hold,minor on 0.x (breaking by convention),,
azure,0.8.3,0.9.4,2025-10-18,managedlustre,TOOL_ADDED,,C4 new tool,hold,minor on 0.x (breaking by convention),,
azure,0.8.3,0.9.4,2025-10-18,signalr,TOOL_ADDED,,C4 new tool,hold,minor on 0.x (breaking by convention),,
azure,0.8.3,0.9.4,2025-10-18,subscription_list,TOOL_ADDED,,C4 new tool,hold,minor on 0.x (breaking by convention),,
azure,0.8.3,0.9.4,2025-10-18,azuremanagedlustre,TOOL_REMOVED,,C5 tool removed,log,minor on 0.x (breaking by convention),,
azure,0.8.3,0.9.4,2025-10-18,group,TOOL_REMOVED,,C5 tool removed,log,minor on 0.x (breaking by convention),,
azure,0.8.3,0.9.4,2025-10-18,subscription,TOOL_REMOVED,,C5 tool removed,log,minor on 0.x (breaking by convention),,
azure,0.8.3,0.9.4,2025-10-18,aks,DESC_REWORD,similarity 0.55,C1 cosmetic (review),log,minor on 0.x (breaking by convention),,
azure,0.8.3,0.9.4,2025-10-18,eventhubs,DESC_REWORD,similarity 0.89,C1 cosmetic (review),log,minor on 0.x (breaking by convention),,
azure,0.8.3,0.9.4,2025-10-18,redis,DESC_REWORD,similarity 0.69,C1 cosmetic (review),log,minor on 0.x (breaking by convention),,
azure,0.8.3,0.9.4,2025-10-18,search,DESC_REWORD,similarity 0.67,C1 cosmetic (review),log,minor on 0.x (breaking by convention),,
azure,0.9.4,1.0.2,2026-03-06,applicationinsights,DESC_REWORD,similarity 0.87,C1 cosmetic (review),log,major,,
azure,0.9.4,1.0.2,2026-03-06,servicebus,DESC_REWORD,similarity 0.45,C1 cosmetic (review),log,major,,
azure,1.0.2,2.0.5,2026-07-10,advisor,TOOL_ADDED,,C4 new tool,hold,major,,
azure,1.0.2,2.0.5,2026-07-10,azuremigrate,TOOL_ADDED,,C4 new tool,hold,major,,
azure,1.0.2,2.0.5,2026-07-10,compute,TOOL_ADDED,,C4 new tool,hold,major,,
azure,1.0.2,2.0.5,2026-07-10,containerapps,TOOL_ADDED,,C4 new tool,hold,major,,
azure,1.0.2,2.0.5,2026-07-10,deviceregistry,TOOL_ADDED,,C4 new tool,hold,major,,
azure,1.0.2,2.0.5,2026-07-10,fileshares,TOOL_ADDED,,C4 new tool,hold,major,,
azure,1.0.2,2.0.5,2026-07-10,foundryextensions,TOOL_ADDED,,C4 new tool,hold,major,,
azure,1.0.2,2.0.5,2026-07-10,functions,TOOL_ADDED,,C4 new tool,hold,major,,
azure,1.0.2,2.0.5,2026-07-10,get_azure_bestpractices,TOOL_ADDED,,C4 new tool,hold,major,,
azure,1.0.2,2.0.5,2026-07-10,group_resource_list,TOOL_ADDED,,C4 new tool,hold,major,,
azure,1.0.2,2.0.5,2026-07-10,policy,TOOL_ADDED,,C4 new tool,hold,major,,
azure,1.0.2,2.0.5,2026-07-10,pricing,TOOL_ADDED,,C4 new tool,hold,major,,
azure,1.0.2,2.0.5,2026-07-10,servicefabric,TOOL_ADDED,,C4 new tool,hold,major,,
azure,1.0.2,2.0.5,2026-07-10,storagesync,TOOL_ADDED,,C4 new tool,hold,major,,
azure,1.0.2,2.0.5,2026-07-10,wellarchitectedframework,TOOL_ADDED,,C4 new tool,hold,major,,
azure,1.0.2,2.0.5,2026-07-10,get_bestpractices,TOOL_REMOVED,,C5 tool removed,log,major,,
azure,1.0.2,2.0.5,2026-07-10,applens,DESC_REWORD,similarity 0.53,C1 cosmetic (review),log,major,,
azure,1.0.2,2.0.5,2026-07-10,cosmos,DESC_REWORD,similarity 0.99,C1 cosmetic (review),log,major,,
azure,1.0.2,2.0.5,2026-07-10,deploy,DESC_REWORD,similarity 0.40,C1 cosmetic (review),log,major,,
azure,1.0.2,2.0.5,2026-07-10,extension_azqr,DESC_REWORD,similarity 0.35,C1 cosmetic (review),log,major,,
azure,1.0.2,2.0.5,2026-07-10,extension_azqr,SCHEMA_CONSTRAINT,types/enums/defaults/limits changed,C2b contract change,hold,major,,
azure,1.0.2,2.0.5,2026-07-10,extension_cli_generate,DESC_REWORD,similarity 0.41,C1 cosmetic (review),log,major,,
azure,1.0.2,2.0.5,2026-07-10,extension_cli_generate,SCHEMA_CONSTRAINT,types/enums/defaults/limits changed,C2b contract change,hold,major,,
azure,1.0.2,2.0.5,2026-07-10,extension_cli_install,DESC_REWORD,similarity 0.52,C1 cosmetic (review),log,major,,
azure,1.0.2,2.0.5,2026-07-10,extension_cli_install,SCHEMA_CONSTRAINT,types/enums/defaults/limits changed,C2b contract change,hold,major,,
azure,1.0.2,2.0.5,2026-07-10,foundry,DESC_SCOPE_CANDIDATE,"new action words: create,modify; similarity 0.63",C2 capability expansion (manual),hold,major,,"Was listing and managing; now read, create, modify Models, Agents and Evaluation workflows."
azure,1.0.2,2.0.5,2026-07-10,group_list,SCHEMA_CONSTRAINT,types/enums/defaults/limits changed,C2b contract change,hold,major,,
azure,1.0.2,2.0.5,2026-07-10,redis,DESC_REWORD,similarity 0.95,C1 cosmetic (review),log,major,,
azure,1.0.2,2.0.5,2026-07-10,resourcehealth,DESC_REWORD,similarity 0.13,C1 cosmetic (review),log,major,,
azure,1.0.2,2.0.5,2026-07-10,search,DESC_REWORD,similarity 0.14,C1 cosmetic (review),log,major,,
azure,1.0.2,2.0.5,2026-07-10,servicebus,DESC_REWORD,similarity 0.48,C1 cosmetic (review),log,major,,
azure,1.0.2,2.0.5,2026-07-10,speech,DESC_REWORD,similarity 0.42,C1 cosmetic (review),log,major,,
azure,1.0.2,2.0.5,2026-07-10,storage,DESC_SCOPE_CANDIDATE,new action words: create; similarity 0.38,C2 capability expansion (manual),hold,major,,"Now creates storage accounts and containers, uploads files, and covers tables."
azure,1.0.2,2.0.5,2026-07-10,subscription_list,DESC_REWORD,similarity 0.22,C1 cosmetic (review),log,major,,
azure,1.0.2,2.0.5,2026-07-10,subscription_list,SCHEMA_CONSTRAINT,types/enums/defaults/limits changed,C2b contract change,hold,major,,
supabase,0.1.2,0.3.2,2025-04-08,confirm_cost,TOOL_ADDED,,C4 new tool,hold,minor on 0.x (breaking by convention),,
supabase,0.1.2,0.3.2,2025-04-08,get_cost,TOOL_ADDED,,C4 new tool,hold,minor on 0.x (breaking by convention),,
supabase,0.1.2,0.3.2,2025-04-08,enable_branching,TOOL_REMOVED,,C5 tool removed,log,minor on 0.x (breaking by convention),,
supabase,0.1.2,0.3.2,2025-04-08,create_branch,SCHEMA_PARAM_ADDED,confirm_cost_id,C2 capability expansion,hold,minor on 0.x (breaking by convention),,
supabase,0.1.2,0.3.2,2025-04-08,create_project,DESC_REWORD,similarity 0.99,C1 cosmetic (review),log,minor on 0.x (breaking by convention),,
supabase,0.1.2,0.3.2,2025-04-08,create_project,SCHEMA_PARAM_ADDED,confirm_cost_id,C2 capability expansion,hold,minor on 0.x (breaking by convention),,
supabase,0.1.2,0.3.2,2025-04-08,execute_sql,DESC_REWORD,similarity 0.98,C1 cosmetic (review),log,minor on 0.x (breaking by convention),,
supabase,0.1.2,0.3.2,2025-04-08,get_logs,SCHEMA_CONSTRAINT,types/enums/defaults/limits changed,C2b contract change,hold,minor on 0.x (breaking by convention),,
supabase,0.3.2,0.4.0,2025-04-25,deploy_edge_function,TOOL_ADDED,,C4 new tool,hold,minor on 0.x (breaking by convention),,
supabase,0.3.2,0.4.0,2025-04-25,list_edge_functions,TOOL_ADDED,,C4 new tool,hold,minor on 0.x (breaking by convention),,
supabase,0.3.2,0.4.0,2025-04-25,apply_migration,DESC_REWORD,similarity 0.70,C1 cosmetic (review),log,minor on 0.x (breaking by convention),,
supabase,0.3.2,0.4.0,2025-04-25,list_projects,DESC_REWORD,similarity 0.49,C1 cosmetic (review),log,minor on 0.x (breaking by convention),,
supabase,0.3.2,0.4.0,2025-04-25,list_tables,DESC_REWORD,similarity 0.81,C1 cosmetic (review),log,minor on 0.x (breaking by convention),,
supabase,0.3.2,0.4.0,2025-04-25,list_tables,SCHEMA_CONSTRAINT,types/enums/defaults/limits changed,C2b contract change,hold,minor on 0.x (breaking by convention),,
supabase,0.4.0,0.4.4,2025-06-18,get_advisors,TOOL_ADDED,,C4 new tool,hold,patch,,
supabase,0.4.0,0.4.4,2025-06-18,search_docs,TOOL_ADDED,,C4 new tool,hold,patch,,
supabase,0.4.0,0.4.4,2025-06-18,execute_sql,DESC_REWORD,similarity 0.63,C1 cosmetic (review),log,patch,,
supabase,0.4.4,0.5.2,2025-09-03,create_project,SCHEMA_REQUIRED_CHANGED,+['region'] -[],C2b contract change,hold,minor on 0.x (breaking by convention),,
supabase,0.5.2,0.5.7,2025-10-20,get_edge_function,TOOL_ADDED,,C4 new tool,hold,patch,,
supabase,0.5.2,0.5.7,2025-10-20,apply_migration,HINT_DECLARED_SAME_VALUE,readOnlyHint: declared at default value False,C1 cosmetic,log,patch,,
supabase,0.5.2,0.5.7,2025-10-20,apply_migration,HINT_DECLARED_SAME_VALUE,destructiveHint: declared at default value True,C1 cosmetic,log,patch,,
supabase,0.5.2,0.5.7,2025-10-20,apply_migration,HINT_DECLARED_SAME_VALUE,idempotentHint: declared at default value False,C1 cosmetic,log,patch,,
supabase,0.5.2,0.5.7,2025-10-20,apply_migration,HINT_DECLARED_SAME_VALUE,openWorldHint: declared at default value True,C1 cosmetic,log,patch,,
supabase,0.5.2,0.5.7,2025-10-20,confirm_cost,HINT_INTRODUCED,readOnlyHint: False->True (safer),C3b risk hint introduced,hold,patch,,
supabase,0.5.2,0.5.7,2025-10-20,confirm_cost,HINT_INTRODUCED,destructiveHint: True->False (safer),C3b risk hint introduced,hold,patch,,
supabase,0.5.2,0.5.7,2025-10-20,confirm_cost,HINT_INTRODUCED,idempotentHint: False->True (safer),C3b risk hint introduced,hold,patch,,
supabase,0.5.2,0.5.7,2025-10-20,confirm_cost,HINT_INTRODUCED,openWorldHint: True->False (safer),C3b risk hint introduced,hold,patch,,
supabase,0.5.2,0.5.7,2025-10-20,create_branch,HINT_DECLARED_SAME_VALUE,readOnlyHint: declared at default value False,C1 cosmetic,log,patch,,
supabase,0.5.2,0.5.7,2025-10-20,create_branch,HINT_INTRODUCED,destructiveHint: True->False (safer),C3b risk hint introduced,hold,patch,,
supabase,0.5.2,0.5.7,2025-10-20,create_branch,HINT_DECLARED_SAME_VALUE,idempotentHint: declared at default value False,C1 cosmetic,log,patch,,
supabase,0.5.2,0.5.7,2025-10-20,create_branch,HINT_INTRODUCED,openWorldHint: True->False (safer),C3b risk hint introduced,hold,patch,,
supabase,0.5.2,0.5.7,2025-10-20,create_project,HINT_DECLARED_SAME_VALUE,readOnlyHint: declared at default value False,C1 cosmetic,log,patch,,
supabase,0.5.2,0.5.7,2025-10-20,create_project,HINT_INTRODUCED,destructiveHint: True->False (safer),C3b risk hint introduced,hold,patch,,
supabase,0.5.2,0.5.7,2025-10-20,create_project,HINT_DECLARED_SAME_VALUE,idempotentHint: declared at default value False,C1 cosmetic,log,patch,,
supabase,0.5.2,0.5.7,2025-10-20,create_project,HINT_INTRODUCED,openWorldHint: True->False (safer),C3b risk hint introduced,hold,patch,,
supabase,0.5.2,0.5.7,2025-10-20,delete_branch,HINT_DECLARED_SAME_VALUE,readOnlyHint: declared at default value False,C1 cosmetic,log,patch,,
supabase,0.5.2,0.5.7,2025-10-20,delete_branch,HINT_DECLARED_SAME_VALUE,destructiveHint: declared at default value True,C1 cosmetic,log,patch,,
supabase,0.5.2,0.5.7,2025-10-20,delete_branch,HINT_DECLARED_SAME_VALUE,idempotentHint: declared at default value False,C1 cosmetic,log,patch,,
supabase,0.5.2,0.5.7,2025-10-20,delete_branch,HINT_INTRODUCED,openWorldHint: True->False (safer),C3b risk hint introduced,hold,patch,,
supabase,0.5.2,0.5.7,2025-10-20,deploy_edge_function,HINT_DECLARED_SAME_VALUE,readOnlyHint: declared at default value False,C1 cosmetic,log,patch,,
supabase,0.5.2,0.5.7,2025-10-20,deploy_edge_function,HINT_DECLARED_SAME_VALUE,destructiveHint: declared at default value True,C1 cosmetic,log,patch,,
supabase,0.5.2,0.5.7,2025-10-20,deploy_edge_function,HINT_DECLARED_SAME_VALUE,idempotentHint: declared at default value False,C1 cosmetic,log,patch,,
supabase,0.5.2,0.5.7,2025-10-20,deploy_edge_function,HINT_INTRODUCED,openWorldHint: True->False (safer),C3b risk hint introduced,hold,patch,,
supabase,0.5.2,0.5.7,2025-10-20,execute_sql,HINT_DECLARED_SAME_VALUE,readOnlyHint: declared at default value False,C1 cosmetic,log,patch,,
supabase,0.5.2,0.5.7,2025-10-20,execute_sql,HINT_DECLARED_SAME_VALUE,destructiveHint: declared at default value True,C1 cosmetic,log,patch,,
supabase,0.5.2,0.5.7,2025-10-20,execute_sql,HINT_DECLARED_SAME_VALUE,idempotentHint: declared at default value False,C1 cosmetic,log,patch,,
supabase,0.5.2,0.5.7,2025-10-20,execute_sql,HINT_DECLARED_SAME_VALUE,openWorldHint: declared at default value True,C1 cosmetic,log,patch,,
supabase,0.5.2,0.5.7,2025-10-20,generate_typescript_types,HINT_INTRODUCED,readOnlyHint: False->True (safer),C3b risk hint introduced,hold,patch,,
supabase,0.5.2,0.5.7,2025-10-20,generate_typescript_types,HINT_INTRODUCED,destructiveHint: True->False (safer),C3b risk hint introduced,hold,patch,,
supabase,0.5.2,0.5.7,2025-10-20,generate_typescript_types,HINT_INTRODUCED,idempotentHint: False->True (safer),C3b risk hint introduced,hold,patch,,
supabase,0.5.2,0.5.7,2025-10-20,generate_typescript_types,HINT_INTRODUCED,openWorldHint: True->False (safer),C3b risk hint introduced,hold,patch,,
supabase,0.5.2,0.5.7,2025-10-20,get_advisors,HINT_INTRODUCED,readOnlyHint: False->True (safer),C3b risk hint introduced,hold,patch,,
supabase,0.5.2,0.5.7,2025-10-20,get_advisors,HINT_INTRODUCED,destructiveHint: True->False (safer),C3b risk hint introduced,hold,patch,,
supabase,0.5.2,0.5.7,2025-10-20,get_advisors,HINT_INTRODUCED,idempotentHint: False->True (safer),C3b risk hint introduced,hold,patch,,
supabase,0.5.2,0.5.7,2025-10-20,get_advisors,HINT_INTRODUCED,openWorldHint: True->False (safer),C3b risk hint introduced,hold,patch,,
supabase,0.5.2,0.5.7,2025-10-20,get_anon_key,HINT_INTRODUCED,readOnlyHint: False->True (safer),C3b risk hint introduced,hold,patch,,
supabase,0.5.2,0.5.7,2025-10-20,get_anon_key,HINT_INTRODUCED,destructiveHint: True->False (safer),C3b risk hint introduced,hold,patch,,
supabase,0.5.2,0.5.7,2025-10-20,get_anon_key,HINT_INTRODUCED,idempotentHint: False->True (safer),C3b risk hint introduced,hold,patch,,
supabase,0.5.2,0.5.7,2025-10-20,get_anon_key,HINT_INTRODUCED,openWorldHint: True->False (safer),C3b risk hint introduced,hold,patch,,
supabase,0.5.2,0.5.7,2025-10-20,get_cost,HINT_INTRODUCED,readOnlyHint: False->True (safer),C3b risk hint introduced,hold,patch,,
supabase,0.5.2,0.5.7,2025-10-20,get_cost,HINT_INTRODUCED,destructiveHint: True->False (safer),C3b risk hint introduced,hold,patch,,
supabase,0.5.2,0.5.7,2025-10-20,get_cost,HINT_INTRODUCED,idempotentHint: False->True (safer),C3b risk hint introduced,hold,patch,,
supabase,0.5.2,0.5.7,2025-10-20,get_cost,HINT_INTRODUCED,openWorldHint: True->False (safer),C3b risk hint introduced,hold,patch,,
supabase,0.5.2,0.5.7,2025-10-20,get_logs,DESC_REWORD,similarity 0.74,C1 cosmetic (review),log,patch,,
supabase,0.5.2,0.5.7,2025-10-20,get_logs,HINT_INTRODUCED,readOnlyHint: False->True (safer),C3b risk hint introduced,hold,patch,,
supabase,0.5.2,0.5.7,2025-10-20,get_logs,HINT_INTRODUCED,destructiveHint: True->False (safer),C3b risk hint introduced,hold,patch,,
supabase,0.5.2,0.5.7,2025-10-20,get_logs,HINT_INTRODUCED,idempotentHint: False->True (safer),C3b risk hint introduced,hold,patch,,
supabase,0.5.2,0.5.7,2025-10-20,get_logs,HINT_INTRODUCED,openWorldHint: True->False (safer),C3b risk hint introduced,hold,patch,,
supabase,0.5.2,0.5.7,2025-10-20,get_organization,HINT_INTRODUCED,readOnlyHint: False->True (safer),C3b risk hint introduced,hold,patch,,
supabase,0.5.2,0.5.7,2025-10-20,get_organization,HINT_INTRODUCED,destructiveHint: True->False (safer),C3b risk hint introduced,hold,patch,,
supabase,0.5.2,0.5.7,2025-10-20,get_organization,HINT_INTRODUCED,idempotentHint: False->True (safer),C3b risk hint introduced,hold,patch,,
supabase,0.5.2,0.5.7,2025-10-20,get_organization,HINT_INTRODUCED,openWorldHint: True->False (safer),C3b risk hint introduced,hold,patch,,
supabase,0.5.2,0.5.7,2025-10-20,get_project,HINT_INTRODUCED,readOnlyHint: False->True (safer),C3b risk hint introduced,hold,patch,,
supabase,0.5.2,0.5.7,2025-10-20,get_project,HINT_INTRODUCED,destructiveHint: True->False (safer),C3b risk hint introduced,hold,patch,,
supabase,0.5.2,0.5.7,2025-10-20,get_project,HINT_INTRODUCED,idempotentHint: False->True (safer),C3b risk hint introduced,hold,patch,,
supabase,0.5.2,0.5.7,2025-10-20,get_project,HINT_INTRODUCED,openWorldHint: True->False (safer),C3b risk hint introduced,hold,patch,,
supabase,0.5.2,0.5.7,2025-10-20,get_project_url,HINT_INTRODUCED,readOnlyHint: False->True (safer),C3b risk hint introduced,hold,patch,,
supabase,0.5.2,0.5.7,2025-10-20,get_project_url,HINT_INTRODUCED,destructiveHint: True->False (safer),C3b risk hint introduced,hold,patch,,
supabase,0.5.2,0.5.7,2025-10-20,get_project_url,HINT_INTRODUCED,idempotentHint: False->True (safer),C3b risk hint introduced,hold,patch,,
supabase,0.5.2,0.5.7,2025-10-20,get_project_url,HINT_INTRODUCED,openWorldHint: True->False (safer),C3b risk hint introduced,hold,patch,,
supabase,0.5.2,0.5.7,2025-10-20,list_branches,HINT_INTRODUCED,readOnlyHint: False->True (safer),C3b risk hint introduced,hold,patch,,
supabase,0.5.2,0.5.7,2025-10-20,list_branches,HINT_INTRODUCED,destructiveHint: True->False (safer),C3b risk hint introduced,hold,patch,,
supabase,0.5.2,0.5.7,2025-10-20,list_branches,HINT_INTRODUCED,idempotentHint: False->True (safer),C3b risk hint introduced,hold,patch,,
supabase,0.5.2,0.5.7,2025-10-20,list_branches,HINT_INTRODUCED,openWorldHint: True->False (safer),C3b risk hint introduced,hold,patch,,
supabase,0.5.2,0.5.7,2025-10-20,list_edge_functions,HINT_INTRODUCED,readOnlyHint: False->True (safer),C3b risk hint introduced,hold,patch,,
supabase,0.5.2,0.5.7,2025-10-20,list_edge_functions,HINT_INTRODUCED,destructiveHint: True->False (safer),C3b risk hint introduced,hold,patch,,
supabase,0.5.2,0.5.7,2025-10-20,list_edge_functions,HINT_INTRODUCED,idempotentHint: False->True (safer),C3b risk hint introduced,hold,patch,,
supabase,0.5.2,0.5.7,2025-10-20,list_edge_functions,HINT_INTRODUCED,openWorldHint: True->False (safer),C3b risk hint introduced,hold,patch,,
supabase,0.5.2,0.5.7,2025-10-20,list_extensions,HINT_INTRODUCED,readOnlyHint: False->True (safer),C3b risk hint introduced,hold,patch,,
supabase,0.5.2,0.5.7,2025-10-20,list_extensions,HINT_INTRODUCED,destructiveHint: True->False (safer),C3b risk hint introduced,hold,patch,,
supabase,0.5.2,0.5.7,2025-10-20,list_extensions,HINT_INTRODUCED,idempotentHint: False->True (safer),C3b risk hint introduced,hold,patch,,
supabase,0.5.2,0.5.7,2025-10-20,list_extensions,HINT_INTRODUCED,openWorldHint: True->False (safer),C3b risk hint introduced,hold,patch,,
supabase,0.5.2,0.5.7,2025-10-20,list_migrations,HINT_INTRODUCED,readOnlyHint: False->True (safer),C3b risk hint introduced,hold,patch,,
supabase,0.5.2,0.5.7,2025-10-20,list_migrations,HINT_INTRODUCED,destructiveHint: True->False (safer),C3b risk hint introduced,hold,patch,,
supabase,0.5.2,0.5.7,2025-10-20,list_migrations,HINT_INTRODUCED,idempotentHint: False->True (safer),C3b risk hint introduced,hold,patch,,
supabase,0.5.2,0.5.7,2025-10-20,list_migrations,HINT_INTRODUCED,openWorldHint: True->False (safer),C3b risk hint introduced,hold,patch,,
supabase,0.5.2,0.5.7,2025-10-20,list_organizations,HINT_INTRODUCED,readOnlyHint: False->True (safer),C3b risk hint introduced,hold,patch,,
supabase,0.5.2,0.5.7,2025-10-20,list_organizations,HINT_INTRODUCED,destructiveHint: True->False (safer),C3b risk hint introduced,hold,patch,,
supabase,0.5.2,0.5.7,2025-10-20,list_organizations,HINT_INTRODUCED,idempotentHint: False->True (safer),C3b risk hint introduced,hold,patch,,
supabase,0.5.2,0.5.7,2025-10-20,list_organizations,HINT_INTRODUCED,openWorldHint: True->False (safer),C3b risk hint introduced,hold,patch,,
supabase,0.5.2,0.5.7,2025-10-20,list_projects,HINT_INTRODUCED,readOnlyHint: False->True (safer),C3b risk hint introduced,hold,patch,,
supabase,0.5.2,0.5.7,2025-10-20,list_projects,HINT_INTRODUCED,destructiveHint: True->False (safer),C3b risk hint introduced,hold,patch,,
supabase,0.5.2,0.5.7,2025-10-20,list_projects,HINT_INTRODUCED,idempotentHint: False->True (safer),C3b risk hint introduced,hold,patch,,
supabase,0.5.2,0.5.7,2025-10-20,list_projects,HINT_INTRODUCED,openWorldHint: True->False (safer),C3b risk hint introduced,hold,patch,,
supabase,0.5.2,0.5.7,2025-10-20,list_tables,HINT_INTRODUCED,readOnlyHint: False->True (safer),C3b risk hint introduced,hold,patch,,
supabase,0.5.2,0.5.7,2025-10-20,list_tables,HINT_INTRODUCED,destructiveHint: True->False (safer),C3b risk hint introduced,hold,patch,,
supabase,0.5.2,0.5.7,2025-10-20,list_tables,HINT_INTRODUCED,idempotentHint: False->True (safer),C3b risk hint introduced,hold,patch,,
supabase,0.5.2,0.5.7,2025-10-20,list_tables,HINT_INTRODUCED,openWorldHint: True->False (safer),C3b risk hint introduced,hold,patch,,
supabase,0.5.2,0.5.7,2025-10-20,merge_branch,HINT_DECLARED_SAME_VALUE,readOnlyHint: declared at default value False,C1 cosmetic,log,patch,,
supabase,0.5.2,0.5.7,2025-10-20,merge_branch,HINT_DECLARED_SAME_VALUE,destructiveHint: declared at default value True,C1 cosmetic,log,patch,,
supabase,0.5.2,0.5.7,2025-10-20,merge_branch,HINT_DECLARED_SAME_VALUE,idempotentHint: declared at default value False,C1 cosmetic,log,patch,,
supabase,0.5.2,0.5.7,2025-10-20,merge_branch,HINT_INTRODUCED,openWorldHint: True->False (safer),C3b risk hint introduced,hold,patch,,
supabase,0.5.2,0.5.7,2025-10-20,pause_project,HINT_DECLARED_SAME_VALUE,readOnlyHint: declared at default value False,C1 cosmetic,log,patch,,
supabase,0.5.2,0.5.7,2025-10-20,pause_project,HINT_INTRODUCED,destructiveHint: True->False (safer),C3b risk hint introduced,hold,patch,,
supabase,0.5.2,0.5.7,2025-10-20,pause_project,HINT_DECLARED_SAME_VALUE,idempotentHint: declared at default value False,C1 cosmetic,log,patch,,
supabase,0.5.2,0.5.7,2025-10-20,pause_project,HINT_INTRODUCED,openWorldHint: True->False (safer),C3b risk hint introduced,hold,patch,,
supabase,0.5.2,0.5.7,2025-10-20,rebase_branch,HINT_DECLARED_SAME_VALUE,readOnlyHint: declared at default value False,C1 cosmetic,log,patch,,
supabase,0.5.2,0.5.7,2025-10-20,rebase_branch,HINT_DECLARED_SAME_VALUE,destructiveHint: declared at default value True,C1 cosmetic,log,patch,,
supabase,0.5.2,0.5.7,2025-10-20,rebase_branch,HINT_DECLARED_SAME_VALUE,idempotentHint: declared at default value False,C1 cosmetic,log,patch,,
supabase,0.5.2,0.5.7,2025-10-20,rebase_branch,HINT_INTRODUCED,openWorldHint: True->False (safer),C3b risk hint introduced,hold,patch,,
supabase,0.5.2,0.5.7,2025-10-20,reset_branch,HINT_DECLARED_SAME_VALUE,readOnlyHint: declared at default value False,C1 cosmetic,log,patch,,
supabase,0.5.2,0.5.7,2025-10-20,reset_branch,HINT_DECLARED_SAME_VALUE,destructiveHint: declared at default value True,C1 cosmetic,log,patch,,
supabase,0.5.2,0.5.7,2025-10-20,reset_branch,HINT_DECLARED_SAME_VALUE,idempotentHint: declared at default value False,C1 cosmetic,log,patch,,
supabase,0.5.2,0.5.7,2025-10-20,reset_branch,HINT_INTRODUCED,openWorldHint: True->False (safer),C3b risk hint introduced,hold,patch,,
supabase,0.5.2,0.5.7,2025-10-20,restore_project,HINT_DECLARED_SAME_VALUE,readOnlyHint: declared at default value False,C1 cosmetic,log,patch,,
supabase,0.5.2,0.5.7,2025-10-20,restore_project,HINT_INTRODUCED,destructiveHint: True->False (safer),C3b risk hint introduced,hold,patch,,
supabase,0.5.2,0.5.7,2025-10-20,restore_project,HINT_DECLARED_SAME_VALUE,idempotentHint: declared at default value False,C1 cosmetic,log,patch,,
supabase,0.5.2,0.5.7,2025-10-20,restore_project,HINT_INTRODUCED,openWorldHint: True->False (safer),C3b risk hint introduced,hold,patch,,
supabase,0.5.2,0.5.7,2025-10-20,search_docs,HINT_INTRODUCED,readOnlyHint: False->True (safer),C3b risk hint introduced,hold,patch,,
supabase,0.5.2,0.5.7,2025-10-20,search_docs,HINT_INTRODUCED,destructiveHint: True->False (safer),C3b risk hint introduced,hold,patch,,
supabase,0.5.2,0.5.7,2025-10-20,search_docs,HINT_INTRODUCED,idempotentHint: False->True (safer),C3b risk hint introduced,hold,patch,,
supabase,0.5.2,0.5.7,2025-10-20,search_docs,HINT_INTRODUCED,openWorldHint: True->False (safer),C3b risk hint introduced,hold,patch,,
supabase,0.5.7,0.6.0,2026-01-06,get_publishable_keys,TOOL_ADDED,,C4 new tool,hold,minor on 0.x (breaking by convention),,
supabase,0.5.7,0.6.0,2026-01-06,get_anon_key,TOOL_REMOVED,,C5 tool removed,log,minor on 0.x (breaking by convention),,
supabase,0.5.7,0.6.0,2026-01-06,create_branch,SCHEMA_REQUIRED_CHANGED,+['name'] -[],C2b contract change,hold,minor on 0.x (breaking by convention),,
supabase,0.5.7,0.6.0,2026-01-06,deploy_edge_function,SCHEMA_PARAM_ADDED,verify_jwt,C2 capability expansion,hold,minor on 0.x (breaking by convention),,
supabase,0.5.7,0.6.0,2026-01-06,list_tables,SCHEMA_REQUIRED_CHANGED,+['schemas'] -[],C2b contract change,hold,minor on 0.x (breaking by convention),,
supabase,0.5.7,0.6.0,2026-01-06,search_docs,DESC_REWORD,similarity 0.79,C1 cosmetic (review),log,minor on 0.x (breaking by convention),,
supabase,0.6.0,0.7.0,2026-03-02,get_cost,DESC_REWORD,similarity 0.72,C1 cosmetic (review),log,minor on 0.x (breaking by convention),,
supabase,0.6.0,0.7.0,2026-03-02,list_tables,DESC_REWORD,similarity 0.38,C1 cosmetic (review),log,minor on 0.x (breaking by convention),,
supabase,0.6.0,0.7.0,2026-03-02,list_tables,SCHEMA_PARAM_ADDED,verbose,C2 capability expansion,hold,minor on 0.x (breaking by convention),,
supabase,0.7.0,0.9.0,2026-07-17,get_logs,DESC_REWORD,similarity 0.22,C1 cosmetic (review),log,minor on 0.x (breaking by convention),,
supabase,0.7.0,0.9.0,2026-07-17,get_logs,SCHEMA_PARAM_ADDED,"iso_timestamp_end,iso_timestamp_start",C2 capability expansion,hold,minor on 0.x (breaking by convention),,
supabase,0.9.0,0.13.0,2026-09-17,query_logs,TOOL_ADDED,,C4 new tool,hold,minor on 0.x (breaking by convention),,
supabase,0.9.0,0.13.0,2026-09-17,get_logs,TOOL_REMOVED,,C5 tool removed,log,minor on 0.x (breaking by convention),,
supabase,0.9.0,0.13.0,2026-09-17,apply_migration,DESC_SCOPE_CANDIDATE,"new action words: run,sql; similarity 0.50",C1s safety guidance added (manual),log,minor on 0.x (breaking by convention),,Adds confirmation note and forbids server-file reads / OS commands via SQL.
supabase,0.9.0,0.13.0,2026-09-17,execute_sql,DESC_SCOPE_CANDIDATE,new action words: run; similarity 0.59,C1s safety guidance added (manual),log,minor on 0.x (breaking by convention),,Same guardrail text as apply_migration.
kubernetes,1.2.0,2.0.0,2025-05-21,kubectl_apply,TOOL_ADDED,,C4 new tool,hold,major,,
kubernetes,1.2.0,2.0.0,2025-05-21,kubectl_context,TOOL_ADDED,,C4 new tool,hold,major,,
kubernetes,1.2.0,2.0.0,2025-05-21,kubectl_create,TOOL_ADDED,,C4 new tool,hold,major,,
kubernetes,1.2.0,2.0.0,2025-05-21,kubectl_delete,TOOL_ADDED,,C4 new tool,hold,major,,
kubernetes,1.2.0,2.0.0,2025-05-21,kubectl_describe,TOOL_ADDED,,C4 new tool,hold,major,,
kubernetes,1.2.0,2.0.0,2025-05-21,kubectl_generic,TOOL_ADDED,,C4 new tool,hold,major,,
kubernetes,1.2.0,2.0.0,2025-05-21,kubectl_get,TOOL_ADDED,,C4 new tool,hold,major,,
kubernetes,1.2.0,2.0.0,2025-05-21,kubectl_list,TOOL_ADDED,,C4 new tool,hold,major,,
kubernetes,1.2.0,2.0.0,2025-05-21,kubectl_logs,TOOL_ADDED,,C4 new tool,hold,major,,
kubernetes,1.2.0,2.0.0,2025-05-21,kubectl_patch,TOOL_ADDED,,C4 new tool,hold,major,,
kubernetes,1.2.0,2.0.0,2025-05-21,kubectl_rollout,TOOL_ADDED,,C4 new tool,hold,major,,
kubernetes,1.2.0,2.0.0,2025-05-21,kubectl_scale,TOOL_ADDED,,C4 new tool,hold,major,,
kubernetes,1.2.0,2.0.0,2025-05-21,create_cronjob,TOOL_REMOVED,,C5 tool removed,log,major,,
kubernetes,1.2.0,2.0.0,2025-05-21,create_deployment,TOOL_REMOVED,,C5 tool removed,log,major,,
kubernetes,1.2.0,2.0.0,2025-05-21,create_namespace,TOOL_REMOVED,,C5 tool removed,log,major,,
kubernetes,1.2.0,2.0.0,2025-05-21,create_pod,TOOL_REMOVED,,C5 tool removed,log,major,,
kubernetes,1.2.0,2.0.0,2025-05-21,delete_cronjob,TOOL_REMOVED,,C5 tool removed,log,major,,
kubernetes,1.2.0,2.0.0,2025-05-21,delete_deployment,TOOL_REMOVED,,C5 tool removed,log,major,,
kubernetes,1.2.0,2.0.0,2025-05-21,delete_namespace,TOOL_REMOVED,,C5 tool removed,log,major,,
kubernetes,1.2.0,2.0.0,2025-05-21,delete_pod,TOOL_REMOVED,,C5 tool removed,log,major,,
kubernetes,1.2.0,2.0.0,2025-05-21,describe_cronjob,TOOL_REMOVED,,C5 tool removed,log,major,,
kubernetes,1.2.0,2.0.0,2025-05-21,describe_deployment,TOOL_REMOVED,,C5 tool removed,log,major,,
kubernetes,1.2.0,2.0.0,2025-05-21,describe_pod,TOOL_REMOVED,,C5 tool removed,log,major,,
kubernetes,1.2.0,2.0.0,2025-05-21,get_events,TOOL_REMOVED,,C5 tool removed,log,major,,
kubernetes,1.2.0,2.0.0,2025-05-21,get_job_logs,TOOL_REMOVED,,C5 tool removed,log,major,,
kubernetes,1.2.0,2.0.0,2025-05-21,get_logs,TOOL_REMOVED,,C5 tool removed,log,major,,
kubernetes,1.2.0,2.0.0,2025-05-21,list_cronjobs,TOOL_REMOVED,,C5 tool removed,log,major,,
kubernetes,1.2.0,2.0.0,2025-05-21,list_deployments,TOOL_REMOVED,,C5 tool removed,log,major,,
kubernetes,1.2.0,2.0.0,2025-05-21,list_jobs,TOOL_REMOVED,,C5 tool removed,log,major,,
kubernetes,1.2.0,2.0.0,2025-05-21,list_namespaces,TOOL_REMOVED,,C5 tool removed,log,major,,
kubernetes,1.2.0,2.0.0,2025-05-21,list_nodes,TOOL_REMOVED,,C5 tool removed,log,major,,
kubernetes,1.2.0,2.0.0,2025-05-21,list_pods,TOOL_REMOVED,,C5 tool removed,log,major,,
kubernetes,1.2.0,2.0.0,2025-05-21,list_services,TOOL_REMOVED,,C5 tool removed,log,major,,
kubernetes,1.2.0,2.0.0,2025-05-21,scale_deployment,TOOL_REMOVED,,C5 tool removed,log,major,,
kubernetes,1.2.0,2.0.0,2025-05-21,install_helm_chart,SCHEMA_CONSTRAINT,types/enums/defaults/limits changed,C2b contract change,hold,major,,
kubernetes,1.2.0,2.0.0,2025-05-21,upgrade_helm_chart,SCHEMA_CONSTRAINT,types/enums/defaults/limits changed,C2b contract change,hold,major,,
kubernetes,2.0.0,2.4.2,2025-06-20,kubectl_delete,SCHEMA_REQUIRED_CHANGED,"+['name', 'namespace', 'resourceType'] -[]",C2b contract change,hold,minor,,
kubernetes,2.0.0,2.4.2,2025-06-20,kubectl_generic,SCHEMA_CONSTRAINT,types/enums/defaults/limits changed,C2b contract change,hold,minor,,
kubernetes,2.0.0,2.4.2,2025-06-20,kubectl_get,SCHEMA_REQUIRED_CHANGED,"+['name', 'namespace'] -[]",C2b contract change,hold,minor,,
kubernetes,2.0.0,2.4.2,2025-06-20,kubectl_list,SCHEMA_REQUIRED_CHANGED,+['namespace'] -[],C2b contract change,hold,minor,,
kubernetes,2.0.0,2.4.2,2025-06-20,kubectl_logs,SCHEMA_CONSTRAINT,types/enums/defaults/limits changed,C2b contract change,hold,minor,,
kubernetes,2.0.0,2.4.2,2025-06-20,kubectl_rollout,SCHEMA_REQUIRED_CHANGED,+['namespace'] -[],C2b contract change,hold,minor,,
kubernetes,2.4.2,2.6.0,2025-07-29,exec_in_pod,TOOL_ADDED,,C4 new tool,hold,minor,,
kubernetes,2.4.2,2.6.0,2025-07-29,ping,TOOL_ADDED,,C4 new tool,hold,minor,,
kubernetes,2.4.2,2.6.0,2025-07-29,kubectl_list,TOOL_REMOVED,,C5 tool removed,log,minor,,
kubernetes,2.6.0,2.9.6,2025-09-22,node_management,TOOL_ADDED,,C4 new tool,hold,minor,,
kubernetes,2.6.0,2.9.6,2025-09-22,cleanup,HINT_DECLARED_SAME_VALUE,destructiveHint: declared at default value True,C1 cosmetic,log,minor,,
kubernetes,2.6.0,2.9.6,2025-09-22,exec_in_pod,SCHEMA_PARAM_ADDED,context,C2 capability expansion,hold,minor,,
kubernetes,2.6.0,2.9.6,2025-09-22,explain_resource,SCHEMA_PARAM_ADDED,context,C2 capability expansion,hold,minor,,
kubernetes,2.6.0,2.9.6,2025-09-22,explain_resource,HINT_INTRODUCED,readOnlyHint: False->True (safer),C3b risk hint introduced,hold,minor,,
kubernetes,2.6.0,2.9.6,2025-09-22,install_helm_chart,DESC_REWORD,similarity 0.39,C1 cosmetic (review),log,minor,,
kubernetes,2.6.0,2.9.6,2025-09-22,install_helm_chart,SCHEMA_PARAM_ADDED,"context,createNamespace,useTemplate,valuesFile",C2 capability expansion,hold,minor,,
kubernetes,2.6.0,2.9.6,2025-09-22,kubectl_apply,SCHEMA_PARAM_ADDED,context,C2 capability expansion,hold,minor,,
kubernetes,2.6.0,2.9.6,2025-09-22,kubectl_context,HINT_INTRODUCED,readOnlyHint: False->True (safer),C3b risk hint introduced,hold,minor,,
kubernetes,2.6.0,2.9.6,2025-09-22,kubectl_create,SCHEMA_PARAM_ADDED,context,C2 capability expansion,hold,minor,,
kubernetes,2.6.0,2.9.6,2025-09-22,kubectl_delete,SCHEMA_PARAM_ADDED,context,C2 capability expansion,hold,minor,,
kubernetes,2.6.0,2.9.6,2025-09-22,kubectl_delete,HINT_DECLARED_SAME_VALUE,destructiveHint: declared at default value True,C1 cosmetic,log,minor,,
kubernetes,2.6.0,2.9.6,2025-09-22,kubectl_describe,SCHEMA_PARAM_ADDED,context,C2 capability expansion,hold,minor,,
kubernetes,2.6.0,2.9.6,2025-09-22,kubectl_describe,HINT_INTRODUCED,readOnlyHint: False->True (safer),C3b risk hint introduced,hold,minor,,
kubernetes,2.6.0,2.9.6,2025-09-22,kubectl_generic,SCHEMA_PARAM_ADDED,context,C2 capability expansion,hold,minor,,
kubernetes,2.6.0,2.9.6,2025-09-22,kubectl_generic,HINT_DECLARED_SAME_VALUE,destructiveHint: declared at default value True,C1 cosmetic,log,minor,,
kubernetes,2.6.0,2.9.6,2025-09-22,kubectl_get,SCHEMA_PARAM_ADDED,context,C2 capability expansion,hold,minor,,
kubernetes,2.6.0,2.9.6,2025-09-22,kubectl_get,HINT_INTRODUCED,readOnlyHint: False->True (safer),C3b risk hint introduced,hold,minor,,
kubernetes,2.6.0,2.9.6,2025-09-22,kubectl_logs,SCHEMA_PARAM_ADDED,context,C2 capability expansion,hold,minor,,
kubernetes,2.6.0,2.9.6,2025-09-22,kubectl_logs,HINT_INTRODUCED,readOnlyHint: False->True (safer),C3b risk hint introduced,hold,minor,,
kubernetes,2.6.0,2.9.6,2025-09-22,kubectl_patch,SCHEMA_PARAM_ADDED,context,C2 capability expansion,hold,minor,,
kubernetes,2.6.0,2.9.6,2025-09-22,kubectl_rollout,SCHEMA_PARAM_ADDED,context,C2 capability expansion,hold,minor,,
kubernetes,2.6.0,2.9.6,2025-09-22,kubectl_scale,SCHEMA_PARAM_ADDED,context,C2 capability expansion,hold,minor,,
kubernetes,2.6.0,2.9.6,2025-09-22,list_api_resources,SCHEMA_PARAM_ADDED,context,C2 capability expansion,hold,minor,,
kubernetes,2.6.0,2.9.6,2025-09-22,list_api_resources,HINT_INTRODUCED,readOnlyHint: False->True (safer),C3b risk hint introduced,hold,minor,,
kubernetes,2.6.0,2.9.6,2025-09-22,ping,HINT_INTRODUCED,readOnlyHint: False->True (safer),C3b risk hint introduced,hold,minor,,
kubernetes,2.6.0,2.9.6,2025-09-22,uninstall_helm_chart,DESC_REWORD,similarity 0.89,C1 cosmetic (review),log,minor,,
kubernetes,2.6.0,2.9.6,2025-09-22,uninstall_helm_chart,SCHEMA_PARAM_ADDED,context,C2 capability expansion,hold,minor,,
kubernetes,2.6.0,2.9.6,2025-09-22,uninstall_helm_chart,HINT_DECLARED_SAME_VALUE,destructiveHint: declared at default value True,C1 cosmetic,log,minor,,
kubernetes,2.6.0,2.9.6,2025-09-22,upgrade_helm_chart,DESC_REWORD,similarity 0.73,C1 cosmetic (review),log,minor,,
kubernetes,2.6.0,2.9.6,2025-09-22,upgrade_helm_chart,SCHEMA_PARAM_ADDED,"context,valuesFile",C2 capability expansion,hold,minor,,
kubernetes,2.9.6,3.1.0,2026-01-07,exec_in_pod,DESC_SCOPE_CANDIDATE,new action words: shell; similarity 0.44,C1s safety guidance added (manual),log,major,,Command must be an argv array; runs without a shell. The 'shell' parameter was removed in the same release.
kubernetes,2.9.6,3.1.0,2026-01-07,exec_in_pod,SCHEMA_PARAM_REMOVED,shell,C5 capability removed,log,major,,
kubernetes,2.9.6,3.1.0,2026-01-07,exec_in_pod,HINT_DECLARED_SAME_VALUE,destructiveHint: declared at default value True,C1 cosmetic,log,major,,
kubernetes,2.9.6,3.1.0,2026-01-07,install_helm_chart,HINT_DECLARED_SAME_VALUE,destructiveHint: declared at default value True,C1 cosmetic,log,major,,
kubernetes,2.9.6,3.1.0,2026-01-07,kubectl_apply,HINT_DECLARED_SAME_VALUE,destructiveHint: declared at default value True,C1 cosmetic,log,major,,
kubernetes,2.9.6,3.1.0,2026-01-07,kubectl_patch,HINT_DECLARED_SAME_VALUE,destructiveHint: declared at default value True,C1 cosmetic,log,major,,
kubernetes,2.9.6,3.1.0,2026-01-07,kubectl_rollout,HINT_DECLARED_SAME_VALUE,destructiveHint: declared at default value True,C1 cosmetic,log,major,,
kubernetes,2.9.6,3.1.0,2026-01-07,kubectl_scale,HINT_DECLARED_SAME_VALUE,destructiveHint: declared at default value True,C1 cosmetic,log,major,,
kubernetes,2.9.6,3.1.0,2026-01-07,upgrade_helm_chart,HINT_DECLARED_SAME_VALUE,destructiveHint: declared at default value True,C1 cosmetic,log,major,,
kubernetes,3.1.0,3.6.1,2026-05-14,kubectl_reconnect,TOOL_ADDED,,C4 new tool,hold,minor,,
kubernetes,3.1.0,3.6.1,2026-05-14,kubectl_delete,SCHEMA_REQUIRED_CHANGED,"+[] -['name', 'namespace', 'resourceType']",C2b contract change,hold,minor,,
kubernetes,3.1.0,3.6.1,2026-05-14,kubectl_get,SCHEMA_REQUIRED_CHANGED,"+[] -['name', 'namespace']",C2b contract change,hold,minor,,
kubernetes,3.6.1,4.0.1,2026-07-08,kubectl_generic,SCHEMA_PARAM_ADDED,allNamespaces,C2 capability expansion,hold,major,,
kubernetes,4.0.1,4.1.0,2026-07-26,install_helm_chart,SCHEMA_PARAM_DOC,parameter descriptions only,C1 cosmetic,log,minor,,
kubernetes,4.0.1,4.1.0,2026-07-26,kubectl_apply,SCHEMA_PARAM_DOC,parameter descriptions only,C1 cosmetic,log,minor,,
kubernetes,4.0.1,4.1.0,2026-07-26,kubectl_create,SCHEMA_PARAM_ADDED,fromFileContent,C2 capability expansion,hold,minor,,
kubernetes,4.0.1,4.1.0,2026-07-26,kubectl_delete,SCHEMA_PARAM_DOC,parameter descriptions only,C1 cosmetic,log,minor,,
kubernetes,4.0.1,4.1.0,2026-07-26,upgrade_helm_chart,SCHEMA_PARAM_DOC,parameter descriptions only,C1 cosmetic,log,minor,,
kubernetes,4.1.0,4.1.9,2026-10-02,kubectl_patch,SCHEMA_PARAM_DOC,parameter descriptions only,C1 cosmetic,log,patch,,
notion,1.0.0,1.2.0,2025-04-08,API-create-a-comment,SCHEMA_CONSTRAINT,types/enums/defaults/limits changed,C2b contract change,hold,minor,,
notion,1.0.0,1.2.0,2025-04-08,API-create-a-database,SCHEMA_CONSTRAINT,types/enums/defaults/limits changed,C2b contract change,hold,minor,,
notion,1.0.0,1.2.0,2025-04-08,API-delete-a-block,SCHEMA_CONSTRAINT,types/enums/defaults/limits changed,C2b contract change,hold,minor,,
notion,1.0.0,1.2.0,2025-04-08,API-get-block-children,SCHEMA_CONSTRAINT,types/enums/defaults/limits changed,C2b contract change,hold,minor,,
notion,1.0.0,1.2.0,2025-04-08,API-get-self,SCHEMA_CONSTRAINT,types/enums/defaults/limits changed,C2b contract change,hold,minor,,
notion,1.0.0,1.2.0,2025-04-08,API-get-user,SCHEMA_CONSTRAINT,types/enums/defaults/limits changed,C2b contract change,hold,minor,,
notion,1.0.0,1.2.0,2025-04-08,API-get-users,SCHEMA_CONSTRAINT,types/enums/defaults/limits changed,C2b contract change,hold,minor,,
notion,1.0.0,1.2.0,2025-04-08,API-patch-block-children,SCHEMA_CONSTRAINT,types/enums/defaults/limits changed,C2b contract change,hold,minor,,
notion,1.0.0,1.2.0,2025-04-08,API-patch-page,SCHEMA_CONSTRAINT,types/enums/defaults/limits changed,C2b contract change,hold,minor,,
notion,1.0.0,1.2.0,2025-04-08,API-post-database-query,SCHEMA_CONSTRAINT,types/enums/defaults/limits changed,C2b contract change,hold,minor,,
notion,1.0.0,1.2.0,2025-04-08,API-post-page,SCHEMA_CONSTRAINT,types/enums/defaults/limits changed,C2b contract change,hold,minor,,
notion,1.0.0,1.2.0,2025-04-08,API-post-search,SCHEMA_CONSTRAINT,types/enums/defaults/limits changed,C2b contract change,hold,minor,,
notion,1.0.0,1.2.0,2025-04-08,API-retrieve-a-block,SCHEMA_CONSTRAINT,types/enums/defaults/limits changed,C2b contract change,hold,minor,,
notion,1.0.0,1.2.0,2025-04-08,API-retrieve-a-comment,SCHEMA_CONSTRAINT,types/enums/defaults/limits changed,C2b contract change,hold,minor,,
notion,1.0.0,1.2.0,2025-04-08,API-retrieve-a-database,SCHEMA_CONSTRAINT,types/enums/defaults/limits changed,C2b contract change,hold,minor,,
notion,1.0.0,1.2.0,2025-04-08,API-retrieve-a-page,SCHEMA_CONSTRAINT,types/enums/defaults/limits changed,C2b contract change,hold,minor,,
notion,1.0.0,1.2.0,2025-04-08,API-retrieve-a-page-property,SCHEMA_CONSTRAINT,types/enums/defaults/limits changed,C2b contract change,hold,minor,,
notion,1.0.0,1.2.0,2025-04-08,API-update-a-block,SCHEMA_CONSTRAINT,types/enums/defaults/limits changed,C2b contract change,hold,minor,,
notion,1.0.0,1.2.0,2025-04-08,API-update-a-database,SCHEMA_CONSTRAINT,types/enums/defaults/limits changed,C2b contract change,hold,minor,,
notion,1.2.0,1.5.0,2025-04-11,API-patch-page,SCHEMA_PARAM_ADDED,archived,C2 capability expansion,hold,minor,,
notion,1.2.0,1.5.0,2025-04-11,API-patch-page,SCHEMA_PARAM_REMOVED,Notion-Version,C5 capability removed,log,minor,,
notion,1.2.0,1.5.0,2025-04-11,API-post-database-query,SCHEMA_PARAM_ADDED,"archived,in_trash",C2 capability expansion,hold,minor,,
notion,1.2.0,1.5.0,2025-04-11,API-update-a-database,SCHEMA_PARAM_REMOVED,Notion-Version,C5 capability removed,log,minor,,
notion,1.5.0,1.7.0,2025-05-11,API-create-a-database,SCHEMA_CONSTRAINT,types/enums/defaults/limits changed,C2b contract change,hold,minor,,
notion,1.5.0,1.7.0,2025-05-11,API-patch-block-children,SCHEMA_CONSTRAINT,types/enums/defaults/limits changed,C2b contract change,hold,minor,,
notion,1.5.0,1.7.0,2025-05-11,API-patch-page,SCHEMA_CONSTRAINT,types/enums/defaults/limits changed,C2b contract change,hold,minor,,
notion,1.5.0,1.7.0,2025-05-11,API-post-database-query,SCHEMA_CONSTRAINT,types/enums/defaults/limits changed,C2b contract change,hold,minor,,
notion,1.5.0,1.7.0,2025-05-11,API-post-page,SCHEMA_CONSTRAINT,types/enums/defaults/limits changed,C2b contract change,hold,minor,,
notion,1.5.0,1.7.0,2025-05-11,API-update-a-database,SCHEMA_PARAM_DOC,parameter descriptions only,C1 cosmetic,log,minor,,
notion,1.8.1,2.0.0,2025-12-24,API-create-a-data-source,TOOL_ADDED,,C4 new tool,hold,major,,
notion,1.8.1,2.0.0,2025-12-24,API-list-data-source-templates,TOOL_ADDED,,C4 new tool,hold,major,,
notion,1.8.1,2.0.0,2025-12-24,API-move-page,TOOL_ADDED,,C4 new tool,hold,major,,
notion,1.8.1,2.0.0,2025-12-24,API-query-data-source,TOOL_ADDED,,C4 new tool,hold,major,,
notion,1.8.1,2.0.0,2025-12-24,API-retrieve-a-data-source,TOOL_ADDED,,C4 new tool,hold,major,,
notion,1.8.1,2.0.0,2025-12-24,API-update-a-data-source,TOOL_ADDED,,C4 new tool,hold,major,,
notion,1.8.1,2.0.0,2025-12-24,API-create-a-database,TOOL_REMOVED,,C5 tool removed,log,major,,
notion,1.8.1,2.0.0,2025-12-24,API-post-database-query,TOOL_REMOVED,,C5 tool removed,log,major,,
notion,1.8.1,2.0.0,2025-12-24,API-retrieve-a-database,TOOL_REMOVED,,C5 tool removed,log,major,,
notion,1.8.1,2.0.0,2025-12-24,API-update-a-database,TOOL_REMOVED,,C5 tool removed,log,major,,
notion,1.8.1,2.0.0,2025-12-24,API-create-a-comment,DESC_REWORD,similarity 0.39,C1 cosmetic (review),log,major,,
notion,1.8.1,2.0.0,2025-12-24,API-create-a-comment,SCHEMA_CONSTRAINT,types/enums/defaults/limits changed,C2b contract change,hold,major,,
notion,1.8.1,2.0.0,2025-12-24,API-delete-a-block,DESC_REWORD,similarity 0.39,C1 cosmetic (review),log,major,,
notion,1.8.1,2.0.0,2025-12-24,API-delete-a-block,SCHEMA_PARAM_ADDED,Notion-Version,C2 capability expansion,hold,major,,
notion,1.8.1,2.0.0,2025-12-24,API-get-block-children,DESC_REWORD,similarity 0.52,C1 cosmetic (review),log,major,,
notion,1.8.1,2.0.0,2025-12-24,API-get-block-children,SCHEMA_PARAM_ADDED,Notion-Version,C2 capability expansion,hold,major,,
notion,1.8.1,2.0.0,2025-12-24,API-get-self,DESC_REWORD,similarity 0.58,C1 cosmetic (review),log,major,,
notion,1.8.1,2.0.0,2025-12-24,API-get-self,SCHEMA_PARAM_ADDED,Notion-Version,C2 capability expansion,hold,major,,
notion,1.8.1,2.0.0,2025-12-24,API-get-user,DESC_REWORD,similarity 0.90,C1 cosmetic (review),log,major,,
notion,1.8.1,2.0.0,2025-12-24,API-get-user,SCHEMA_PARAM_ADDED,Notion-Version,C2 capability expansion,hold,major,,
notion,1.8.1,2.0.0,2025-12-24,API-get-users,DESC_REWORD,similarity 0.90,C1 cosmetic (review),log,major,,
notion,1.8.1,2.0.0,2025-12-24,API-get-users,SCHEMA_PARAM_ADDED,Notion-Version,C2 capability expansion,hold,major,,
notion,1.8.1,2.0.0,2025-12-24,API-patch-block-children,DESC_REWORD,similarity 0.49,C1 cosmetic (review),log,major,,
notion,1.8.1,2.0.0,2025-12-24,API-patch-block-children,SCHEMA_PARAM_ADDED,Notion-Version,C2 capability expansion,hold,major,,
notion,1.8.1,2.0.0,2025-12-24,API-patch-page,DESC_REWORD,similarity 0.51,C1 cosmetic (review),log,major,,
notion,1.8.1,2.0.0,2025-12-24,API-patch-page,SCHEMA_PARAM_ADDED,Notion-Version,C2 capability expansion,hold,major,,
notion,1.8.1,2.0.0,2025-12-24,API-post-page,DESC_REWORD,similarity 0.38,C1 cosmetic (review),log,major,,
notion,1.8.1,2.0.0,2025-12-24,API-post-page,SCHEMA_PARAM_ADDED,Notion-Version,C2 capability expansion,hold,major,,
notion,1.8.1,2.0.0,2025-12-24,API-post-search,DESC_REWORD,similarity 0.41,C1 cosmetic (review),log,major,,
notion,1.8.1,2.0.0,2025-12-24,API-post-search,SCHEMA_PARAM_ADDED,Notion-Version,C2 capability expansion,hold,major,,
notion,1.8.1,2.0.0,2025-12-24,API-retrieve-a-block,DESC_REWORD,similarity 0.43,C1 cosmetic (review),log,major,,
notion,1.8.1,2.0.0,2025-12-24,API-retrieve-a-block,SCHEMA_PARAM_ADDED,Notion-Version,C2 capability expansion,hold,major,,
notion,1.8.1,2.0.0,2025-12-24,API-retrieve-a-comment,DESC_REWORD,similarity 0.44,C1 cosmetic (review),log,major,,
notion,1.8.1,2.0.0,2025-12-24,API-retrieve-a-comment,SCHEMA_PARAM_ADDED,Notion-Version,C2 capability expansion,hold,major,,
notion,1.8.1,2.0.0,2025-12-24,API-retrieve-a-page,DESC_REWORD,similarity 0.41,C1 cosmetic (review),log,major,,
notion,1.8.1,2.0.0,2025-12-24,API-retrieve-a-page,SCHEMA_PARAM_ADDED,Notion-Version,C2 capability expansion,hold,major,,
notion,1.8.1,2.0.0,2025-12-24,API-retrieve-a-page-property,DESC_REWORD,similarity 0.57,C1 cosmetic (review),log,major,,
notion,1.8.1,2.0.0,2025-12-24,API-retrieve-a-page-property,SCHEMA_PARAM_ADDED,Notion-Version,C2 capability expansion,hold,major,,
notion,1.8.1,2.0.0,2025-12-24,API-update-a-block,DESC_REWORD,similarity 0.39,C1 cosmetic (review),log,major,,
notion,1.8.1,2.0.0,2025-12-24,API-update-a-block,SCHEMA_PARAM_ADDED,Notion-Version,C2 capability expansion,hold,major,,
notion,2.0.0,2.2.0,2026-02-23,API-retrieve-a-database,TOOL_ADDED,,C4 new tool,hold,minor,,
notion,2.0.0,2.2.0,2026-02-23,API-create-a-comment,SCHEMA_CONSTRAINT,types/enums/defaults/limits changed,C2b contract change,hold,minor,,
notion,2.0.0,2.2.0,2026-02-23,API-create-a-comment,HINT_DECLARED_SAME_VALUE,destructiveHint: declared at default value True,C1 cosmetic,log,minor,,
notion,2.0.0,2.2.0,2026-02-23,API-create-a-data-source,SCHEMA_CONSTRAINT,types/enums/defaults/limits changed,C2b contract change,hold,minor,,
notion,2.0.0,2.2.0,2026-02-23,API-create-a-data-source,HINT_DECLARED_SAME_VALUE,destructiveHint: declared at default value True,C1 cosmetic,log,minor,,
notion,2.0.0,2.2.0,2026-02-23,API-delete-a-block,SCHEMA_CONSTRAINT,types/enums/defaults/limits changed,C2b contract change,hold,minor,,
notion,2.0.0,2.2.0,2026-02-23,API-delete-a-block,HINT_DECLARED_SAME_VALUE,destructiveHint: declared at default value True,C1 cosmetic,log,minor,,
notion,2.0.0,2.2.0,2026-02-23,API-get-block-children,SCHEMA_CONSTRAINT,types/enums/defaults/limits changed,C2b contract change,hold,minor,,
notion,2.0.0,2.2.0,2026-02-23,API-get-block-children,HINT_INTRODUCED,readOnlyHint: False->True (safer),C3b risk hint introduced,hold,minor,,
notion,2.0.0,2.2.0,2026-02-23,API-get-self,SCHEMA_CONSTRAINT,types/enums/defaults/limits changed,C2b contract change,hold,minor,,
notion,2.0.0,2.2.0,2026-02-23,API-get-self,HINT_INTRODUCED,readOnlyHint: False->True (safer),C3b risk hint introduced,hold,minor,,
notion,2.0.0,2.2.0,2026-02-23,API-get-user,SCHEMA_CONSTRAINT,types/enums/defaults/limits changed,C2b contract change,hold,minor,,
notion,2.0.0,2.2.0,2026-02-23,API-get-user,HINT_INTRODUCED,readOnlyHint: False->True (safer),C3b risk hint introduced,hold,minor,,
notion,2.0.0,2.2.0,2026-02-23,API-get-users,SCHEMA_CONSTRAINT,types/enums/defaults/limits changed,C2b contract change,hold,minor,,
notion,2.0.0,2.2.0,2026-02-23,API-get-users,HINT_INTRODUCED,readOnlyHint: False->True (safer),C3b risk hint introduced,hold,minor,,
notion,2.0.0,2.2.0,2026-02-23,API-list-data-source-templates,SCHEMA_CONSTRAINT,types/enums/defaults/limits changed,C2b contract change,hold,minor,,
notion,2.0.0,2.2.0,2026-02-23,API-list-data-source-templates,HINT_INTRODUCED,readOnlyHint: False->True (safer),C3b risk hint introduced,hold,minor,,
notion,2.0.0,2.2.0,2026-02-23,API-move-page,SCHEMA_CONSTRAINT,types/enums/defaults/limits changed,C2b contract change,hold,minor,,
notion,2.0.0,2.2.0,2026-02-23,API-move-page,HINT_DECLARED_SAME_VALUE,destructiveHint: declared at default value True,C1 cosmetic,log,minor,,
notion,2.0.0,2.2.0,2026-02-23,API-patch-block-children,SCHEMA_CONSTRAINT,types/enums/defaults/limits changed,C2b contract change,hold,minor,,
notion,2.0.0,2.2.0,2026-02-23,API-patch-block-children,HINT_DECLARED_SAME_VALUE,destructiveHint: declared at default value True,C1 cosmetic,log,minor,,
notion,2.0.0,2.2.0,2026-02-23,API-patch-page,SCHEMA_CONSTRAINT,types/enums/defaults/limits changed,C2b contract change,hold,minor,,
notion,2.0.0,2.2.0,2026-02-23,API-patch-page,HINT_DECLARED_SAME_VALUE,destructiveHint: declared at default value True,C1 cosmetic,log,minor,,
notion,2.0.0,2.2.0,2026-02-23,API-post-page,SCHEMA_CONSTRAINT,types/enums/defaults/limits changed,C2b contract change,hold,minor,,
notion,2.0.0,2.2.0,2026-02-23,API-post-page,HINT_DECLARED_SAME_VALUE,destructiveHint: declared at default value True,C1 cosmetic,log,minor,,
notion,2.0.0,2.2.0,2026-02-23,API-post-search,SCHEMA_CONSTRAINT,types/enums/defaults/limits changed,C2b contract change,hold,minor,,
notion,2.0.0,2.2.0,2026-02-23,API-post-search,HINT_DECLARED_SAME_VALUE,destructiveHint: declared at default value True,C1 cosmetic,log,minor,,
notion,2.0.0,2.2.0,2026-02-23,API-query-data-source,SCHEMA_CONSTRAINT,types/enums/defaults/limits changed,C2b contract change,hold,minor,,
notion,2.0.0,2.2.0,2026-02-23,API-query-data-source,HINT_DECLARED_SAME_VALUE,destructiveHint: declared at default value True,C1 cosmetic,log,minor,,
notion,2.0.0,2.2.0,2026-02-23,API-retrieve-a-block,SCHEMA_CONSTRAINT,types/enums/defaults/limits changed,C2b contract change,hold,minor,,
notion,2.0.0,2.2.0,2026-02-23,API-retrieve-a-block,HINT_INTRODUCED,readOnlyHint: False->True (safer),C3b risk hint introduced,hold,minor,,
notion,2.0.0,2.2.0,2026-02-23,API-retrieve-a-comment,SCHEMA_CONSTRAINT,types/enums/defaults/limits changed,C2b contract change,hold,minor,,
notion,2.0.0,2.2.0,2026-02-23,API-retrieve-a-comment,HINT_INTRODUCED,readOnlyHint: False->True (safer),C3b risk hint introduced,hold,minor,,
notion,2.0.0,2.2.0,2026-02-23,API-retrieve-a-data-source,SCHEMA_CONSTRAINT,types/enums/defaults/limits changed,C2b contract change,hold,minor,,
notion,2.0.0,2.2.0,2026-02-23,API-retrieve-a-data-source,HINT_INTRODUCED,readOnlyHint: False->True (safer),C3b risk hint introduced,hold,minor,,
notion,2.0.0,2.2.0,2026-02-23,API-retrieve-a-page,SCHEMA_CONSTRAINT,types/enums/defaults/limits changed,C2b contract change,hold,minor,,
notion,2.0.0,2.2.0,2026-02-23,API-retrieve-a-page,HINT_INTRODUCED,readOnlyHint: False->True (safer),C3b risk hint introduced,hold,minor,,
notion,2.0.0,2.2.0,2026-02-23,API-retrieve-a-page-property,SCHEMA_CONSTRAINT,types/enums/defaults/limits changed,C2b contract change,hold,minor,,
notion,2.0.0,2.2.0,2026-02-23,API-retrieve-a-page-property,HINT_INTRODUCED,readOnlyHint: False->True (safer),C3b risk hint introduced,hold,minor,,
notion,2.0.0,2.2.0,2026-02-23,API-update-a-block,SCHEMA_CONSTRAINT,types/enums/defaults/limits changed,C2b contract change,hold,minor,,
notion,2.0.0,2.2.0,2026-02-23,API-update-a-block,HINT_DECLARED_SAME_VALUE,destructiveHint: declared at default value True,C1 cosmetic,log,minor,,
notion,2.0.0,2.2.0,2026-02-23,API-update-a-data-source,SCHEMA_CONSTRAINT,types/enums/defaults/limits changed,C2b contract change,hold,minor,,
notion,2.0.0,2.2.0,2026-02-23,API-update-a-data-source,HINT_DECLARED_SAME_VALUE,destructiveHint: declared at default value True,C1 cosmetic,log,minor,,
notion,2.2.0,2.3.1,2026-06-17,API-retrieve-page-markdown,TOOL_ADDED,,C4 new tool,hold,minor,,
notion,2.2.0,2.3.1,2026-06-17,API-update-page-markdown,TOOL_ADDED,,C4 new tool,hold,minor,,
notion,2.2.0,2.3.1,2026-06-17,API-create-a-comment,SCHEMA_CONSTRAINT,types/enums/defaults/limits changed,C2b contract change,hold,minor,,
notion,2.2.0,2.3.1,2026-06-17,API-create-a-data-source,SCHEMA_PARAM_REMOVED,Notion-Version,C5 capability removed,log,minor,,
notion,2.2.0,2.3.1,2026-06-17,API-delete-a-block,SCHEMA_PARAM_REMOVED,Notion-Version,C5 capability removed,log,minor,,
notion,2.2.0,2.3.1,2026-06-17,API-get-block-children,SCHEMA_PARAM_REMOVED,Notion-Version,C5 capability removed,log,minor,,
notion,2.2.0,2.3.1,2026-06-17,API-get-self,SCHEMA_PARAM_REMOVED,Notion-Version,C5 capability removed,log,minor,,
notion,2.2.0,2.3.1,2026-06-17,API-get-user,SCHEMA_PARAM_REMOVED,Notion-Version,C5 capability removed,log,minor,,
notion,2.2.0,2.3.1,2026-06-17,API-get-users,SCHEMA_PARAM_REMOVED,Notion-Version,C5 capability removed,log,minor,,
notion,2.2.0,2.3.1,2026-06-17,API-list-data-source-templates,SCHEMA_PARAM_REMOVED,Notion-Version,C5 capability removed,log,minor,,
notion,2.2.0,2.3.1,2026-06-17,API-move-page,SCHEMA_PARAM_REMOVED,Notion-Version,C5 capability removed,log,minor,,
notion,2.2.0,2.3.1,2026-06-17,API-patch-block-children,SCHEMA_PARAM_REMOVED,Notion-Version,C5 capability removed,log,minor,,
notion,2.2.0,2.3.1,2026-06-17,API-patch-page,SCHEMA_PARAM_REMOVED,Notion-Version,C5 capability removed,log,minor,,
notion,2.2.0,2.3.1,2026-06-17,API-post-page,SCHEMA_PARAM_REMOVED,Notion-Version,C5 capability removed,log,minor,,
notion,2.2.0,2.3.1,2026-06-17,API-post-search,SCHEMA_PARAM_REMOVED,Notion-Version,C5 capability removed,log,minor,,
notion,2.2.0,2.3.1,2026-06-17,API-query-data-source,SCHEMA_PARAM_REMOVED,Notion-Version,C5 capability removed,log,minor,,
notion,2.2.0,2.3.1,2026-06-17,API-retrieve-a-block,SCHEMA_PARAM_REMOVED,Notion-Version,C5 capability removed,log,minor,,
notion,2.2.0,2.3.1,2026-06-17,API-retrieve-a-comment,SCHEMA_PARAM_REMOVED,Notion-Version,C5 capability removed,log,minor,,
notion,2.2.0,2.3.1,2026-06-17,API-retrieve-a-data-source,SCHEMA_PARAM_REMOVED,Notion-Version,C5 capability removed,log,minor,,
notion,2.2.0,2.3.1,2026-06-17,API-retrieve-a-database,SCHEMA_PARAM_REMOVED,Notion-Version,C5 capability removed,log,minor,,
notion,2.2.0,2.3.1,2026-06-17,API-retrieve-a-page,SCHEMA_PARAM_REMOVED,Notion-Version,C5 capability removed,log,minor,,
notion,2.2.0,2.3.1,2026-06-17,API-retrieve-a-page-property,SCHEMA_PARAM_REMOVED,Notion-Version,C5 capability removed,log,minor,,
notion,2.2.0,2.3.1,2026-06-17,API-update-a-block,SCHEMA_PARAM_REMOVED,Notion-Version,C5 capability removed,log,minor,,
notion,2.2.0,2.3.1,2026-06-17,API-update-a-data-source,SCHEMA_PARAM_REMOVED,Notion-Version,C5 capability removed,log,minor,,
hubspot,0.1.0,0.2.0,2025-04-30,hubspot-get-link,TOOL_ADDED,,C4 new tool,hold,minor on 0.x (breaking by convention),,
hubspot,0.1.0,0.2.0,2025-04-30,hubspot-list-properties,TOOL_ADDED,,C4 new tool,hold,minor on 0.x (breaking by convention),,
hubspot,0.1.0,0.2.0,2025-04-30,hubspot-update-engagement,TOOL_ADDED,,C4 new tool,hold,minor on 0.x (breaking by convention),,
hubspot,0.1.0,0.2.0,2025-04-30,hubspot-properties-list,TOOL_REMOVED,,C5 tool removed,log,minor on 0.x (breaking by convention),,
hubspot,0.1.0,0.2.0,2025-04-30,hubspot-batch-create-objects,DESC_REWORD,similarity 0.39,C1 cosmetic (review),log,minor on 0.x (breaking by convention),,
hubspot,0.1.0,0.2.0,2025-04-30,hubspot-batch-create-objects,SCHEMA_PARAM_DOC,parameter descriptions only,C1 cosmetic,log,minor on 0.x (breaking by convention),,
hubspot,0.1.0,0.2.0,2025-04-30,hubspot-batch-read-objects,DESC_REWORD,similarity 0.44,C1 cosmetic (review),log,minor on 0.x (breaking by convention),,
hubspot,0.1.0,0.2.0,2025-04-30,hubspot-batch-read-objects,SCHEMA_PARAM_DOC,parameter descriptions only,C1 cosmetic,log,minor on 0.x (breaking by convention),,
hubspot,0.1.0,0.2.0,2025-04-30,hubspot-batch-update-objects,DESC_REWORD,similarity 0.37,C1 cosmetic (review),log,minor on 0.x (breaking by convention),,
hubspot,0.1.0,0.2.0,2025-04-30,hubspot-batch-update-objects,SCHEMA_PARAM_DOC,parameter descriptions only,C1 cosmetic,log,minor on 0.x (breaking by convention),,
hubspot,0.1.0,0.2.0,2025-04-30,hubspot-create-association,DESC_REWORD,similarity 0.56,C1 cosmetic (review),log,minor on 0.x (breaking by convention),,
hubspot,0.1.0,0.2.0,2025-04-30,hubspot-create-association,SCHEMA_PARAM_DOC,parameter descriptions only,C1 cosmetic,log,minor on 0.x (breaking by convention),,
hubspot,0.1.0,0.2.0,2025-04-30,hubspot-create-engagement,DESC_REWORD,similarity 0.77,C1 cosmetic (review),log,minor on 0.x (breaking by convention),,
hubspot,0.1.0,0.2.0,2025-04-30,hubspot-create-property,DESC_REWORD,similarity 0.29,C1 cosmetic (review),log,minor on 0.x (breaking by convention),,
hubspot,0.1.0,0.2.0,2025-04-30,hubspot-create-property,SCHEMA_PARAM_DOC,parameter descriptions only,C1 cosmetic,log,minor on 0.x (breaking by convention),,
hubspot,0.1.0,0.2.0,2025-04-30,hubspot-generate-feedback-link,DESC_REWORD,similarity 0.07,C1 cosmetic (review),log,minor on 0.x (breaking by convention),,
hubspot,0.1.0,0.2.0,2025-04-30,hubspot-get-association-definitions,DESC_REWORD,similarity 0.23,C1 cosmetic (review),log,minor on 0.x (breaking by convention),,
hubspot,0.1.0,0.2.0,2025-04-30,hubspot-get-association-definitions,SCHEMA_PARAM_DOC,parameter descriptions only,C1 cosmetic,log,minor on 0.x (breaking by convention),,
hubspot,0.1.0,0.2.0,2025-04-30,hubspot-get-engagement,DESC_REWORD,similarity 0.31,C1 cosmetic (review),log,minor on 0.x (breaking by convention),,
hubspot,0.1.0,0.2.0,2025-04-30,hubspot-get-property,DESC_REWORD,similarity 0.45,C1 cosmetic (review),log,minor on 0.x (breaking by convention),,
hubspot,0.1.0,0.2.0,2025-04-30,hubspot-get-property,SCHEMA_PARAM_DOC,parameter descriptions only,C1 cosmetic,log,minor on 0.x (breaking by convention),,
hubspot,0.1.0,0.2.0,2025-04-30,hubspot-get-schemas,DESC_REWORD,similarity 0.65,C1 cosmetic (review),log,minor on 0.x (breaking by convention),,
hubspot,0.1.0,0.2.0,2025-04-30,hubspot-get-user-details,DESC_REWORD,similarity 0.40,C1 cosmetic (review),log,minor on 0.x (breaking by convention),,
hubspot,0.1.0,0.2.0,2025-04-30,hubspot-list-associations,DESC_REWORD,similarity 0.03,C1 cosmetic (review),log,minor on 0.x (breaking by convention),,
hubspot,0.1.0,0.2.0,2025-04-30,hubspot-list-associations,SCHEMA_PARAM_DOC,parameter descriptions only,C1 cosmetic,log,minor on 0.x (breaking by convention),,
hubspot,0.1.0,0.2.0,2025-04-30,hubspot-list-objects,DESC_REWORD,similarity 0.11,C1 cosmetic (review),log,minor on 0.x (breaking by convention),,
hubspot,0.1.0,0.2.0,2025-04-30,hubspot-list-objects,SCHEMA_PARAM_DOC,parameter descriptions only,C1 cosmetic,log,minor on 0.x (breaking by convention),,
hubspot,0.1.0,0.2.0,2025-04-30,hubspot-search-objects,DESC_REWORD,similarity 0.41,C1 cosmetic (review),log,minor on 0.x (breaking by convention),,
hubspot,0.1.0,0.2.0,2025-04-30,hubspot-search-objects,SCHEMA_PARAM_DOC,parameter descriptions only,C1 cosmetic,log,minor on 0.x (breaking by convention),,
hubspot,0.1.0,0.2.0,2025-04-30,hubspot-update-property,DESC_REWORD,similarity 0.28,C1 cosmetic (review),log,minor on 0.x (breaking by convention),,
hubspot,0.1.0,0.2.0,2025-04-30,hubspot-update-property,SCHEMA_PARAM_DOC,parameter descriptions only,C1 cosmetic,log,minor on 0.x (breaking by convention),,
hubspot,0.2.0,0.3.0,2025-05-05,hubspot-get-workflow,TOOL_ADDED,,C4 new tool,hold,minor on 0.x (breaking by convention),,
hubspot,0.2.0,0.3.0,2025-05-05,hubspot-list-workflows,TOOL_ADDED,,C4 new tool,hold,minor on 0.x (breaking by convention),,
hubspot,0.3.2,0.3.3,2025-05-12,hubspot-batch-update-objects,DESC_REWORD,similarity 0.85,C1 cosmetic (review),log,patch,,
hubspot,0.3.2,0.3.3,2025-05-12,hubspot-search-objects,SCHEMA_CONSTRAINT,types/enums/defaults/limits changed,C2b contract change,hold,patch,,
hubspot,0.3.3,0.4.0,2025-06-18,hubspot-batch-create-associations,TOOL_ADDED,,C4 new tool,hold,minor on 0.x (breaking by convention),,
hubspot,0.3.3,0.4.0,2025-06-18,hubspot-create-association,TOOL_REMOVED,,C5 tool removed,log,minor on 0.x (breaking by convention),,
stripe,0.2.0,0.2.1,2025-04-09,create_coupon,TOOL_ADDED,,C4 new tool,hold,patch,,
stripe,0.2.0,0.2.1,2025-04-09,list_coupons,TOOL_ADDED,,C4 new tool,hold,patch,,
stripe,0.2.1,0.2.2,2025-05-08,list_disputes,TOOL_ADDED,,C4 new tool,hold,patch,,
stripe,0.2.1,0.2.2,2025-05-08,update_dispute,TOOL_ADDED,,C4 new tool,hold,patch,,
stripe,0.2.1,0.2.2,2025-05-08,search_documentation,TOOL_REMOVED,,C5 tool removed,log,patch,,
stripe,0.2.1,0.2.2,2025-05-08,create_invoice,DESC_FORMAT,whitespace/punctuation only,C0 serialization noise,log,patch,,
stripe,0.2.1,0.2.2,2025-05-08,list_customers,DESC_REWORD,similarity 0.43,C1 cosmetic (review),log,patch,,
stripe,0.2.1,0.2.2,2025-05-08,update_subscription,DESC_FORMAT,whitespace/punctuation only,C0 serialization noise,log,patch,,
stripe,0.2.2,0.2.3,2025-06-05,search_stripe_documentation,TOOL_ADDED,,C4 new tool,hold,patch,,
stripe,0.2.2,0.2.3,2025-06-05,create_invoice_item,DESC_REWORD,similarity 0.99,C1 cosmetic (review),log,patch,,
stripe,0.2.3,0.2.4,2025-08-13,list_invoices,TOOL_ADDED,,C4 new tool,hold,patch,,
stripe,0.2.3,0.2.4,2025-08-13,cancel_subscription,HINT_DECLARED_SAME_VALUE,readOnlyHint: declared at default value False,C1 cosmetic,log,patch,,
stripe,0.2.3,0.2.4,2025-08-13,cancel_subscription,HINT_DECLARED_SAME_VALUE,destructiveHint: declared at default value True,C1 cosmetic,log,patch,,
stripe,0.2.3,0.2.4,2025-08-13,cancel_subscription,HINT_INTRODUCED,idempotentHint: False->True (safer),C3b risk hint introduced,hold,patch,,
stripe,0.2.3,0.2.4,2025-08-13,cancel_subscription,HINT_DECLARED_SAME_VALUE,openWorldHint: declared at default value True,C1 cosmetic,log,patch,,
stripe,0.2.3,0.2.4,2025-08-13,create_coupon,HINT_DECLARED_SAME_VALUE,readOnlyHint: declared at default value False,C1 cosmetic,log,patch,,
stripe,0.2.3,0.2.4,2025-08-13,create_coupon,HINT_INTRODUCED,destructiveHint: True->False (safer),C3b risk hint introduced,hold,patch,,
stripe,0.2.3,0.2.4,2025-08-13,create_coupon,HINT_DECLARED_SAME_VALUE,idempotentHint: declared at default value False,C1 cosmetic,log,patch,,
stripe,0.2.3,0.2.4,2025-08-13,create_coupon,HINT_DECLARED_SAME_VALUE,openWorldHint: declared at default value True,C1 cosmetic,log,patch,,
stripe,0.2.3,0.2.4,2025-08-13,create_customer,HINT_DECLARED_SAME_VALUE,readOnlyHint: declared at default value False,C1 cosmetic,log,patch,,
stripe,0.2.3,0.2.4,2025-08-13,create_customer,HINT_INTRODUCED,destructiveHint: True->False (safer),C3b risk hint introduced,hold,patch,,
stripe,0.2.3,0.2.4,2025-08-13,create_customer,HINT_DECLARED_SAME_VALUE,idempotentHint: declared at default value False,C1 cosmetic,log,patch,,
stripe,0.2.3,0.2.4,2025-08-13,create_customer,HINT_DECLARED_SAME_VALUE,openWorldHint: declared at default value True,C1 cosmetic,log,patch,,
stripe,0.2.3,0.2.4,2025-08-13,create_invoice,HINT_DECLARED_SAME_VALUE,readOnlyHint: declared at default value False,C1 cosmetic,log,patch,,
stripe,0.2.3,0.2.4,2025-08-13,create_invoice,HINT_INTRODUCED,destructiveHint: True->False (safer),C3b risk hint introduced,hold,patch,,
stripe,0.2.3,0.2.4,2025-08-13,create_invoice,HINT_DECLARED_SAME_VALUE,idempotentHint: declared at default value False,C1 cosmetic,log,patch,,
stripe,0.2.3,0.2.4,2025-08-13,create_invoice,HINT_DECLARED_SAME_VALUE,openWorldHint: declared at default value True,C1 cosmetic,log,patch,,
stripe,0.2.3,0.2.4,2025-08-13,create_invoice_item,HINT_DECLARED_SAME_VALUE,readOnlyHint: declared at default value False,C1 cosmetic,log,patch,,
stripe,0.2.3,0.2.4,2025-08-13,create_invoice_item,HINT_INTRODUCED,destructiveHint: True->False (safer),C3b risk hint introduced,hold,patch,,
stripe,0.2.3,0.2.4,2025-08-13,create_invoice_item,HINT_DECLARED_SAME_VALUE,idempotentHint: declared at default value False,C1 cosmetic,log,patch,,
stripe,0.2.3,0.2.4,2025-08-13,create_invoice_item,HINT_DECLARED_SAME_VALUE,openWorldHint: declared at default value True,C1 cosmetic,log,patch,,
stripe,0.2.3,0.2.4,2025-08-13,create_payment_link,DESC_REWORD,similarity 0.83,C1 cosmetic (review),log,patch,,
stripe,0.2.3,0.2.4,2025-08-13,create_payment_link,SCHEMA_PARAM_ADDED,redirect_url,C2 capability expansion,hold,patch,,
stripe,0.2.3,0.2.4,2025-08-13,create_payment_link,HINT_DECLARED_SAME_VALUE,readOnlyHint: declared at default value False,C1 cosmetic,log,patch,,
stripe,0.2.3,0.2.4,2025-08-13,create_payment_link,HINT_INTRODUCED,destructiveHint: True->False (safer),C3b risk hint introduced,hold,patch,,
stripe,0.2.3,0.2.4,2025-08-13,create_payment_link,HINT_DECLARED_SAME_VALUE,idempotentHint: declared at default value False,C1 cosmetic,log,patch,,
stripe,0.2.3,0.2.4,2025-08-13,create_payment_link,HINT_DECLARED_SAME_VALUE,openWorldHint: declared at default value True,C1 cosmetic,log,patch,,
stripe,0.2.3,0.2.4,2025-08-13,create_price,HINT_DECLARED_SAME_VALUE,readOnlyHint: declared at default value False,C1 cosmetic,log,patch,,
stripe,0.2.3,0.2.4,2025-08-13,create_price,HINT_INTRODUCED,destructiveHint: True->False (safer),C3b risk hint introduced,hold,patch,,
stripe,0.2.3,0.2.4,2025-08-13,create_price,HINT_DECLARED_SAME_VALUE,idempotentHint: declared at default value False,C1 cosmetic,log,patch,,
stripe,0.2.3,0.2.4,2025-08-13,create_price,HINT_DECLARED_SAME_VALUE,openWorldHint: declared at default value True,C1 cosmetic,log,patch,,
stripe,0.2.3,0.2.4,2025-08-13,create_product,HINT_DECLARED_SAME_VALUE,readOnlyHint: declared at default value False,C1 cosmetic,log,patch,,
stripe,0.2.3,0.2.4,2025-08-13,create_product,HINT_INTRODUCED,destructiveHint: True->False (safer),C3b risk hint introduced,hold,patch,,
stripe,0.2.3,0.2.4,2025-08-13,create_product,HINT_DECLARED_SAME_VALUE,idempotentHint: declared at default value False,C1 cosmetic,log,patch,,
stripe,0.2.3,0.2.4,2025-08-13,create_product,HINT_DECLARED_SAME_VALUE,openWorldHint: declared at default value True,C1 cosmetic,log,patch,,
stripe,0.2.3,0.2.4,2025-08-13,create_refund,HINT_DECLARED_SAME_VALUE,readOnlyHint: declared at default value False,C1 cosmetic,log,patch,,
stripe,0.2.3,0.2.4,2025-08-13,create_refund,HINT_INTRODUCED,destructiveHint: True->False (safer),C3b risk hint introduced,hold,patch,,
stripe,0.2.3,0.2.4,2025-08-13,create_refund,HINT_DECLARED_SAME_VALUE,idempotentHint: declared at default value False,C1 cosmetic,log,patch,,
stripe,0.2.3,0.2.4,2025-08-13,create_refund,HINT_DECLARED_SAME_VALUE,openWorldHint: declared at default value True,C1 cosmetic,log,patch,,
stripe,0.2.3,0.2.4,2025-08-13,finalize_invoice,HINT_DECLARED_SAME_VALUE,readOnlyHint: declared at default value False,C1 cosmetic,log,patch,,
stripe,0.2.3,0.2.4,2025-08-13,finalize_invoice,HINT_INTRODUCED,destructiveHint: True->False (safer),C3b risk hint introduced,hold,patch,,
stripe,0.2.3,0.2.4,2025-08-13,finalize_invoice,HINT_INTRODUCED,idempotentHint: False->True (safer),C3b risk hint introduced,hold,patch,,
stripe,0.2.3,0.2.4,2025-08-13,finalize_invoice,HINT_DECLARED_SAME_VALUE,openWorldHint: declared at default value True,C1 cosmetic,log,patch,,
stripe,0.2.3,0.2.4,2025-08-13,list_coupons,HINT_INTRODUCED,readOnlyHint: False->True (safer),C3b risk hint introduced,hold,patch,,
stripe,0.2.3,0.2.4,2025-08-13,list_coupons,HINT_INTRODUCED,destructiveHint: True->False (safer),C3b risk hint introduced,hold,patch,,
stripe,0.2.3,0.2.4,2025-08-13,list_coupons,HINT_INTRODUCED,idempotentHint: False->True (safer),C3b risk hint introduced,hold,patch,,
stripe,0.2.3,0.2.4,2025-08-13,list_coupons,HINT_DECLARED_SAME_VALUE,openWorldHint: declared at default value True,C1 cosmetic,log,patch,,
stripe,0.2.3,0.2.4,2025-08-13,list_customers,HINT_INTRODUCED,readOnlyHint: False->True (safer),C3b risk hint introduced,hold,patch,,
stripe,0.2.3,0.2.4,2025-08-13,list_customers,HINT_INTRODUCED,destructiveHint: True->False (safer),C3b risk hint introduced,hold,patch,,
stripe,0.2.3,0.2.4,2025-08-13,list_customers,HINT_INTRODUCED,idempotentHint: False->True (safer),C3b risk hint introduced,hold,patch,,
stripe,0.2.3,0.2.4,2025-08-13,list_customers,HINT_DECLARED_SAME_VALUE,openWorldHint: declared at default value True,C1 cosmetic,log,patch,,
stripe,0.2.3,0.2.4,2025-08-13,list_disputes,HINT_INTRODUCED,readOnlyHint: False->True (safer),C3b risk hint introduced,hold,patch,,
stripe,0.2.3,0.2.4,2025-08-13,list_disputes,HINT_INTRODUCED,destructiveHint: True->False (safer),C3b risk hint introduced,hold,patch,,
stripe,0.2.3,0.2.4,2025-08-13,list_disputes,HINT_INTRODUCED,idempotentHint: False->True (safer),C3b risk hint introduced,hold,patch,,
stripe,0.2.3,0.2.4,2025-08-13,list_disputes,HINT_DECLARED_SAME_VALUE,openWorldHint: declared at default value True,C1 cosmetic,log,patch,,
stripe,0.2.3,0.2.4,2025-08-13,list_payment_intents,HINT_INTRODUCED,readOnlyHint: False->True (safer),C3b risk hint introduced,hold,patch,,
stripe,0.2.3,0.2.4,2025-08-13,list_payment_intents,HINT_INTRODUCED,destructiveHint: True->False (safer),C3b risk hint introduced,hold,patch,,
stripe,0.2.3,0.2.4,2025-08-13,list_payment_intents,HINT_INTRODUCED,idempotentHint: False->True (safer),C3b risk hint introduced,hold,patch,,
stripe,0.2.3,0.2.4,2025-08-13,list_payment_intents,HINT_DECLARED_SAME_VALUE,openWorldHint: declared at default value True,C1 cosmetic,log,patch,,
stripe,0.2.3,0.2.4,2025-08-13,list_prices,HINT_INTRODUCED,readOnlyHint: False->True (safer),C3b risk hint introduced,hold,patch,,
stripe,0.2.3,0.2.4,2025-08-13,list_prices,HINT_INTRODUCED,destructiveHint: True->False (safer),C3b risk hint introduced,hold,patch,,
stripe,0.2.3,0.2.4,2025-08-13,list_prices,HINT_INTRODUCED,idempotentHint: False->True (safer),C3b risk hint introduced,hold,patch,,
stripe,0.2.3,0.2.4,2025-08-13,list_prices,HINT_DECLARED_SAME_VALUE,openWorldHint: declared at default value True,C1 cosmetic,log,patch,,
stripe,0.2.3,0.2.4,2025-08-13,list_products,HINT_INTRODUCED,readOnlyHint: False->True (safer),C3b risk hint introduced,hold,patch,,
stripe,0.2.3,0.2.4,2025-08-13,list_products,HINT_INTRODUCED,destructiveHint: True->False (safer),C3b risk hint introduced,hold,patch,,
stripe,0.2.3,0.2.4,2025-08-13,list_products,HINT_INTRODUCED,idempotentHint: False->True (safer),C3b risk hint introduced,hold,patch,,
stripe,0.2.3,0.2.4,2025-08-13,list_products,HINT_DECLARED_SAME_VALUE,openWorldHint: declared at default value True,C1 cosmetic,log,patch,,
stripe,0.2.3,0.2.4,2025-08-13,list_subscriptions,HINT_INTRODUCED,readOnlyHint: False->True (safer),C3b risk hint introduced,hold,patch,,
stripe,0.2.3,0.2.4,2025-08-13,list_subscriptions,HINT_INTRODUCED,destructiveHint: True->False (safer),C3b risk hint introduced,hold,patch,,
stripe,0.2.3,0.2.4,2025-08-13,list_subscriptions,HINT_INTRODUCED,idempotentHint: False->True (safer),C3b risk hint introduced,hold,patch,,
stripe,0.2.3,0.2.4,2025-08-13,list_subscriptions,HINT_DECLARED_SAME_VALUE,openWorldHint: declared at default value True,C1 cosmetic,log,patch,,
stripe,0.2.3,0.2.4,2025-08-13,retrieve_balance,HINT_INTRODUCED,readOnlyHint: False->True (safer),C3b risk hint introduced,hold,patch,,
stripe,0.2.3,0.2.4,2025-08-13,retrieve_balance,HINT_INTRODUCED,destructiveHint: True->False (safer),C3b risk hint introduced,hold,patch,,
stripe,0.2.3,0.2.4,2025-08-13,retrieve_balance,HINT_INTRODUCED,idempotentHint: False->True (safer),C3b risk hint introduced,hold,patch,,
stripe,0.2.3,0.2.4,2025-08-13,retrieve_balance,HINT_DECLARED_SAME_VALUE,openWorldHint: declared at default value True,C1 cosmetic,log,patch,,
stripe,0.2.3,0.2.4,2025-08-13,search_stripe_documentation,HINT_INTRODUCED,readOnlyHint: False->True (safer),C3b risk hint introduced,hold,patch,,
stripe,0.2.3,0.2.4,2025-08-13,search_stripe_documentation,HINT_INTRODUCED,destructiveHint: True->False (safer),C3b risk hint introduced,hold,patch,,
stripe,0.2.3,0.2.4,2025-08-13,search_stripe_documentation,HINT_INTRODUCED,idempotentHint: False->True (safer),C3b risk hint introduced,hold,patch,,
stripe,0.2.3,0.2.4,2025-08-13,search_stripe_documentation,HINT_DECLARED_SAME_VALUE,openWorldHint: declared at default value True,C1 cosmetic,log,patch,,
stripe,0.2.3,0.2.4,2025-08-13,update_dispute,HINT_DECLARED_SAME_VALUE,readOnlyHint: declared at default value False,C1 cosmetic,log,patch,,
stripe,0.2.3,0.2.4,2025-08-13,update_dispute,HINT_INTRODUCED,destructiveHint: True->False (safer),C3b risk hint introduced,hold,patch,,
stripe,0.2.3,0.2.4,2025-08-13,update_dispute,HINT_DECLARED_SAME_VALUE,idempotentHint: declared at default value False,C1 cosmetic,log,patch,,
stripe,0.2.3,0.2.4,2025-08-13,update_dispute,HINT_DECLARED_SAME_VALUE,openWorldHint: declared at default value True,C1 cosmetic,log,patch,,
stripe,0.2.3,0.2.4,2025-08-13,update_subscription,HINT_DECLARED_SAME_VALUE,readOnlyHint: declared at default value False,C1 cosmetic,log,patch,,
stripe,0.2.3,0.2.4,2025-08-13,update_subscription,HINT_INTRODUCED,destructiveHint: True->False (safer),C3b risk hint introduced,hold,patch,,
stripe,0.2.3,0.2.4,2025-08-13,update_subscription,HINT_DECLARED_SAME_VALUE,idempotentHint: declared at default value False,C1 cosmetic,log,patch,,
stripe,0.2.3,0.2.4,2025-08-13,update_subscription,HINT_DECLARED_SAME_VALUE,openWorldHint: declared at default value True,C1 cosmetic,log,patch,,
figma,0.2.2,0.4.1,2025-06-06,download_figma_images,SCHEMA_PARAM_ADDED,"pngScale,svgOptions",C2 capability expansion,hold,minor on 0.x (breaking by convention),,
figma,0.2.2,0.4.1,2025-06-06,get_figma_data,SCHEMA_PARAM_DOC,parameter descriptions only,C1 cosmetic,log,minor on 0.x (breaking by convention),,
figma,0.4.1,0.5.1,2025-08-13,download_figma_images,SCHEMA_PARAM_REMOVED,svgOptions,C5 capability removed,log,minor on 0.x (breaking by convention),,
figma,0.4.1,0.5.1,2025-08-13,get_figma_data,DESC_REWORD,similarity 0.36,C1 cosmetic (review),log,minor on 0.x (breaking by convention),,
figma,0.4.1,0.5.1,2025-08-13,get_figma_data,SCHEMA_PARAM_DOC,parameter descriptions only,C1 cosmetic,log,minor on 0.x (breaking by convention),,
figma,0.5.1,0.6.1,2025-09-23,download_figma_images,SCHEMA_CONSTRAINT,types/enums/defaults/limits changed,C2b contract change,hold,minor on 0.x (breaking by convention),,
figma,0.6.1,0.6.6,2026-03-04,download_figma_images,SCHEMA_CONSTRAINT,types/enums/defaults/limits changed,C2b contract change,hold,patch,,
figma,0.6.1,0.6.6,2026-03-04,download_figma_images,HINT_DECLARED_SAME_VALUE,openWorldHint: declared at default value True,C1 cosmetic,log,patch,,
figma,0.6.1,0.6.6,2026-03-04,get_figma_data,SCHEMA_CONSTRAINT,types/enums/defaults/limits changed,C2b contract change,hold,patch,,
figma,0.6.1,0.6.6,2026-03-04,get_figma_data,HINT_INTRODUCED,readOnlyHint: False->True (safer),C3b risk hint introduced,hold,patch,,
figma,0.6.6,0.8.1,2026-04-07,download_figma_images,DESC_REWORD,similarity 0.69,C1 cosmetic (review),log,minor on 0.x (breaking by convention),,
figma,0.6.6,0.8.1,2026-04-07,download_figma_images,SCHEMA_CONSTRAINT,types/enums/defaults/limits changed,C2b contract change,hold,minor on 0.x (breaking by convention),,
figma,0.8.1,0.11.0,2026-04-20,get_figma_data,SCHEMA_PARAM_DOC,parameter descriptions only,C1 cosmetic,log,minor on 0.x (breaking by convention),,
figma,0.11.0,0.13.2,2026-06-18,download_figma_images,SCHEMA_PARAM_DOC,parameter descriptions only,C1 cosmetic,log,minor on 0.x (breaking by convention),,
sentry,0.4.0,0.8.0,2025-05-22,begin_seer_issue_fix,TOOL_ADDED,,C4 new tool,hold,minor on 0.x (breaking by convention),,
sentry,0.4.0,0.8.0,2025-05-22,get_seer_issue_fix_status,TOOL_ADDED,,C4 new tool,hold,minor on 0.x (breaking by convention),,
sentry,0.4.0,0.8.0,2025-05-22,begin_autofix,TOOL_REMOVED,,C5 tool removed,log,minor on 0.x (breaking by convention),,
sentry,0.4.0,0.8.0,2025-05-22,get_autofix_status,TOOL_REMOVED,,C5 tool removed,log,minor on 0.x (breaking by convention),,
sentry,0.4.0,0.8.0,2025-05-22,create_dsn,SCHEMA_PARAM_ADDED,regionUrl,C2 capability expansion,hold,minor on 0.x (breaking by convention),,
sentry,0.4.0,0.8.0,2025-05-22,create_project,SCHEMA_PARAM_ADDED,regionUrl,C2 capability expansion,hold,minor on 0.x (breaking by convention),,
sentry,0.4.0,0.8.0,2025-05-22,create_team,SCHEMA_PARAM_ADDED,regionUrl,C2 capability expansion,hold,minor on 0.x (breaking by convention),,
sentry,0.4.0,0.8.0,2025-05-22,get_issue_details,DESC_REWORD,similarity 0.64,C1 cosmetic (review),log,minor on 0.x (breaking by convention),,
sentry,0.4.0,0.8.0,2025-05-22,get_issue_details,SCHEMA_PARAM_ADDED,"eventId,regionUrl",C2 capability expansion,hold,minor on 0.x (breaking by convention),,
sentry,0.4.0,0.8.0,2025-05-22,get_issue_summary,SCHEMA_PARAM_ADDED,regionUrl,C2 capability expansion,hold,minor on 0.x (breaking by convention),,
sentry,0.4.0,0.8.0,2025-05-22,list_dsns,SCHEMA_PARAM_ADDED,regionUrl,C2 capability expansion,hold,minor on 0.x (breaking by convention),,
sentry,0.4.0,0.8.0,2025-05-22,list_issues,SCHEMA_PARAM_ADDED,regionUrl,C2 capability expansion,hold,minor on 0.x (breaking by convention),,
sentry,0.4.0,0.8.0,2025-05-22,list_organizations,SCHEMA_CONSTRAINT,types/enums/defaults/limits changed,C2b contract change,hold,minor on 0.x (breaking by convention),,
sentry,0.4.0,0.8.0,2025-05-22,list_projects,SCHEMA_PARAM_ADDED,regionUrl,C2 capability expansion,hold,minor on 0.x (breaking by convention),,
sentry,0.4.0,0.8.0,2025-05-22,list_releases,SCHEMA_PARAM_ADDED,regionUrl,C2 capability expansion,hold,minor on 0.x (breaking by convention),,
sentry,0.4.0,0.8.0,2025-05-22,list_tags,SCHEMA_PARAM_ADDED,regionUrl,C2 capability expansion,hold,minor on 0.x (breaking by convention),,
sentry,0.4.0,0.8.0,2025-05-22,list_teams,SCHEMA_PARAM_ADDED,regionUrl,C2 capability expansion,hold,minor on 0.x (breaking by convention),,
sentry,0.4.0,0.8.0,2025-05-22,search_errors,SCHEMA_PARAM_ADDED,regionUrl,C2 capability expansion,hold,minor on 0.x (breaking by convention),,
sentry,0.4.0,0.8.0,2025-05-22,search_transactions,SCHEMA_PARAM_ADDED,regionUrl,C2 capability expansion,hold,minor on 0.x (breaking by convention),,
sentry,0.8.0,0.13.0,2025-07-08,analyze_issue_with_seer,TOOL_ADDED,,C4 new tool,hold,minor on 0.x (breaking by convention),,
sentry,0.8.0,0.13.0,2025-07-08,find_dsns,TOOL_ADDED,,C4 new tool,hold,minor on 0.x (breaking by convention),,
sentry,0.8.0,0.13.0,2025-07-08,find_errors,TOOL_ADDED,,C4 new tool,hold,minor on 0.x (breaking by convention),,
sentry,0.8.0,0.13.0,2025-07-08,find_issues,TOOL_ADDED,,C4 new tool,hold,minor on 0.x (breaking by convention),,
sentry,0.8.0,0.13.0,2025-07-08,find_organizations,TOOL_ADDED,,C4 new tool,hold,minor on 0.x (breaking by convention),,
sentry,0.8.0,0.13.0,2025-07-08,find_projects,TOOL_ADDED,,C4 new tool,hold,minor on 0.x (breaking by convention),,
sentry,0.8.0,0.13.0,2025-07-08,find_releases,TOOL_ADDED,,C4 new tool,hold,minor on 0.x (breaking by convention),,
sentry,0.8.0,0.13.0,2025-07-08,find_tags,TOOL_ADDED,,C4 new tool,hold,minor on 0.x (breaking by convention),,
sentry,0.8.0,0.13.0,2025-07-08,find_teams,TOOL_ADDED,,C4 new tool,hold,minor on 0.x (breaking by convention),,
sentry,0.8.0,0.13.0,2025-07-08,find_transactions,TOOL_ADDED,,C4 new tool,hold,minor on 0.x (breaking by convention),,
sentry,0.8.0,0.13.0,2025-07-08,get_doc,TOOL_ADDED,,C4 new tool,hold,minor on 0.x (breaking by convention),,
sentry,0.8.0,0.13.0,2025-07-08,get_event_attachment,TOOL_ADDED,,C4 new tool,hold,minor on 0.x (breaking by convention),,
sentry,0.8.0,0.13.0,2025-07-08,search_docs,TOOL_ADDED,,C4 new tool,hold,minor on 0.x (breaking by convention),,
sentry,0.8.0,0.13.0,2025-07-08,update_issue,TOOL_ADDED,,C4 new tool,hold,minor on 0.x (breaking by convention),,
sentry,0.8.0,0.13.0,2025-07-08,update_project,TOOL_ADDED,,C4 new tool,hold,minor on 0.x (breaking by convention),,
sentry,0.8.0,0.13.0,2025-07-08,whoami,TOOL_ADDED,,C4 new tool,hold,minor on 0.x (breaking by convention),,
sentry,0.8.0,0.13.0,2025-07-08,begin_seer_issue_fix,TOOL_REMOVED,,C5 tool removed,log,minor on 0.x (breaking by convention),,
sentry,0.8.0,0.13.0,2025-07-08,get_issue_summary,TOOL_REMOVED,,C5 tool removed,log,minor on 0.x (breaking by convention),,
sentry,0.8.0,0.13.0,2025-07-08,get_seer_issue_fix_status,TOOL_REMOVED,,C5 tool removed,log,minor on 0.x (breaking by convention),,
sentry,0.8.0,0.13.0,2025-07-08,list_dsns,TOOL_REMOVED,,C5 tool removed,log,minor on 0.x (breaking by convention),,
sentry,0.8.0,0.13.0,2025-07-08,list_issues,TOOL_REMOVED,,C5 tool removed,log,minor on 0.x (breaking by convention),,
sentry,0.8.0,0.13.0,2025-07-08,list_organizations,TOOL_REMOVED,,C5 tool removed,log,minor on 0.x (breaking by convention),,
sentry,0.8.0,0.13.0,2025-07-08,list_projects,TOOL_REMOVED,,C5 tool removed,log,minor on 0.x (breaking by convention),,
sentry,0.8.0,0.13.0,2025-07-08,list_releases,TOOL_REMOVED,,C5 tool removed,log,minor on 0.x (breaking by convention),,
sentry,0.8.0,0.13.0,2025-07-08,list_tags,TOOL_REMOVED,,C5 tool removed,log,minor on 0.x (breaking by convention),,
sentry,0.8.0,0.13.0,2025-07-08,list_teams,TOOL_REMOVED,,C5 tool removed,log,minor on 0.x (breaking by convention),,
sentry,0.8.0,0.13.0,2025-07-08,search_errors,TOOL_REMOVED,,C5 tool removed,log,minor on 0.x (breaking by convention),,
sentry,0.8.0,0.13.0,2025-07-08,search_transactions,TOOL_REMOVED,,C5 tool removed,log,minor on 0.x (breaking by convention),,
sentry,0.8.0,0.13.0,2025-07-08,create_dsn,DESC_REWORD,similarity 0.95,C1 cosmetic (review),log,minor on 0.x (breaking by convention),,
sentry,0.8.0,0.13.0,2025-07-08,create_dsn,SCHEMA_REQUIRED_CHANGED,+['organizationSlug'] -[],C2b contract change,hold,minor on 0.x (breaking by convention),,
sentry,0.8.0,0.13.0,2025-07-08,create_project,DESC_REWORD,similarity 0.97,C1 cosmetic (review),log,minor on 0.x (breaking by convention),,
sentry,0.8.0,0.13.0,2025-07-08,create_project,SCHEMA_REQUIRED_CHANGED,+['organizationSlug'] -[],C2b contract change,hold,minor on 0.x (breaking by convention),,
sentry,0.8.0,0.13.0,2025-07-08,create_team,DESC_REWORD,similarity 0.92,C1 cosmetic (review),log,minor on 0.x (breaking by convention),,
sentry,0.8.0,0.13.0,2025-07-08,create_team,SCHEMA_REQUIRED_CHANGED,+['organizationSlug'] -[],C2b contract change,hold,minor on 0.x (breaking by convention),,
sentry,0.8.0,0.13.0,2025-07-08,get_issue_details,DESC_REWORD,similarity 0.73,C1 cosmetic (review),log,minor on 0.x (breaking by convention),,
sentry,0.8.0,0.13.0,2025-07-08,get_issue_details,SCHEMA_PARAM_DOC,parameter descriptions only,C1 cosmetic,log,minor on 0.x (breaking by convention),,
sentry,0.13.0,0.17.1,2025-07-24,search_events,TOOL_ADDED,,C4 new tool,hold,minor on 0.x (breaking by convention),,
sentry,0.13.0,0.17.1,2025-07-24,search_issues,TOOL_ADDED,,C4 new tool,hold,minor on 0.x (breaking by convention),,
sentry,0.13.0,0.17.1,2025-07-24,find_errors,TOOL_REMOVED,,C5 tool removed,log,minor on 0.x (breaking by convention),,
sentry,0.13.0,0.17.1,2025-07-24,find_issues,TOOL_REMOVED,,C5 tool removed,log,minor on 0.x (breaking by convention),,
sentry,0.13.0,0.17.1,2025-07-24,find_tags,TOOL_REMOVED,,C5 tool removed,log,minor on 0.x (breaking by convention),,
sentry,0.13.0,0.17.1,2025-07-24,find_transactions,TOOL_REMOVED,,C5 tool removed,log,minor on 0.x (breaking by convention),,
sentry,0.13.0,0.17.1,2025-07-24,analyze_issue_with_seer,DESC_REWORD,similarity 0.67,C1 cosmetic (review),log,minor on 0.x (breaking by convention),,
sentry,0.13.0,0.17.1,2025-07-24,create_dsn,DESC_REWORD,similarity 0.67,C1 cosmetic (review),log,minor on 0.x (breaking by convention),,
sentry,0.13.0,0.17.1,2025-07-24,create_project,DESC_REWORD,similarity 0.66,C1 cosmetic (review),log,minor on 0.x (breaking by convention),,
sentry,0.13.0,0.17.1,2025-07-24,create_team,DESC_REWORD,similarity 0.60,C1 cosmetic (review),log,minor on 0.x (breaking by convention),,
sentry,0.13.0,0.17.1,2025-07-24,get_issue_details,DESC_REWORD,similarity 0.36,C1 cosmetic (review),log,minor on 0.x (breaking by convention),,
sentry,0.13.0,0.17.1,2025-07-24,update_issue,DESC_REWORD,similarity 0.85,C1 cosmetic (review),log,minor on 0.x (breaking by convention),,
sentry,0.13.0,0.17.1,2025-07-24,update_issue,SCHEMA_PARAM_DOC,parameter descriptions only,C1 cosmetic,log,minor on 0.x (breaking by convention),,
sentry,0.17.1,0.23.0,2025-11-20,get_trace_details,TOOL_ADDED,,C4 new tool,hold,minor on 0.x (breaking by convention),,
sentry,0.17.1,0.23.0,2025-11-20,analyze_issue_with_seer,DESC_REWORD,similarity 1.00,C1 cosmetic (review),log,minor on 0.x (breaking by convention),,
sentry,0.17.1,0.23.0,2025-11-20,analyze_issue_with_seer,SCHEMA_CONSTRAINT,types/enums/defaults/limits changed,C2b contract change,hold,minor on 0.x (breaking by convention),,
sentry,0.17.1,0.23.0,2025-11-20,analyze_issue_with_seer,HINT_DECLARED_SAME_VALUE,readOnlyHint: declared at default value False,C1 cosmetic,log,minor on 0.x (breaking by convention),,
sentry,0.17.1,0.23.0,2025-11-20,analyze_issue_with_seer,HINT_INTRODUCED,destructiveHint: True->False (safer),C3b risk hint introduced,hold,minor on 0.x (breaking by convention),,
sentry,0.17.1,0.23.0,2025-11-20,analyze_issue_with_seer,HINT_DECLARED_SAME_VALUE,openWorldHint: declared at default value True,C1 cosmetic,log,minor on 0.x (breaking by convention),,
sentry,0.17.1,0.23.0,2025-11-20,create_dsn,DESC_FORMAT,whitespace/punctuation only,C0 serialization noise,log,minor on 0.x (breaking by convention),,
sentry,0.17.1,0.23.0,2025-11-20,create_dsn,SCHEMA_CONSTRAINT,types/enums/defaults/limits changed,C2b contract change,hold,minor on 0.x (breaking by convention),,
sentry,0.17.1,0.23.0,2025-11-20,create_dsn,HINT_DECLARED_SAME_VALUE,readOnlyHint: declared at default value False,C1 cosmetic,log,minor on 0.x (breaking by convention),,
sentry,0.17.1,0.23.0,2025-11-20,create_dsn,HINT_INTRODUCED,destructiveHint: True->False (safer),C3b risk hint introduced,hold,minor on 0.x (breaking by convention),,
sentry,0.17.1,0.23.0,2025-11-20,create_dsn,HINT_DECLARED_SAME_VALUE,openWorldHint: declared at default value True,C1 cosmetic,log,minor on 0.x (breaking by convention),,
sentry,0.17.1,0.23.0,2025-11-20,create_project,DESC_FORMAT,whitespace/punctuation only,C0 serialization noise,log,minor on 0.x (breaking by convention),,
sentry,0.17.1,0.23.0,2025-11-20,create_project,SCHEMA_CONSTRAINT,types/enums/defaults/limits changed,C2b contract change,hold,minor on 0.x (breaking by convention),,
sentry,0.17.1,0.23.0,2025-11-20,create_project,HINT_DECLARED_SAME_VALUE,readOnlyHint: declared at default value False,C1 cosmetic,log,minor on 0.x (breaking by convention),,
sentry,0.17.1,0.23.0,2025-11-20,create_project,HINT_INTRODUCED,destructiveHint: True->False (safer),C3b risk hint introduced,hold,minor on 0.x (breaking by convention),,
sentry,0.17.1,0.23.0,2025-11-20,create_project,HINT_DECLARED_SAME_VALUE,openWorldHint: declared at default value True,C1 cosmetic,log,minor on 0.x (breaking by convention),,
sentry,0.17.1,0.23.0,2025-11-20,create_team,DESC_FORMAT,whitespace/punctuation only,C0 serialization noise,log,minor on 0.x (breaking by convention),,
sentry,0.17.1,0.23.0,2025-11-20,create_team,SCHEMA_CONSTRAINT,types/enums/defaults/limits changed,C2b contract change,hold,minor on 0.x (breaking by convention),,
sentry,0.17.1,0.23.0,2025-11-20,create_team,HINT_DECLARED_SAME_VALUE,readOnlyHint: declared at default value False,C1 cosmetic,log,minor on 0.x (breaking by convention),,
sentry,0.17.1,0.23.0,2025-11-20,create_team,HINT_INTRODUCED,destructiveHint: True->False (safer),C3b risk hint introduced,hold,minor on 0.x (breaking by convention),,
sentry,0.17.1,0.23.0,2025-11-20,create_team,HINT_DECLARED_SAME_VALUE,openWorldHint: declared at default value True,C1 cosmetic,log,minor on 0.x (breaking by convention),,
sentry,0.17.1,0.23.0,2025-11-20,find_dsns,SCHEMA_CONSTRAINT,types/enums/defaults/limits changed,C2b contract change,hold,minor on 0.x (breaking by convention),,
sentry,0.17.1,0.23.0,2025-11-20,find_dsns,HINT_INTRODUCED,readOnlyHint: False->True (safer),C3b risk hint introduced,hold,minor on 0.x (breaking by convention),,
sentry,0.17.1,0.23.0,2025-11-20,find_dsns,HINT_DECLARED_SAME_VALUE,openWorldHint: declared at default value True,C1 cosmetic,log,minor on 0.x (breaking by convention),,
sentry,0.17.1,0.23.0,2025-11-20,find_organizations,DESC_REWORD,similarity 0.70,C1 cosmetic (review),log,minor on 0.x (breaking by convention),,
sentry,0.17.1,0.23.0,2025-11-20,find_organizations,SCHEMA_PARAM_ADDED,query,C2 capability expansion,hold,minor on 0.x (breaking by convention),,
sentry,0.17.1,0.23.0,2025-11-20,find_organizations,HINT_INTRODUCED,readOnlyHint: False->True (safer),C3b risk hint introduced,hold,minor on 0.x (breaking by convention),,
sentry,0.17.1,0.23.0,2025-11-20,find_organizations,HINT_DECLARED_SAME_VALUE,openWorldHint: declared at default value True,C1 cosmetic,log,minor on 0.x (breaking by convention),,
sentry,0.17.1,0.23.0,2025-11-20,find_projects,DESC_REWORD,similarity 0.67,C1 cosmetic (review),log,minor on 0.x (breaking by convention),,
sentry,0.17.1,0.23.0,2025-11-20,find_projects,SCHEMA_PARAM_ADDED,query,C2 capability expansion,hold,minor on 0.x (breaking by convention),,
sentry,0.17.1,0.23.0,2025-11-20,find_projects,HINT_INTRODUCED,readOnlyHint: False->True (safer),C3b risk hint introduced,hold,minor on 0.x (breaking by convention),,
sentry,0.17.1,0.23.0,2025-11-20,find_projects,HINT_DECLARED_SAME_VALUE,openWorldHint: declared at default value True,C1 cosmetic,log,minor on 0.x (breaking by convention),,
sentry,0.17.1,0.23.0,2025-11-20,find_releases,SCHEMA_CONSTRAINT,types/enums/defaults/limits changed,C2b contract change,hold,minor on 0.x (breaking by convention),,
sentry,0.17.1,0.23.0,2025-11-20,find_releases,HINT_INTRODUCED,readOnlyHint: False->True (safer),C3b risk hint introduced,hold,minor on 0.x (breaking by convention),,
sentry,0.17.1,0.23.0,2025-11-20,find_releases,HINT_DECLARED_SAME_VALUE,openWorldHint: declared at default value True,C1 cosmetic,log,minor on 0.x (breaking by convention),,
sentry,0.17.1,0.23.0,2025-11-20,find_teams,DESC_REWORD,similarity 0.69,C1 cosmetic (review),log,minor on 0.x (breaking by convention),,
sentry,0.17.1,0.23.0,2025-11-20,find_teams,SCHEMA_PARAM_ADDED,query,C2 capability expansion,hold,minor on 0.x (breaking by convention),,
sentry,0.17.1,0.23.0,2025-11-20,find_teams,HINT_INTRODUCED,readOnlyHint: False->True (safer),C3b risk hint introduced,hold,minor on 0.x (breaking by convention),,
sentry,0.17.1,0.23.0,2025-11-20,find_teams,HINT_DECLARED_SAME_VALUE,openWorldHint: declared at default value True,C1 cosmetic,log,minor on 0.x (breaking by convention),,
sentry,0.17.1,0.23.0,2025-11-20,get_doc,HINT_INTRODUCED,readOnlyHint: False->True (safer),C3b risk hint introduced,hold,minor on 0.x (breaking by convention),,
sentry,0.17.1,0.23.0,2025-11-20,get_doc,HINT_DECLARED_SAME_VALUE,openWorldHint: declared at default value True,C1 cosmetic,log,minor on 0.x (breaking by convention),,
sentry,0.17.1,0.23.0,2025-11-20,get_event_attachment,SCHEMA_CONSTRAINT,types/enums/defaults/limits changed,C2b contract change,hold,minor on 0.x (breaking by convention),,
sentry,0.17.1,0.23.0,2025-11-20,get_event_attachment,HINT_INTRODUCED,readOnlyHint: False->True (safer),C3b risk hint introduced,hold,minor on 0.x (breaking by convention),,
sentry,0.17.1,0.23.0,2025-11-20,get_event_attachment,HINT_DECLARED_SAME_VALUE,openWorldHint: declared at default value True,C1 cosmetic,log,minor on 0.x (breaking by convention),,
sentry,0.17.1,0.23.0,2025-11-20,get_issue_details,DESC_REWORD,similarity 0.76,C1 cosmetic (review),log,minor on 0.x (breaking by convention),,
sentry,0.17.1,0.23.0,2025-11-20,get_issue_details,SCHEMA_CONSTRAINT,types/enums/defaults/limits changed,C2b contract change,hold,minor on 0.x (breaking by convention),,
sentry,0.17.1,0.23.0,2025-11-20,get_issue_details,HINT_INTRODUCED,readOnlyHint: False->True (safer),C3b risk hint introduced,hold,minor on 0.x (breaking by convention),,
sentry,0.17.1,0.23.0,2025-11-20,get_issue_details,HINT_DECLARED_SAME_VALUE,openWorldHint: declared at default value True,C1 cosmetic,log,minor on 0.x (breaking by convention),,
sentry,0.17.1,0.23.0,2025-11-20,search_docs,DESC_REWORD,similarity 0.47,C1 cosmetic (review),log,minor on 0.x (breaking by convention),,
sentry,0.17.1,0.23.0,2025-11-20,search_docs,SCHEMA_CONSTRAINT,types/enums/defaults/limits changed,C2b contract change,hold,minor on 0.x (breaking by convention),,
sentry,0.17.1,0.23.0,2025-11-20,search_docs,HINT_INTRODUCED,readOnlyHint: False->True (safer),C3b risk hint introduced,hold,minor on 0.x (breaking by convention),,
sentry,0.17.1,0.23.0,2025-11-20,search_docs,HINT_DECLARED_SAME_VALUE,openWorldHint: declared at default value True,C1 cosmetic,log,minor on 0.x (breaking by convention),,
sentry,0.17.1,0.23.0,2025-11-20,search_events,DESC_FORMAT,whitespace/punctuation only,C0 serialization noise,log,minor on 0.x (breaking by convention),,
sentry,0.17.1,0.23.0,2025-11-20,search_events,SCHEMA_CONSTRAINT,types/enums/defaults/limits changed,C2b contract change,hold,minor on 0.x (breaking by convention),,
sentry,0.17.1,0.23.0,2025-11-20,search_events,HINT_INTRODUCED,readOnlyHint: False->True (safer),C3b risk hint introduced,hold,minor on 0.x (breaking by convention),,
sentry,0.17.1,0.23.0,2025-11-20,search_events,HINT_DECLARED_SAME_VALUE,openWorldHint: declared at default value True,C1 cosmetic,log,minor on 0.x (breaking by convention),,
sentry,0.17.1,0.23.0,2025-11-20,search_issues,DESC_FORMAT,whitespace/punctuation only,C0 serialization noise,log,minor on 0.x (breaking by convention),,
sentry,0.17.1,0.23.0,2025-11-20,search_issues,SCHEMA_CONSTRAINT,types/enums/defaults/limits changed,C2b contract change,hold,minor on 0.x (breaking by convention),,
sentry,0.17.1,0.23.0,2025-11-20,search_issues,HINT_INTRODUCED,readOnlyHint: False->True (safer),C3b risk hint introduced,hold,minor on 0.x (breaking by convention),,
sentry,0.17.1,0.23.0,2025-11-20,search_issues,HINT_DECLARED_SAME_VALUE,openWorldHint: declared at default value True,C1 cosmetic,log,minor on 0.x (breaking by convention),,
sentry,0.17.1,0.23.0,2025-11-20,update_issue,SCHEMA_CONSTRAINT,types/enums/defaults/limits changed,C2b contract change,hold,minor on 0.x (breaking by convention),,
sentry,0.17.1,0.23.0,2025-11-20,update_issue,HINT_DECLARED_SAME_VALUE,readOnlyHint: declared at default value False,C1 cosmetic,log,minor on 0.x (breaking by convention),,
sentry,0.17.1,0.23.0,2025-11-20,update_issue,HINT_DECLARED_SAME_VALUE,destructiveHint: declared at default value True,C1 cosmetic,log,minor on 0.x (breaking by convention),,
sentry,0.17.1,0.23.0,2025-11-20,update_issue,HINT_INTRODUCED,idempotentHint: False->True (safer),C3b risk hint introduced,hold,minor on 0.x (breaking by convention),,
sentry,0.17.1,0.23.0,2025-11-20,update_issue,HINT_DECLARED_SAME_VALUE,openWorldHint: declared at default value True,C1 cosmetic,log,minor on 0.x (breaking by convention),,
sentry,0.17.1,0.23.0,2025-11-20,update_project,SCHEMA_CONSTRAINT,types/enums/defaults/limits changed,C2b contract change,hold,minor on 0.x (breaking by convention),,
sentry,0.17.1,0.23.0,2025-11-20,update_project,HINT_DECLARED_SAME_VALUE,readOnlyHint: declared at default value False,C1 cosmetic,log,minor on 0.x (breaking by convention),,
sentry,0.17.1,0.23.0,2025-11-20,update_project,HINT_DECLARED_SAME_VALUE,destructiveHint: declared at default value True,C1 cosmetic,log,minor on 0.x (breaking by convention),,
sentry,0.17.1,0.23.0,2025-11-20,update_project,HINT_INTRODUCED,idempotentHint: False->True (safer),C3b risk hint introduced,hold,minor on 0.x (breaking by convention),,
sentry,0.17.1,0.23.0,2025-11-20,update_project,HINT_DECLARED_SAME_VALUE,openWorldHint: declared at default value True,C1 cosmetic,log,minor on 0.x (breaking by convention),,
sentry,0.17.1,0.23.0,2025-11-20,whoami,HINT_INTRODUCED,readOnlyHint: False->True (safer),C3b risk hint introduced,hold,minor on 0.x (breaking by convention),,
sentry,0.17.1,0.23.0,2025-11-20,whoami,HINT_DECLARED_SAME_VALUE,openWorldHint: declared at default value True,C1 cosmetic,log,minor on 0.x (breaking by convention),,
sentry,0.23.0,0.27.0,2026-01-19,get_issue_tag_values,TOOL_ADDED,,C4 new tool,hold,minor on 0.x (breaking by convention),,
sentry,0.23.0,0.27.0,2026-01-19,list_events,TOOL_ADDED,,C4 new tool,hold,minor on 0.x (breaking by convention),,
sentry,0.23.0,0.27.0,2026-01-19,list_issue_events,TOOL_ADDED,,C4 new tool,hold,minor on 0.x (breaking by convention),,
sentry,0.23.0,0.27.0,2026-01-19,list_issues,TOOL_ADDED,,C4 new tool,hold,minor on 0.x (breaking by convention),,
sentry,0.23.0,0.27.0,2026-01-19,search_events,TOOL_REMOVED,,C5 tool removed,log,minor on 0.x (breaking by convention),,
sentry,0.23.0,0.27.0,2026-01-19,search_issues,TOOL_REMOVED,,C5 tool removed,log,minor on 0.x (breaking by convention),,
sentry,0.23.0,0.27.0,2026-01-19,whoami,SCHEMA_SERIALIZATION,$schema/additionalProperties only,C0 serialization noise,log,minor on 0.x (breaking by convention),,
sentry,0.27.0,0.32.0,2026-04-14,get_profile_details,TOOL_ADDED,,C4 new tool,hold,minor on 0.x (breaking by convention),,
sentry,0.27.0,0.32.0,2026-04-14,get_replay_details,TOOL_ADDED,,C4 new tool,hold,minor on 0.x (breaking by convention),,
sentry,0.27.0,0.32.0,2026-04-14,get_sentry_resource,TOOL_ADDED,,C4 new tool,hold,minor on 0.x (breaking by convention),,
sentry,0.27.0,0.32.0,2026-04-14,get_issue_details,TOOL_REMOVED,,C5 tool removed,log,minor on 0.x (breaking by convention),,
sentry,0.27.0,0.32.0,2026-04-14,get_trace_details,TOOL_REMOVED,,C5 tool removed,log,minor on 0.x (breaking by convention),,
sentry,0.27.0,0.32.0,2026-04-14,analyze_issue_with_seer,DESC_SCOPE_CANDIDATE,new action words: run; similarity 0.68,C1s safety guidance added (manual),log,minor on 0.x (breaking by convention),,Narrows when the agent should call it.
sentry,0.27.0,0.32.0,2026-04-14,find_teams,DESC_REWORD,similarity 0.98,C1 cosmetic (review),log,minor on 0.x (breaking by convention),,
sentry,0.27.0,0.32.0,2026-04-14,update_issue,DESC_REWORD,similarity 0.92,C1 cosmetic (review),log,minor on 0.x (breaking by convention),,
sentry,0.27.0,0.32.0,2026-04-14,update_issue,SCHEMA_PARAM_DOC,parameter descriptions only,C1 cosmetic,log,minor on 0.x (breaking by convention),,
sentry,0.32.0,0.37.0,2026-07-02,execute_sentry_tool,TOOL_ADDED,,C4 new tool,hold,minor on 0.x (breaking by convention),,
sentry,0.32.0,0.37.0,2026-07-02,search_events,TOOL_ADDED,,C4 new tool,hold,minor on 0.x (breaking by convention),,
sentry,0.32.0,0.37.0,2026-07-02,search_issues,TOOL_ADDED,,C4 new tool,hold,minor on 0.x (breaking by convention),,
sentry,0.32.0,0.37.0,2026-07-02,search_sentry_tools,TOOL_ADDED,,C4 new tool,hold,minor on 0.x (breaking by convention),,
sentry,0.32.0,0.37.0,2026-07-02,create_dsn,TOOL_REMOVED,,C5 tool removed,log,minor on 0.x (breaking by convention),,
sentry,0.32.0,0.37.0,2026-07-02,create_project,TOOL_REMOVED,,C5 tool removed,log,minor on 0.x (breaking by convention),,
sentry,0.32.0,0.37.0,2026-07-02,create_team,TOOL_REMOVED,,C5 tool removed,log,minor on 0.x (breaking by convention),,
sentry,0.32.0,0.37.0,2026-07-02,find_dsns,TOOL_REMOVED,,C5 tool removed,log,minor on 0.x (breaking by convention),,
sentry,0.32.0,0.37.0,2026-07-02,find_releases,TOOL_REMOVED,,C5 tool removed,log,minor on 0.x (breaking by convention),,
sentry,0.32.0,0.37.0,2026-07-02,find_teams,TOOL_REMOVED,,C5 tool removed,log,minor on 0.x (breaking by convention),,
sentry,0.32.0,0.37.0,2026-07-02,get_doc,TOOL_REMOVED,,C5 tool removed,log,minor on 0.x (breaking by convention),,
sentry,0.32.0,0.37.0,2026-07-02,get_event_attachment,TOOL_REMOVED,,C5 tool removed,log,minor on 0.x (breaking by convention),,
sentry,0.32.0,0.37.0,2026-07-02,get_issue_tag_values,TOOL_REMOVED,,C5 tool removed,log,minor on 0.x (breaking by convention),,
sentry,0.32.0,0.37.0,2026-07-02,get_profile_details,TOOL_REMOVED,,C5 tool removed,log,minor on 0.x (breaking by convention),,
sentry,0.32.0,0.37.0,2026-07-02,get_replay_details,TOOL_REMOVED,,C5 tool removed,log,minor on 0.x (breaking by convention),,
sentry,0.32.0,0.37.0,2026-07-02,list_events,TOOL_REMOVED,,C5 tool removed,log,minor on 0.x (breaking by convention),,
sentry,0.32.0,0.37.0,2026-07-02,list_issue_events,TOOL_REMOVED,,C5 tool removed,log,minor on 0.x (breaking by convention),,
sentry,0.32.0,0.37.0,2026-07-02,list_issues,TOOL_REMOVED,,C5 tool removed,log,minor on 0.x (breaking by convention),,
sentry,0.32.0,0.37.0,2026-07-02,search_docs,TOOL_REMOVED,,C5 tool removed,log,minor on 0.x (breaking by convention),,
sentry,0.32.0,0.37.0,2026-07-02,update_project,TOOL_REMOVED,,C5 tool removed,log,minor on 0.x (breaking by convention),,
sentry,0.32.0,0.37.0,2026-07-02,whoami,TOOL_REMOVED,,C5 tool removed,log,minor on 0.x (breaking by convention),,
sentry,0.32.0,0.37.0,2026-07-02,analyze_issue_with_seer,DESC_REWORD,similarity 0.96,C1 cosmetic (review),log,minor on 0.x (breaking by convention),,
sentry,0.32.0,0.37.0,2026-07-02,get_sentry_resource,DESC_REWORD,similarity 0.16,C1 cosmetic (review),log,minor on 0.x (breaking by convention),,
sentry,0.32.0,0.37.0,2026-07-02,get_sentry_resource,SCHEMA_CONSTRAINT,types/enums/defaults/limits changed,C2b contract change,hold,minor on 0.x (breaking by convention),,
sentry,0.32.0,0.37.0,2026-07-02,update_issue,DESC_SCOPE_CANDIDATE,new action words: deploy; similarity 0.22,C1 cosmetic (manual),log,minor on 0.x (breaking by convention),,Rewritten with examples; capability unchanged.
sentry,0.32.0,0.37.0,2026-07-02,update_issue,SCHEMA_PARAM_ADDED,"ignoreCount,ignoreDurationMinutes,ignoreMode,ignoreUserCount,ignoreUserWindowMinutes,ignoreWindowMinutes,reason",C2 capability expansion,hold,minor on 0.x (breaking by convention),,
sentry,0.32.0,0.37.0,2026-07-02,update_issue,HINT_FLIP,idempotentHint: True->False (riskier),C3a risk-hint flip,hold,minor on 0.x (breaking by convention),,
sentry,0.37.0,0.42.0,2026-09-25,analyze_issue_with_seer,SCHEMA_PARAM_DOC,parameter descriptions only,C1 cosmetic,log,minor on 0.x (breaking by convention),,
sentry,0.37.0,0.42.0,2026-09-25,execute_sentry_tool,SCHEMA_CONSTRAINT,types/enums/defaults/limits changed,C2b contract change,hold,minor on 0.x (breaking by convention),,
sentry,0.37.0,0.42.0,2026-09-25,find_organizations,SCHEMA_PARAM_DOC,parameter descriptions only,C1 cosmetic,log,minor on 0.x (breaking by convention),,
sentry,0.37.0,0.42.0,2026-09-25,find_organizations,HINT_INTRODUCED,destructiveHint: True->False (safer),C3b risk hint introduced,hold,minor on 0.x (breaking by convention),,
sentry,0.37.0,0.42.0,2026-09-25,find_projects,DESC_REWORD,similarity 0.86,C1 cosmetic (review),log,minor on 0.x (breaking by convention),,
sentry,0.37.0,0.42.0,2026-09-25,find_projects,SCHEMA_PARAM_DOC,parameter descriptions only,C1 cosmetic,log,minor on 0.x (breaking by convention),,
sentry,0.37.0,0.42.0,2026-09-25,find_projects,HINT_INTRODUCED,destructiveHint: True->False (safer),C3b risk hint introduced,hold,minor on 0.x (breaking by convention),,
sentry,0.37.0,0.42.0,2026-09-25,get_sentry_resource,DESC_REWORD,similarity 0.83,C1 cosmetic (review),log,minor on 0.x (breaking by convention),,
sentry,0.37.0,0.42.0,2026-09-25,get_sentry_resource,SCHEMA_CONSTRAINT,types/enums/defaults/limits changed,C2b contract change,hold,minor on 0.x (breaking by convention),,
sentry,0.37.0,0.42.0,2026-09-25,get_sentry_resource,HINT_INTRODUCED,destructiveHint: True->False (safer),C3b risk hint introduced,hold,minor on 0.x (breaking by convention),,
sentry,0.37.0,0.42.0,2026-09-25,search_events,DESC_REWORD,similarity 0.85,C1 cosmetic (review),log,minor on 0.x (breaking by convention),,
sentry,0.37.0,0.42.0,2026-09-25,search_events,SCHEMA_CONSTRAINT,types/enums/defaults/limits changed,C2b contract change,hold,minor on 0.x (breaking by convention),,
sentry,0.37.0,0.42.0,2026-09-25,search_events,HINT_INTRODUCED,destructiveHint: True->False (safer),C3b risk hint introduced,hold,minor on 0.x (breaking by convention),,
sentry,0.37.0,0.42.0,2026-09-25,search_issues,SCHEMA_CONSTRAINT,types/enums/defaults/limits changed,C2b contract change,hold,minor on 0.x (breaking by convention),,
sentry,0.37.0,0.42.0,2026-09-25,search_issues,HINT_INTRODUCED,destructiveHint: True->False (safer),C3b risk hint introduced,hold,minor on 0.x (breaking by convention),,
sentry,0.37.0,0.42.0,2026-09-25,search_sentry_tools,SCHEMA_SERIALIZATION,$schema/additionalProperties only,C0 serialization noise,log,minor on 0.x (breaking by convention),,
sentry,0.37.0,0.42.0,2026-09-25,search_sentry_tools,HINT_INTRODUCED,destructiveHint: True->False (safer),C3b risk hint introduced,hold,minor on 0.x (breaking by convention),,
sentry,0.37.0,0.42.0,2026-09-25,update_issue,DESC_REWORD,similarity 0.90,C1 cosmetic (review),log,minor on 0.x (breaking by convention),,
sentry,0.37.0,0.42.0,2026-09-25,update_issue,SCHEMA_CONSTRAINT,types/enums/defaults/limits changed,C2b contract change,hold,minor on 0.x (breaking by convention),,
heroku,0.0.1,1.0.1,2025-04-16,deploy_one_off_dyno,TOOL_ADDED,,C4 new tool,hold,major,,
heroku,0.0.1,1.0.1,2025-04-16,deploy_to_heroku,DESC_SCOPE_CANDIDATE,new action words: create; similarity 0.90,C1 cosmetic (manual),log,major,,Text extended; same capability.
heroku,0.0.1,1.0.1,2025-04-16,deploy_to_heroku,SCHEMA_REQUIRED_CHANGED,+['appJson'] -[],C2b contract change,hold,major,,
heroku,1.0.1,1.0.3,2025-04-28,create_addon,DESC_REWORD,similarity 0.29,C1 cosmetic (review),log,patch,,
heroku,1.0.1,1.0.3,2025-04-28,create_addon,SCHEMA_PARAM_DOC,parameter descriptions only,C1 cosmetic,log,patch,,
heroku,1.0.1,1.0.3,2025-04-28,create_app,DESC_REWORD,similarity 0.29,C1 cosmetic (review),log,patch,,
heroku,1.0.1,1.0.3,2025-04-28,create_app,SCHEMA_PARAM_DOC,parameter descriptions only,C1 cosmetic,log,patch,,
heroku,1.0.1,1.0.3,2025-04-28,deploy_one_off_dyno,DESC_SCOPE_CANDIDATE,new action words: run; similarity 0.11,C1 cosmetic (manual),log,patch,,Compressed wording; same capability.
heroku,1.0.1,1.0.3,2025-04-28,deploy_one_off_dyno,SCHEMA_PARAM_DOC,parameter descriptions only,C1 cosmetic,log,patch,,
heroku,1.0.1,1.0.3,2025-04-28,deploy_to_heroku,DESC_REWORD,similarity 0.21,C1 cosmetic (review),log,patch,,
heroku,1.0.1,1.0.3,2025-04-28,deploy_to_heroku,SCHEMA_PARAM_DOC,parameter descriptions only,C1 cosmetic,log,patch,,
heroku,1.0.1,1.0.3,2025-04-28,get_addon_info,DESC_REWORD,similarity 0.30,C1 cosmetic (review),log,patch,,
heroku,1.0.1,1.0.3,2025-04-28,get_addon_info,SCHEMA_PARAM_DOC,parameter descriptions only,C1 cosmetic,log,patch,,
heroku,1.0.1,1.0.3,2025-04-28,get_app_info,DESC_REWORD,similarity 0.13,C1 cosmetic (review),log,patch,,
heroku,1.0.1,1.0.3,2025-04-28,get_app_info,SCHEMA_PARAM_DOC,parameter descriptions only,C1 cosmetic,log,patch,,
heroku,1.0.1,1.0.3,2025-04-28,get_app_logs,DESC_REWORD,similarity 0.28,C1 cosmetic (review),log,patch,,
heroku,1.0.1,1.0.3,2025-04-28,get_app_logs,SCHEMA_PARAM_DOC,parameter descriptions only,C1 cosmetic,log,patch,,
heroku,1.0.1,1.0.3,2025-04-28,list_addon_plans,DESC_REWORD,similarity 0.31,C1 cosmetic (review),log,patch,,
heroku,1.0.1,1.0.3,2025-04-28,list_addon_plans,SCHEMA_PARAM_DOC,parameter descriptions only,C1 cosmetic,log,patch,,
heroku,1.0.1,1.0.3,2025-04-28,list_addon_services,DESC_REWORD,similarity 0.35,C1 cosmetic (review),log,patch,,
heroku,1.0.1,1.0.3,2025-04-28,list_addon_services,SCHEMA_PARAM_DOC,parameter descriptions only,C1 cosmetic,log,patch,,
heroku,1.0.1,1.0.3,2025-04-28,list_addons,DESC_REWORD,similarity 0.36,C1 cosmetic (review),log,patch,,
heroku,1.0.1,1.0.3,2025-04-28,list_addons,SCHEMA_PARAM_REMOVED,json,C5 capability removed,log,patch,,
heroku,1.0.1,1.0.3,2025-04-28,list_apps,DESC_REWORD,similarity 0.21,C1 cosmetic (review),log,patch,,
heroku,1.0.1,1.0.3,2025-04-28,list_apps,SCHEMA_PARAM_REMOVED,json,C5 capability removed,log,patch,,
heroku,1.0.1,1.0.3,2025-04-28,list_private_spaces,DESC_REWORD,similarity 0.44,C1 cosmetic (review),log,patch,,
heroku,1.0.1,1.0.3,2025-04-28,list_private_spaces,SCHEMA_PARAM_DOC,parameter descriptions only,C1 cosmetic,log,patch,,
heroku,1.0.1,1.0.3,2025-04-28,list_teams,DESC_REWORD,similarity 0.51,C1 cosmetic (review),log,patch,,
heroku,1.0.1,1.0.3,2025-04-28,list_teams,SCHEMA_PARAM_DOC,parameter descriptions only,C1 cosmetic,log,patch,,
heroku,1.0.1,1.0.3,2025-04-28,maintenance_off,DESC_REWORD,similarity 0.30,C1 cosmetic (review),log,patch,,
heroku,1.0.1,1.0.3,2025-04-28,maintenance_off,SCHEMA_PARAM_DOC,parameter descriptions only,C1 cosmetic,log,patch,,
heroku,1.0.1,1.0.3,2025-04-28,maintenance_on,DESC_REWORD,similarity 0.28,C1 cosmetic (review),log,patch,,
heroku,1.0.1,1.0.3,2025-04-28,maintenance_on,SCHEMA_PARAM_DOC,parameter descriptions only,C1 cosmetic,log,patch,,
heroku,1.0.1,1.0.3,2025-04-28,pg_backups,DESC_REWORD,similarity 0.28,C1 cosmetic (review),log,patch,,
heroku,1.0.1,1.0.3,2025-04-28,pg_backups,SCHEMA_PARAM_DOC,parameter descriptions only,C1 cosmetic,log,patch,,
heroku,1.0.1,1.0.3,2025-04-28,pg_credentials,DESC_REWORD,similarity 0.33,C1 cosmetic (review),log,patch,,
heroku,1.0.1,1.0.3,2025-04-28,pg_credentials,SCHEMA_PARAM_DOC,parameter descriptions only,C1 cosmetic,log,patch,,
heroku,1.0.1,1.0.3,2025-04-28,pg_info,DESC_REWORD,similarity 0.23,C1 cosmetic (review),log,patch,,
heroku,1.0.1,1.0.3,2025-04-28,pg_info,SCHEMA_PARAM_DOC,parameter descriptions only,C1 cosmetic,log,patch,,
heroku,1.0.1,1.0.3,2025-04-28,pg_kill,DESC_REWORD,similarity 0.36,C1 cosmetic (review),log,patch,,
heroku,1.0.1,1.0.3,2025-04-28,pg_kill,SCHEMA_PARAM_DOC,parameter descriptions only,C1 cosmetic,log,patch,,
heroku,1.0.1,1.0.3,2025-04-28,pg_locks,DESC_REWORD,similarity 0.29,C1 cosmetic (review),log,patch,,
heroku,1.0.1,1.0.3,2025-04-28,pg_locks,SCHEMA_PARAM_DOC,parameter descriptions only,C1 cosmetic,log,patch,,
heroku,1.0.1,1.0.3,2025-04-28,pg_maintenance,DESC_REWORD,similarity 0.20,C1 cosmetic (review),log,patch,,
heroku,1.0.1,1.0.3,2025-04-28,pg_maintenance,SCHEMA_PARAM_DOC,parameter descriptions only,C1 cosmetic,log,patch,,
heroku,1.0.1,1.0.3,2025-04-28,pg_outliers,DESC_REWORD,similarity 0.32,C1 cosmetic (review),log,patch,,
heroku,1.0.1,1.0.3,2025-04-28,pg_outliers,SCHEMA_PARAM_DOC,parameter descriptions only,C1 cosmetic,log,patch,,
heroku,1.0.1,1.0.3,2025-04-28,pg_ps,DESC_REWORD,similarity 0.28,C1 cosmetic (review),log,patch,,
heroku,1.0.1,1.0.3,2025-04-28,pg_ps,SCHEMA_PARAM_DOC,parameter descriptions only,C1 cosmetic,log,patch,,
heroku,1.0.1,1.0.3,2025-04-28,pg_psql,DESC_SCOPE_CANDIDATE,new action words: modify; similarity 0.22,C1 cosmetic (manual),log,patch,,Compressed wording; same capability.
heroku,1.0.1,1.0.3,2025-04-28,pg_psql,SCHEMA_PARAM_DOC,parameter descriptions only,C1 cosmetic,log,patch,,
heroku,1.0.1,1.0.3,2025-04-28,pg_upgrade,DESC_REWORD,similarity 0.33,C1 cosmetic (review),log,patch,,
heroku,1.0.1,1.0.3,2025-04-28,pg_upgrade,SCHEMA_PARAM_DOC,parameter descriptions only,C1 cosmetic,log,patch,,
heroku,1.0.1,1.0.3,2025-04-28,pipelines_create,DESC_REWORD,similarity 0.27,C1 cosmetic (review),log,patch,,
heroku,1.0.1,1.0.3,2025-04-28,pipelines_create,SCHEMA_PARAM_DOC,parameter descriptions only,C1 cosmetic,log,patch,,
heroku,1.0.1,1.0.3,2025-04-28,pipelines_info,DESC_REWORD,similarity 0.40,C1 cosmetic (review),log,patch,,
heroku,1.0.1,1.0.3,2025-04-28,pipelines_info,SCHEMA_PARAM_DOC,parameter descriptions only,C1 cosmetic,log,patch,,
heroku,1.0.1,1.0.3,2025-04-28,pipelines_list,DESC_REWORD,similarity 0.34,C1 cosmetic (review),log,patch,,
heroku,1.0.1,1.0.3,2025-04-28,pipelines_list,SCHEMA_PARAM_DOC,parameter descriptions only,C1 cosmetic,log,patch,,
heroku,1.0.1,1.0.3,2025-04-28,pipelines_promote,DESC_REWORD,similarity 0.20,C1 cosmetic (review),log,patch,,
heroku,1.0.1,1.0.3,2025-04-28,pipelines_promote,SCHEMA_PARAM_DOC,parameter descriptions only,C1 cosmetic,log,patch,,
heroku,1.0.1,1.0.3,2025-04-28,ps_list,DESC_REWORD,similarity 0.58,C1 cosmetic (review),log,patch,,
heroku,1.0.1,1.0.3,2025-04-28,ps_list,SCHEMA_PARAM_DOC,parameter descriptions only,C1 cosmetic,log,patch,,
heroku,1.0.1,1.0.3,2025-04-28,ps_restart,DESC_REWORD,similarity 0.54,C1 cosmetic (review),log,patch,,
heroku,1.0.1,1.0.3,2025-04-28,ps_restart,SCHEMA_PARAM_DOC,parameter descriptions only,C1 cosmetic,log,patch,,
heroku,1.0.1,1.0.3,2025-04-28,ps_scale,DESC_REWORD,similarity 0.49,C1 cosmetic (review),log,patch,,
heroku,1.0.1,1.0.3,2025-04-28,ps_scale,SCHEMA_PARAM_DOC,parameter descriptions only,C1 cosmetic,log,patch,,
heroku,1.0.1,1.0.3,2025-04-28,rename_app,DESC_SCOPE_CANDIDATE,new action words: update; similarity 0.20,C1 cosmetic (manual),log,patch,,Compressed wording.
heroku,1.0.1,1.0.3,2025-04-28,rename_app,SCHEMA_PARAM_DOC,parameter descriptions only,C1 cosmetic,log,patch,,
heroku,1.0.1,1.0.3,2025-04-28,transfer_app,DESC_REWORD,similarity 0.17,C1 cosmetic (review),log,patch,,
heroku,1.0.1,1.0.3,2025-04-28,transfer_app,SCHEMA_PARAM_DOC,parameter descriptions only,C1 cosmetic,log,patch,,
heroku,1.0.3,1.0.6,2025-05-22,list_ai_available_models,TOOL_ADDED,,C4 new tool,hold,patch,,
heroku,1.0.3,1.0.6,2025-05-22,make_ai_inference,TOOL_ADDED,,C4 new tool,hold,patch,,
heroku,1.0.3,1.0.6,2025-05-22,provision_ai_model,TOOL_ADDED,,C4 new tool,hold,patch,,
heroku,1.0.6,1.1.0,2025-12-08,transfer_app,TOOL_REMOVED,,C5 tool removed,log,minor,,
heroku,1.0.6,1.1.0,2025-12-08,list_ai_available_models,SCHEMA_SERIALIZATION,$schema/additionalProperties only,C0 serialization noise,log,minor,,
heroku,1.1.0,1.2.1,2026-03-17,list_ai_available_models,TOOL_REMOVED,,C5 tool removed,log,minor,,
heroku,1.1.0,1.2.1,2026-03-17,make_ai_inference,TOOL_REMOVED,,C5 tool removed,log,minor,,
heroku,1.1.0,1.2.1,2026-03-17,provision_ai_model,TOOL_REMOVED,,C5 tool removed,log,minor,,
heroku,1.2.1,1.2.3,2026-06-08,deploy_one_off_dyno,SCHEMA_CONSTRAINT,types/enums/defaults/limits changed,C2b contract change,hold,patch,,
playwright,0.0.9,0.0.19,2025-05-03,browser_console_messages,TOOL_ADDED,,C4 new tool,hold,patch,,
playwright,0.0.9,0.0.19,2025-05-03,browser_drag,TOOL_ADDED,,C4 new tool,hold,patch,,
playwright,0.0.9,0.0.19,2025-05-03,browser_file_upload,TOOL_ADDED,,C4 new tool,hold,patch,,
playwright,0.0.9,0.0.19,2025-05-03,browser_generate_playwright_test,TOOL_ADDED,,C4 new tool,hold,patch,,
playwright,0.0.9,0.0.19,2025-05-03,browser_handle_dialog,TOOL_ADDED,,C4 new tool,hold,patch,,
playwright,0.0.9,0.0.19,2025-05-03,browser_navigate_back,TOOL_ADDED,,C4 new tool,hold,patch,,
playwright,0.0.9,0.0.19,2025-05-03,browser_navigate_forward,TOOL_ADDED,,C4 new tool,hold,patch,,
playwright,0.0.9,0.0.19,2025-05-03,browser_network_requests,TOOL_ADDED,,C4 new tool,hold,patch,,
playwright,0.0.9,0.0.19,2025-05-03,browser_pdf_save,TOOL_ADDED,,C4 new tool,hold,patch,,
playwright,0.0.9,0.0.19,2025-05-03,browser_resize,TOOL_ADDED,,C4 new tool,hold,patch,,
playwright,0.0.9,0.0.19,2025-05-03,browser_tab_close,TOOL_ADDED,,C4 new tool,hold,patch,,
playwright,0.0.9,0.0.19,2025-05-03,browser_tab_list,TOOL_ADDED,,C4 new tool,hold,patch,,
playwright,0.0.9,0.0.19,2025-05-03,browser_tab_new,TOOL_ADDED,,C4 new tool,hold,patch,,
playwright,0.0.9,0.0.19,2025-05-03,browser_tab_select,TOOL_ADDED,,C4 new tool,hold,patch,,
playwright,0.0.9,0.0.19,2025-05-03,browser_choose_file,TOOL_REMOVED,,C5 tool removed,log,patch,,
playwright,0.0.9,0.0.19,2025-05-03,browser_go_back,TOOL_REMOVED,,C5 tool removed,log,patch,,
playwright,0.0.9,0.0.19,2025-05-03,browser_go_forward,TOOL_REMOVED,,C5 tool removed,log,patch,,
playwright,0.0.9,0.0.19,2025-05-03,browser_save_as_pdf,TOOL_REMOVED,,C5 tool removed,log,patch,,
playwright,0.0.9,0.0.19,2025-05-03,browser_take_screenshot,SCHEMA_PARAM_ADDED,"element,ref",C2 capability expansion,hold,patch,,
playwright,0.0.9,0.0.19,2025-05-03,browser_type,SCHEMA_PARAM_ADDED,slowly,C2 capability expansion,hold,patch,,
playwright,0.0.19,0.0.28,2025-06-01,browser_wait_for,TOOL_ADDED,,C4 new tool,hold,patch,,
playwright,0.0.19,0.0.28,2025-06-01,browser_wait,TOOL_REMOVED,,C5 tool removed,log,patch,,
playwright,0.0.19,0.0.28,2025-06-01,browser_click,HINT_DECLARED_SAME_VALUE,readOnlyHint: declared at default value False,C1 cosmetic,log,patch,,
playwright,0.0.19,0.0.28,2025-06-01,browser_click,HINT_DECLARED_SAME_VALUE,destructiveHint: declared at default value True,C1 cosmetic,log,patch,,
playwright,0.0.19,0.0.28,2025-06-01,browser_click,HINT_DECLARED_SAME_VALUE,openWorldHint: declared at default value True,C1 cosmetic,log,patch,,
playwright,0.0.19,0.0.28,2025-06-01,browser_close,HINT_INTRODUCED,readOnlyHint: False->True (safer),C3b risk hint introduced,hold,patch,,
playwright,0.0.19,0.0.28,2025-06-01,browser_close,HINT_INTRODUCED,destructiveHint: True->False (safer),C3b risk hint introduced,hold,patch,,
playwright,0.0.19,0.0.28,2025-06-01,browser_close,HINT_DECLARED_SAME_VALUE,openWorldHint: declared at default value True,C1 cosmetic,log,patch,,
playwright,0.0.19,0.0.28,2025-06-01,browser_console_messages,HINT_INTRODUCED,readOnlyHint: False->True (safer),C3b risk hint introduced,hold,patch,,
playwright,0.0.19,0.0.28,2025-06-01,browser_console_messages,HINT_INTRODUCED,destructiveHint: True->False (safer),C3b risk hint introduced,hold,patch,,
playwright,0.0.19,0.0.28,2025-06-01,browser_console_messages,HINT_DECLARED_SAME_VALUE,openWorldHint: declared at default value True,C1 cosmetic,log,patch,,
playwright,0.0.19,0.0.28,2025-06-01,browser_drag,HINT_DECLARED_SAME_VALUE,readOnlyHint: declared at default value False,C1 cosmetic,log,patch,,
playwright,0.0.19,0.0.28,2025-06-01,browser_drag,HINT_DECLARED_SAME_VALUE,destructiveHint: declared at default value True,C1 cosmetic,log,patch,,
playwright,0.0.19,0.0.28,2025-06-01,browser_drag,HINT_DECLARED_SAME_VALUE,openWorldHint: declared at default value True,C1 cosmetic,log,patch,,
playwright,0.0.19,0.0.28,2025-06-01,browser_file_upload,HINT_DECLARED_SAME_VALUE,readOnlyHint: declared at default value False,C1 cosmetic,log,patch,,
playwright,0.0.19,0.0.28,2025-06-01,browser_file_upload,HINT_DECLARED_SAME_VALUE,destructiveHint: declared at default value True,C1 cosmetic,log,patch,,
playwright,0.0.19,0.0.28,2025-06-01,browser_file_upload,HINT_DECLARED_SAME_VALUE,openWorldHint: declared at default value True,C1 cosmetic,log,patch,,
playwright,0.0.19,0.0.28,2025-06-01,browser_generate_playwright_test,HINT_INTRODUCED,readOnlyHint: False->True (safer),C3b risk hint introduced,hold,patch,,
playwright,0.0.19,0.0.28,2025-06-01,browser_generate_playwright_test,HINT_INTRODUCED,destructiveHint: True->False (safer),C3b risk hint introduced,hold,patch,,
playwright,0.0.19,0.0.28,2025-06-01,browser_generate_playwright_test,HINT_DECLARED_SAME_VALUE,openWorldHint: declared at default value True,C1 cosmetic,log,patch,,
playwright,0.0.19,0.0.28,2025-06-01,browser_handle_dialog,HINT_DECLARED_SAME_VALUE,readOnlyHint: declared at default value False,C1 cosmetic,log,patch,,
playwright,0.0.19,0.0.28,2025-06-01,browser_handle_dialog,HINT_DECLARED_SAME_VALUE,destructiveHint: declared at default value True,C1 cosmetic,log,patch,,
playwright,0.0.19,0.0.28,2025-06-01,browser_handle_dialog,HINT_DECLARED_SAME_VALUE,openWorldHint: declared at default value True,C1 cosmetic,log,patch,,
playwright,0.0.19,0.0.28,2025-06-01,browser_hover,HINT_INTRODUCED,readOnlyHint: False->True (safer),C3b risk hint introduced,hold,patch,,
playwright,0.0.19,0.0.28,2025-06-01,browser_hover,HINT_INTRODUCED,destructiveHint: True->False (safer),C3b risk hint introduced,hold,patch,,
playwright,0.0.19,0.0.28,2025-06-01,browser_hover,HINT_DECLARED_SAME_VALUE,openWorldHint: declared at default value True,C1 cosmetic,log,patch,,
playwright,0.0.19,0.0.28,2025-06-01,browser_install,HINT_DECLARED_SAME_VALUE,readOnlyHint: declared at default value False,C1 cosmetic,log,patch,,
playwright,0.0.19,0.0.28,2025-06-01,browser_install,HINT_DECLARED_SAME_VALUE,destructiveHint: declared at default value True,C1 cosmetic,log,patch,,
playwright,0.0.19,0.0.28,2025-06-01,browser_install,HINT_DECLARED_SAME_VALUE,openWorldHint: declared at default value True,C1 cosmetic,log,patch,,
playwright,0.0.19,0.0.28,2025-06-01,browser_navigate,HINT_DECLARED_SAME_VALUE,readOnlyHint: declared at default value False,C1 cosmetic,log,patch,,
playwright,0.0.19,0.0.28,2025-06-01,browser_navigate,HINT_DECLARED_SAME_VALUE,destructiveHint: declared at default value True,C1 cosmetic,log,patch,,
playwright,0.0.19,0.0.28,2025-06-01,browser_navigate,HINT_DECLARED_SAME_VALUE,openWorldHint: declared at default value True,C1 cosmetic,log,patch,,
playwright,0.0.19,0.0.28,2025-06-01,browser_navigate_back,HINT_INTRODUCED,readOnlyHint: False->True (safer),C3b risk hint introduced,hold,patch,,
playwright,0.0.19,0.0.28,2025-06-01,browser_navigate_back,HINT_INTRODUCED,destructiveHint: True->False (safer),C3b risk hint introduced,hold,patch,,
playwright,0.0.19,0.0.28,2025-06-01,browser_navigate_back,HINT_DECLARED_SAME_VALUE,openWorldHint: declared at default value True,C1 cosmetic,log,patch,,
playwright,0.0.19,0.0.28,2025-06-01,browser_navigate_forward,HINT_INTRODUCED,readOnlyHint: False->True (safer),C3b risk hint introduced,hold,patch,,
playwright,0.0.19,0.0.28,2025-06-01,browser_navigate_forward,HINT_INTRODUCED,destructiveHint: True->False (safer),C3b risk hint introduced,hold,patch,,
playwright,0.0.19,0.0.28,2025-06-01,browser_navigate_forward,HINT_DECLARED_SAME_VALUE,openWorldHint: declared at default value True,C1 cosmetic,log,patch,,
playwright,0.0.19,0.0.28,2025-06-01,browser_network_requests,HINT_INTRODUCED,readOnlyHint: False->True (safer),C3b risk hint introduced,hold,patch,,
playwright,0.0.19,0.0.28,2025-06-01,browser_network_requests,HINT_INTRODUCED,destructiveHint: True->False (safer),C3b risk hint introduced,hold,patch,,
playwright,0.0.19,0.0.28,2025-06-01,browser_network_requests,HINT_DECLARED_SAME_VALUE,openWorldHint: declared at default value True,C1 cosmetic,log,patch,,
playwright,0.0.19,0.0.28,2025-06-01,browser_pdf_save,SCHEMA_PARAM_ADDED,filename,C2 capability expansion,hold,patch,,
playwright,0.0.19,0.0.28,2025-06-01,browser_pdf_save,HINT_INTRODUCED,readOnlyHint: False->True (safer),C3b risk hint introduced,hold,patch,,
playwright,0.0.19,0.0.28,2025-06-01,browser_pdf_save,HINT_INTRODUCED,destructiveHint: True->False (safer),C3b risk hint introduced,hold,patch,,
playwright,0.0.19,0.0.28,2025-06-01,browser_pdf_save,HINT_DECLARED_SAME_VALUE,openWorldHint: declared at default value True,C1 cosmetic,log,patch,,
playwright,0.0.19,0.0.28,2025-06-01,browser_press_key,HINT_DECLARED_SAME_VALUE,readOnlyHint: declared at default value False,C1 cosmetic,log,patch,,
playwright,0.0.19,0.0.28,2025-06-01,browser_press_key,HINT_DECLARED_SAME_VALUE,destructiveHint: declared at default value True,C1 cosmetic,log,patch,,
playwright,0.0.19,0.0.28,2025-06-01,browser_press_key,HINT_DECLARED_SAME_VALUE,openWorldHint: declared at default value True,C1 cosmetic,log,patch,,
playwright,0.0.19,0.0.28,2025-06-01,browser_resize,HINT_INTRODUCED,readOnlyHint: False->True (safer),C3b risk hint introduced,hold,patch,,
playwright,0.0.19,0.0.28,2025-06-01,browser_resize,HINT_INTRODUCED,destructiveHint: True->False (safer),C3b risk hint introduced,hold,patch,,
playwright,0.0.19,0.0.28,2025-06-01,browser_resize,HINT_DECLARED_SAME_VALUE,openWorldHint: declared at default value True,C1 cosmetic,log,patch,,
playwright,0.0.19,0.0.28,2025-06-01,browser_select_option,HINT_DECLARED_SAME_VALUE,readOnlyHint: declared at default value False,C1 cosmetic,log,patch,,
playwright,0.0.19,0.0.28,2025-06-01,browser_select_option,HINT_DECLARED_SAME_VALUE,destructiveHint: declared at default value True,C1 cosmetic,log,patch,,
playwright,0.0.19,0.0.28,2025-06-01,browser_select_option,HINT_DECLARED_SAME_VALUE,openWorldHint: declared at default value True,C1 cosmetic,log,patch,,
playwright,0.0.19,0.0.28,2025-06-01,browser_snapshot,HINT_INTRODUCED,readOnlyHint: False->True (safer),C3b risk hint introduced,hold,patch,,
playwright,0.0.19,0.0.28,2025-06-01,browser_snapshot,HINT_INTRODUCED,destructiveHint: True->False (safer),C3b risk hint introduced,hold,patch,,
playwright,0.0.19,0.0.28,2025-06-01,browser_snapshot,HINT_DECLARED_SAME_VALUE,openWorldHint: declared at default value True,C1 cosmetic,log,patch,,
playwright,0.0.19,0.0.28,2025-06-01,browser_tab_close,HINT_DECLARED_SAME_VALUE,readOnlyHint: declared at default value False,C1 cosmetic,log,patch,,
playwright,0.0.19,0.0.28,2025-06-01,browser_tab_close,HINT_DECLARED_SAME_VALUE,destructiveHint: declared at default value True,C1 cosmetic,log,patch,,
playwright,0.0.19,0.0.28,2025-06-01,browser_tab_close,HINT_DECLARED_SAME_VALUE,openWorldHint: declared at default value True,C1 cosmetic,log,patch,,
playwright,0.0.19,0.0.28,2025-06-01,browser_tab_list,HINT_INTRODUCED,readOnlyHint: False->True (safer),C3b risk hint introduced,hold,patch,,
playwright,0.0.19,0.0.28,2025-06-01,browser_tab_list,HINT_INTRODUCED,destructiveHint: True->False (safer),C3b risk hint introduced,hold,patch,,
playwright,0.0.19,0.0.28,2025-06-01,browser_tab_list,HINT_DECLARED_SAME_VALUE,openWorldHint: declared at default value True,C1 cosmetic,log,patch,,
playwright,0.0.19,0.0.28,2025-06-01,browser_tab_new,HINT_INTRODUCED,readOnlyHint: False->True (safer),C3b risk hint introduced,hold,patch,,
playwright,0.0.19,0.0.28,2025-06-01,browser_tab_new,HINT_INTRODUCED,destructiveHint: True->False (safer),C3b risk hint introduced,hold,patch,,
playwright,0.0.19,0.0.28,2025-06-01,browser_tab_new,HINT_DECLARED_SAME_VALUE,openWorldHint: declared at default value True,C1 cosmetic,log,patch,,
playwright,0.0.19,0.0.28,2025-06-01,browser_tab_select,HINT_INTRODUCED,readOnlyHint: False->True (safer),C3b risk hint introduced,hold,patch,,
playwright,0.0.19,0.0.28,2025-06-01,browser_tab_select,HINT_INTRODUCED,destructiveHint: True->False (safer),C3b risk hint introduced,hold,patch,,
playwright,0.0.19,0.0.28,2025-06-01,browser_tab_select,HINT_DECLARED_SAME_VALUE,openWorldHint: declared at default value True,C1 cosmetic,log,patch,,
playwright,0.0.19,0.0.28,2025-06-01,browser_take_screenshot,SCHEMA_PARAM_ADDED,filename,C2 capability expansion,hold,patch,,
playwright,0.0.19,0.0.28,2025-06-01,browser_take_screenshot,HINT_INTRODUCED,readOnlyHint: False->True (safer),C3b risk hint introduced,hold,patch,,
playwright,0.0.19,0.0.28,2025-06-01,browser_take_screenshot,HINT_INTRODUCED,destructiveHint: True->False (safer),C3b risk hint introduced,hold,patch,,
playwright,0.0.19,0.0.28,2025-06-01,browser_take_screenshot,HINT_DECLARED_SAME_VALUE,openWorldHint: declared at default value True,C1 cosmetic,log,patch,,
playwright,0.0.19,0.0.28,2025-06-01,browser_type,HINT_DECLARED_SAME_VALUE,readOnlyHint: declared at default value False,C1 cosmetic,log,patch,,
playwright,0.0.19,0.0.28,2025-06-01,browser_type,HINT_DECLARED_SAME_VALUE,destructiveHint: declared at default value True,C1 cosmetic,log,patch,,
playwright,0.0.19,0.0.28,2025-06-01,browser_type,HINT_DECLARED_SAME_VALUE,openWorldHint: declared at default value True,C1 cosmetic,log,patch,,
playwright,0.0.28,0.0.36,2025-08-31,browser_evaluate,TOOL_ADDED,,C4 new tool,hold,patch,,
playwright,0.0.28,0.0.36,2025-08-31,browser_fill_form,TOOL_ADDED,,C4 new tool,hold,patch,,
playwright,0.0.28,0.0.36,2025-08-31,browser_tabs,TOOL_ADDED,,C4 new tool,hold,patch,,
playwright,0.0.28,0.0.36,2025-08-31,browser_generate_playwright_test,TOOL_REMOVED,,C5 tool removed,log,patch,,
playwright,0.0.28,0.0.36,2025-08-31,browser_navigate_forward,TOOL_REMOVED,,C5 tool removed,log,patch,,
playwright,0.0.28,0.0.36,2025-08-31,browser_pdf_save,TOOL_REMOVED,,C5 tool removed,log,patch,,
playwright,0.0.28,0.0.36,2025-08-31,browser_tab_close,TOOL_REMOVED,,C5 tool removed,log,patch,,
playwright,0.0.28,0.0.36,2025-08-31,browser_tab_list,TOOL_REMOVED,,C5 tool removed,log,patch,,
playwright,0.0.28,0.0.36,2025-08-31,browser_tab_new,TOOL_REMOVED,,C5 tool removed,log,patch,,
playwright,0.0.28,0.0.36,2025-08-31,browser_tab_select,TOOL_REMOVED,,C5 tool removed,log,patch,,
playwright,0.0.28,0.0.36,2025-08-31,browser_click,SCHEMA_PARAM_ADDED,"button,doubleClick",C2 capability expansion,hold,patch,,
playwright,0.0.28,0.0.36,2025-08-31,browser_take_screenshot,SCHEMA_PARAM_ADDED,"fullPage,type",C2 capability expansion,hold,patch,,
playwright,0.0.28,0.0.36,2025-08-31,browser_take_screenshot,SCHEMA_PARAM_REMOVED,raw,C5 capability removed,log,patch,,
playwright,0.0.36,0.0.43,2025-10-16,browser_click,SCHEMA_PARAM_ADDED,modifiers,C2 capability expansion,hold,patch,,
playwright,0.0.36,0.0.43,2025-10-16,browser_close,HINT_FLIP,readOnlyHint: True->False (riskier),C3a risk-hint flip,hold,patch,,
playwright,0.0.36,0.0.43,2025-10-16,browser_close,HINT_FLIP,destructiveHint: False->True (riskier),C3a risk-hint flip,hold,patch,,
playwright,0.0.36,0.0.43,2025-10-16,browser_console_messages,SCHEMA_PARAM_ADDED,onlyErrors,C2 capability expansion,hold,patch,,
playwright,0.0.36,0.0.43,2025-10-16,browser_file_upload,SCHEMA_REQUIRED_CHANGED,+[] -['paths'],C2b contract change,hold,patch,,
playwright,0.0.36,0.0.43,2025-10-16,browser_hover,HINT_FLIP,readOnlyHint: True->False (riskier),C3a risk-hint flip,hold,patch,,
playwright,0.0.36,0.0.43,2025-10-16,browser_hover,HINT_FLIP,destructiveHint: False->True (riskier),C3a risk-hint flip,hold,patch,,
playwright,0.0.36,0.0.43,2025-10-16,browser_navigate_back,HINT_FLIP,readOnlyHint: True->False (riskier),C3a risk-hint flip,hold,patch,,
playwright,0.0.36,0.0.43,2025-10-16,browser_navigate_back,HINT_FLIP,destructiveHint: False->True (riskier),C3a risk-hint flip,hold,patch,,
playwright,0.0.36,0.0.43,2025-10-16,browser_resize,HINT_FLIP,readOnlyHint: True->False (riskier),C3a risk-hint flip,hold,patch,,
playwright,0.0.36,0.0.43,2025-10-16,browser_resize,HINT_FLIP,destructiveHint: False->True (riskier),C3a risk-hint flip,hold,patch,,
playwright,0.0.36,0.0.43,2025-10-16,browser_take_screenshot,SCHEMA_PARAM_DOC,parameter descriptions only,C1 cosmetic,log,patch,,
playwright,0.0.43,0.0.51,2025-12-08,browser_run_code,TOOL_ADDED,,C4 new tool,hold,patch,,
playwright,0.0.43,0.0.51,2025-12-08,browser_console_messages,SCHEMA_PARAM_ADDED,level,C2 capability expansion,hold,patch,,
playwright,0.0.43,0.0.51,2025-12-08,browser_console_messages,SCHEMA_PARAM_REMOVED,onlyErrors,C5 capability removed,log,patch,,
playwright,0.0.43,0.0.51,2025-12-08,browser_network_requests,SCHEMA_PARAM_ADDED,includeStatic,C2 capability expansion,hold,patch,,
playwright,0.0.51,0.0.58,2026-01-24,browser_click,SCHEMA_REQUIRED_CHANGED,+[] -['element'],C2b contract change,hold,patch,,
playwright,0.0.51,0.0.58,2026-01-24,browser_close,SCHEMA_SERIALIZATION,$schema/additionalProperties only,C0 serialization noise,log,patch,,
playwright,0.0.51,0.0.58,2026-01-24,browser_console_messages,SCHEMA_PARAM_ADDED,filename,C2 capability expansion,hold,patch,,
playwright,0.0.51,0.0.58,2026-01-24,browser_drag,SCHEMA_SERIALIZATION,$schema/additionalProperties only,C0 serialization noise,log,patch,,
playwright,0.0.51,0.0.58,2026-01-24,browser_evaluate,SCHEMA_SERIALIZATION,$schema/additionalProperties only,C0 serialization noise,log,patch,,
playwright,0.0.51,0.0.58,2026-01-24,browser_file_upload,SCHEMA_SERIALIZATION,$schema/additionalProperties only,C0 serialization noise,log,patch,,
playwright,0.0.51,0.0.58,2026-01-24,browser_fill_form,SCHEMA_SERIALIZATION,$schema/additionalProperties only,C0 serialization noise,log,patch,,
playwright,0.0.51,0.0.58,2026-01-24,browser_handle_dialog,SCHEMA_SERIALIZATION,$schema/additionalProperties only,C0 serialization noise,log,patch,,
playwright,0.0.51,0.0.58,2026-01-24,browser_hover,SCHEMA_REQUIRED_CHANGED,+[] -['element'],C2b contract change,hold,patch,,
playwright,0.0.51,0.0.58,2026-01-24,browser_install,SCHEMA_SERIALIZATION,$schema/additionalProperties only,C0 serialization noise,log,patch,,
playwright,0.0.51,0.0.58,2026-01-24,browser_navigate,SCHEMA_SERIALIZATION,$schema/additionalProperties only,C0 serialization noise,log,patch,,
playwright,0.0.51,0.0.58,2026-01-24,browser_navigate_back,DESC_REWORD,similarity 0.79,C1 cosmetic (review),log,patch,,
playwright,0.0.51,0.0.58,2026-01-24,browser_navigate_back,SCHEMA_SERIALIZATION,$schema/additionalProperties only,C0 serialization noise,log,patch,,
playwright,0.0.51,0.0.58,2026-01-24,browser_network_requests,SCHEMA_PARAM_ADDED,filename,C2 capability expansion,hold,patch,,
playwright,0.0.51,0.0.58,2026-01-24,browser_press_key,SCHEMA_SERIALIZATION,$schema/additionalProperties only,C0 serialization noise,log,patch,,
playwright,0.0.51,0.0.58,2026-01-24,browser_resize,SCHEMA_SERIALIZATION,$schema/additionalProperties only,C0 serialization noise,log,patch,,
playwright,0.0.51,0.0.58,2026-01-24,browser_run_code,SCHEMA_PARAM_DOC,parameter descriptions only,C1 cosmetic,log,patch,,
playwright,0.0.51,0.0.58,2026-01-24,browser_select_option,SCHEMA_REQUIRED_CHANGED,+[] -['element'],C2b contract change,hold,patch,,
playwright,0.0.51,0.0.58,2026-01-24,browser_snapshot,SCHEMA_PARAM_ADDED,filename,C2 capability expansion,hold,patch,,
playwright,0.0.51,0.0.58,2026-01-24,browser_tabs,SCHEMA_SERIALIZATION,$schema/additionalProperties only,C0 serialization noise,log,patch,,
playwright,0.0.51,0.0.58,2026-01-24,browser_take_screenshot,SCHEMA_REQUIRED_CHANGED,+['type'] -[],C2b contract change,hold,patch,,
playwright,0.0.51,0.0.58,2026-01-24,browser_type,SCHEMA_REQUIRED_CHANGED,+[] -['element'],C2b contract change,hold,patch,,
playwright,0.0.51,0.0.58,2026-01-24,browser_wait_for,SCHEMA_SERIALIZATION,$schema/additionalProperties only,C0 serialization noise,log,patch,,
playwright,0.0.68,0.0.75,2026-05-07,browser_drop,TOOL_ADDED,,C4 new tool,hold,patch,,
playwright,0.0.68,0.0.75,2026-05-07,browser_network_request,TOOL_ADDED,,C4 new tool,hold,patch,,
playwright,0.0.68,0.0.75,2026-05-07,browser_run_code_unsafe,TOOL_ADDED,,C4 new tool,hold,patch,,
playwright,0.0.68,0.0.75,2026-05-07,browser_install,TOOL_REMOVED,,C5 tool removed,log,patch,,
playwright,0.0.68,0.0.75,2026-05-07,browser_run_code,TOOL_REMOVED,,C5 tool removed,log,patch,,
playwright,0.0.68,0.0.75,2026-05-07,browser_click,SCHEMA_PARAM_ADDED,target,C2 capability expansion,hold,patch,,
playwright,0.0.68,0.0.75,2026-05-07,browser_click,SCHEMA_PARAM_REMOVED,ref,C5 capability removed,log,patch,,
playwright,0.0.68,0.0.75,2026-05-07,browser_console_messages,SCHEMA_PARAM_ADDED,all,C2 capability expansion,hold,patch,,
playwright,0.0.68,0.0.75,2026-05-07,browser_drag,SCHEMA_PARAM_ADDED,"endTarget,startTarget",C2 capability expansion,hold,patch,,
playwright,0.0.68,0.0.75,2026-05-07,browser_drag,SCHEMA_PARAM_REMOVED,"endRef,startRef",C5 capability removed,log,patch,,
playwright,0.0.68,0.0.75,2026-05-07,browser_evaluate,SCHEMA_PARAM_ADDED,"filename,target",C2 capability expansion,hold,patch,,
playwright,0.0.68,0.0.75,2026-05-07,browser_evaluate,SCHEMA_PARAM_REMOVED,ref,C5 capability removed,log,patch,,
playwright,0.0.68,0.0.75,2026-05-07,browser_fill_form,SCHEMA_CONSTRAINT,types/enums/defaults/limits changed,C2b contract change,hold,patch,,
playwright,0.0.68,0.0.75,2026-05-07,browser_hover,SCHEMA_PARAM_ADDED,target,C2 capability expansion,hold,patch,,
playwright,0.0.68,0.0.75,2026-05-07,browser_hover,SCHEMA_PARAM_REMOVED,ref,C5 capability removed,log,patch,,
playwright,0.0.68,0.0.75,2026-05-07,browser_network_requests,DESC_REWORD,similarity 0.55,C1 cosmetic (review),log,patch,,
playwright,0.0.68,0.0.75,2026-05-07,browser_network_requests,SCHEMA_PARAM_ADDED,"filter,static",C2 capability expansion,hold,patch,,
playwright,0.0.68,0.0.75,2026-05-07,browser_network_requests,SCHEMA_PARAM_REMOVED,includeStatic,C5 capability removed,log,patch,,
playwright,0.0.68,0.0.75,2026-05-07,browser_select_option,SCHEMA_PARAM_ADDED,target,C2 capability expansion,hold,patch,,
playwright,0.0.68,0.0.75,2026-05-07,browser_select_option,SCHEMA_PARAM_REMOVED,ref,C5 capability removed,log,patch,,
playwright,0.0.68,0.0.75,2026-05-07,browser_snapshot,SCHEMA_PARAM_ADDED,"boxes,depth,target",C2 capability expansion,hold,patch,,
playwright,0.0.68,0.0.75,2026-05-07,browser_tabs,SCHEMA_PARAM_ADDED,url,C2 capability expansion,hold,patch,,
playwright,0.0.68,0.0.75,2026-05-07,browser_take_screenshot,SCHEMA_PARAM_ADDED,target,C2 capability expansion,hold,patch,,
playwright,0.0.68,0.0.75,2026-05-07,browser_take_screenshot,SCHEMA_PARAM_REMOVED,ref,C5 capability removed,log,patch,,
playwright,0.0.68,0.0.75,2026-05-07,browser_type,SCHEMA_PARAM_ADDED,target,C2 capability expansion,hold,patch,,
playwright,0.0.68,0.0.75,2026-05-07,browser_type,SCHEMA_PARAM_REMOVED,ref,C5 capability removed,log,patch,,
playwright,0.0.75,0.0.83,2026-09-28,browser_emulate_media,TOOL_ADDED,,C4 new tool,hold,patch,,
playwright,0.0.75,0.0.83,2026-09-28,browser_find,TOOL_ADDED,,C4 new tool,hold,patch,,
playwright,0.0.75,0.0.83,2026-09-28,browser_console_messages,SCHEMA_PARAM_DOC,parameter descriptions only,C1 cosmetic,log,patch,,
playwright,0.0.75,0.0.83,2026-09-28,browser_evaluate,SCHEMA_PARAM_DOC,parameter descriptions only,C1 cosmetic,log,patch,,
playwright,0.0.75,0.0.83,2026-09-28,browser_network_request,SCHEMA_PARAM_DOC,parameter descriptions only,C1 cosmetic,log,patch,,
playwright,0.0.75,0.0.83,2026-09-28,browser_network_requests,SCHEMA_PARAM_DOC,parameter descriptions only,C1 cosmetic,log,patch,,
playwright,0.0.75,0.0.83,2026-09-28,browser_run_code_unsafe,SCHEMA_PARAM_DOC,parameter descriptions only,C1 cosmetic,log,patch,,
playwright,0.0.75,0.0.83,2026-09-28,browser_snapshot,SCHEMA_PARAM_DOC,parameter descriptions only,C1 cosmetic,log,patch,,
playwright,0.0.75,0.0.83,2026-09-28,browser_take_screenshot,SCHEMA_PARAM_ADDED,scale,C2 capability expansion,hold,patch,,
playwright,0.0.75,0.0.83,2026-09-28,browser_wait_for,SCHEMA_PARAM_DOC,parameter descriptions only,C1 cosmetic,log,patch,,
firecrawl,1.8.0,3.0.1,2025-09-11,firecrawl_deep_research,TOOL_REMOVED,,C5 tool removed,log,major,,
firecrawl,1.8.0,3.0.1,2025-09-11,firecrawl_generate_llmstxt,TOOL_REMOVED,,C5 tool removed,log,major,,
firecrawl,1.8.0,3.0.1,2025-09-11,firecrawl_check_crawl_status,DESC_REWORD,similarity 0.59,C1 cosmetic (review),log,major,,
firecrawl,1.8.0,3.0.1,2025-09-11,firecrawl_check_crawl_status,SCHEMA_PARAM_DOC,parameter descriptions only,C1 cosmetic,log,major,,
firecrawl,1.8.0,3.0.1,2025-09-11,firecrawl_crawl,DESC_REWORD,similarity 0.34,C1 cosmetic (review),log,major,,
firecrawl,1.8.0,3.0.1,2025-09-11,firecrawl_crawl,SCHEMA_PARAM_ADDED,"allowSubdomains,crawlEntireDomain,delay,maxConcurrency,maxDiscoveryDepth,prompt,sitemap",C2 capability expansion,hold,major,,
firecrawl,1.8.0,3.0.1,2025-09-11,firecrawl_crawl,SCHEMA_PARAM_REMOVED,"allowBackwardLinks,ignoreSitemap,maxDepth",C5 capability removed,log,major,,
firecrawl,1.8.0,3.0.1,2025-09-11,firecrawl_extract,DESC_REWORD,similarity 0.54,C1 cosmetic (review),log,major,,
firecrawl,1.8.0,3.0.1,2025-09-11,firecrawl_extract,SCHEMA_PARAM_REMOVED,systemPrompt,C5 capability removed,log,major,,
firecrawl,1.8.0,3.0.1,2025-09-11,firecrawl_map,DESC_REWORD,similarity 0.22,C1 cosmetic (review),log,major,,
firecrawl,1.8.0,3.0.1,2025-09-11,firecrawl_map,SCHEMA_PARAM_ADDED,"ignoreQueryParameters,sitemap",C2 capability expansion,hold,major,,
firecrawl,1.8.0,3.0.1,2025-09-11,firecrawl_map,SCHEMA_PARAM_REMOVED,"ignoreSitemap,sitemapOnly",C5 capability removed,log,major,,
firecrawl,1.8.0,3.0.1,2025-09-11,firecrawl_scrape,DESC_REWORD,similarity 0.42,C1 cosmetic (review),log,major,,
firecrawl,1.8.0,3.0.1,2025-09-11,firecrawl_scrape,SCHEMA_PARAM_ADDED,"maxAge,storeInCache",C2 capability expansion,hold,major,,
firecrawl,1.8.0,3.0.1,2025-09-11,firecrawl_scrape,SCHEMA_PARAM_REMOVED,"extract,timeout",C5 capability removed,log,major,,
firecrawl,1.8.0,3.0.1,2025-09-11,firecrawl_search,DESC_REWORD,similarity 0.39,C1 cosmetic (review),log,major,,
firecrawl,1.8.0,3.0.1,2025-09-11,firecrawl_search,SCHEMA_PARAM_ADDED,sources,C2 capability expansion,hold,major,,
firecrawl,1.8.0,3.0.1,2025-09-11,firecrawl_search,SCHEMA_PARAM_REMOVED,"country,lang",C5 capability removed,log,major,,
firecrawl,3.0.1,3.2.0,2025-09-16,firecrawl_check_crawl_status,DESC_REWORD,similarity 0.22,C1 cosmetic (review),log,minor,,
firecrawl,3.0.1,3.2.0,2025-09-16,firecrawl_crawl,DESC_REWORD,similarity 0.10,C1 cosmetic (review),log,minor,,
firecrawl,3.0.1,3.2.0,2025-09-16,firecrawl_extract,DESC_REWORD,similarity 0.05,C1 cosmetic (review),log,minor,,
firecrawl,3.0.1,3.2.0,2025-09-16,firecrawl_map,DESC_REWORD,similarity 0.13,C1 cosmetic (review),log,minor,,
firecrawl,3.0.1,3.2.0,2025-09-16,firecrawl_scrape,DESC_REWORD,similarity 0.11,C1 cosmetic (review),log,minor,,
firecrawl,3.0.1,3.2.0,2025-09-16,firecrawl_search,DESC_REWORD,similarity 0.07,C1 cosmetic (review),log,minor,,
firecrawl,3.2.0,3.6.0,2025-11-06,firecrawl_crawl,DESC_FORMAT,whitespace/punctuation only,C0 serialization noise,log,minor,,
firecrawl,3.2.0,3.6.0,2025-11-06,firecrawl_crawl,SCHEMA_CONSTRAINT,types/enums/defaults/limits changed,C2b contract change,hold,minor,,
firecrawl,3.2.0,3.6.0,2025-11-06,firecrawl_scrape,DESC_FORMAT,whitespace/punctuation only,C0 serialization noise,log,minor,,
firecrawl,3.2.0,3.6.0,2025-11-06,firecrawl_scrape,SCHEMA_PARAM_ADDED,parsers,C2 capability expansion,hold,minor,,
firecrawl,3.2.0,3.6.0,2025-11-06,firecrawl_search,DESC_REWORD,similarity 0.72,C1 cosmetic (review),log,minor,,
firecrawl,3.2.0,3.6.0,2025-11-06,firecrawl_search,SCHEMA_CONSTRAINT,types/enums/defaults/limits changed,C2b contract change,hold,minor,,
firecrawl,3.6.0,3.10.3,2026-03-03,firecrawl_agent,TOOL_ADDED,,C4 new tool,hold,minor,,
firecrawl,3.6.0,3.10.3,2026-03-03,firecrawl_agent_status,TOOL_ADDED,,C4 new tool,hold,minor,,
firecrawl,3.6.0,3.10.3,2026-03-03,firecrawl_browser_create,TOOL_ADDED,,C4 new tool,hold,minor,,
firecrawl,3.6.0,3.10.3,2026-03-03,firecrawl_browser_delete,TOOL_ADDED,,C4 new tool,hold,minor,,
firecrawl,3.6.0,3.10.3,2026-03-03,firecrawl_browser_execute,TOOL_ADDED,,C4 new tool,hold,minor,,
firecrawl,3.6.0,3.10.3,2026-03-03,firecrawl_browser_list,TOOL_ADDED,,C4 new tool,hold,minor,,
firecrawl,3.6.0,3.10.3,2026-03-03,firecrawl_crawl,SCHEMA_PARAM_ADDED,webhookHeaders,C2 capability expansion,hold,minor,,
firecrawl,3.6.0,3.10.3,2026-03-03,firecrawl_map,DESC_REWORD,similarity 0.40,C1 cosmetic (review),log,minor,,
firecrawl,3.6.0,3.10.3,2026-03-03,firecrawl_scrape,DESC_REWORD,similarity 0.28,C1 cosmetic (review),log,minor,,
firecrawl,3.6.0,3.10.3,2026-03-03,firecrawl_scrape,SCHEMA_PARAM_ADDED,"jsonOptions,pdfOptions,proxy,screenshotOptions,zeroDataRetention",C2 capability expansion,hold,minor,,
firecrawl,3.6.0,3.10.3,2026-03-03,firecrawl_search,DESC_REWORD,similarity 0.99,C1 cosmetic (review),log,minor,,
firecrawl,3.6.0,3.10.3,2026-03-03,firecrawl_search,SCHEMA_PARAM_ADDED,enterprise,C2 capability expansion,hold,minor,,
firecrawl,3.10.3,3.20.2,2026-06-01,firecrawl_interact,TOOL_ADDED,,C4 new tool,hold,minor,,
firecrawl,3.10.3,3.20.2,2026-06-01,firecrawl_interact_stop,TOOL_ADDED,,C4 new tool,hold,minor,,
firecrawl,3.10.3,3.20.2,2026-06-01,firecrawl_monitor_check,TOOL_ADDED,,C4 new tool,hold,minor,,
firecrawl,3.10.3,3.20.2,2026-06-01,firecrawl_monitor_checks,TOOL_ADDED,,C4 new tool,hold,minor,,
firecrawl,3.10.3,3.20.2,2026-06-01,firecrawl_monitor_create,TOOL_ADDED,,C4 new tool,hold,minor,,
firecrawl,3.10.3,3.20.2,2026-06-01,firecrawl_monitor_delete,TOOL_ADDED,,C4 new tool,hold,minor,,
firecrawl,3.10.3,3.20.2,2026-06-01,firecrawl_monitor_get,TOOL_ADDED,,C4 new tool,hold,minor,,
firecrawl,3.10.3,3.20.2,2026-06-01,firecrawl_monitor_list,TOOL_ADDED,,C4 new tool,hold,minor,,
firecrawl,3.10.3,3.20.2,2026-06-01,firecrawl_monitor_run,TOOL_ADDED,,C4 new tool,hold,minor,,
firecrawl,3.10.3,3.20.2,2026-06-01,firecrawl_monitor_update,TOOL_ADDED,,C4 new tool,hold,minor,,
firecrawl,3.10.3,3.20.2,2026-06-01,firecrawl_parse,TOOL_ADDED,,C4 new tool,hold,minor,,
firecrawl,3.10.3,3.20.2,2026-06-01,firecrawl_search_feedback,TOOL_ADDED,,C4 new tool,hold,minor,,
firecrawl,3.10.3,3.20.2,2026-06-01,firecrawl_browser_create,TOOL_REMOVED,,C5 tool removed,log,minor,,
firecrawl,3.10.3,3.20.2,2026-06-01,firecrawl_browser_delete,TOOL_REMOVED,,C5 tool removed,log,minor,,
firecrawl,3.10.3,3.20.2,2026-06-01,firecrawl_browser_execute,TOOL_REMOVED,,C5 tool removed,log,minor,,
firecrawl,3.10.3,3.20.2,2026-06-01,firecrawl_browser_list,TOOL_REMOVED,,C5 tool removed,log,minor,,
firecrawl,3.10.3,3.20.2,2026-06-01,firecrawl_agent,DESC_REWORD,similarity 0.94,C1 cosmetic (review),log,minor,,
firecrawl,3.10.3,3.20.2,2026-06-01,firecrawl_agent,HINT_DECLARED_SAME_VALUE,readOnlyHint: declared at default value False,C1 cosmetic,log,minor,,
firecrawl,3.10.3,3.20.2,2026-06-01,firecrawl_agent,HINT_INTRODUCED,destructiveHint: True->False (safer),C3b risk hint introduced,hold,minor,,
firecrawl,3.10.3,3.20.2,2026-06-01,firecrawl_agent,HINT_DECLARED_SAME_VALUE,openWorldHint: declared at default value True,C1 cosmetic,log,minor,,
firecrawl,3.10.3,3.20.2,2026-06-01,firecrawl_agent_status,HINT_INTRODUCED,readOnlyHint: False->True (safer),C3b risk hint introduced,hold,minor,,
firecrawl,3.10.3,3.20.2,2026-06-01,firecrawl_agent_status,HINT_INTRODUCED,openWorldHint: True->False (safer),C3b risk hint introduced,hold,minor,,
firecrawl,3.10.3,3.20.2,2026-06-01,firecrawl_check_crawl_status,HINT_INTRODUCED,readOnlyHint: False->True (safer),C3b risk hint introduced,hold,minor,,
firecrawl,3.10.3,3.20.2,2026-06-01,firecrawl_check_crawl_status,HINT_INTRODUCED,openWorldHint: True->False (safer),C3b risk hint introduced,hold,minor,,
firecrawl,3.10.3,3.20.2,2026-06-01,firecrawl_crawl,SCHEMA_CONSTRAINT,types/enums/defaults/limits changed,C2b contract change,hold,minor,,
firecrawl,3.10.3,3.20.2,2026-06-01,firecrawl_crawl,HINT_DECLARED_SAME_VALUE,readOnlyHint: declared at default value False,C1 cosmetic,log,minor,,
firecrawl,3.10.3,3.20.2,2026-06-01,firecrawl_crawl,HINT_INTRODUCED,destructiveHint: True->False (safer),C3b risk hint introduced,hold,minor,,
firecrawl,3.10.3,3.20.2,2026-06-01,firecrawl_crawl,HINT_DECLARED_SAME_VALUE,openWorldHint: declared at default value True,C1 cosmetic,log,minor,,
firecrawl,3.10.3,3.20.2,2026-06-01,firecrawl_extract,HINT_INTRODUCED,readOnlyHint: False->True (safer),C3b risk hint introduced,hold,minor,,
firecrawl,3.10.3,3.20.2,2026-06-01,firecrawl_extract,HINT_DECLARED_SAME_VALUE,openWorldHint: declared at default value True,C1 cosmetic,log,minor,,
firecrawl,3.10.3,3.20.2,2026-06-01,firecrawl_map,HINT_INTRODUCED,readOnlyHint: False->True (safer),C3b risk hint introduced,hold,minor,,
firecrawl,3.10.3,3.20.2,2026-06-01,firecrawl_map,HINT_DECLARED_SAME_VALUE,openWorldHint: declared at default value True,C1 cosmetic,log,minor,,
firecrawl,3.10.3,3.20.2,2026-06-01,firecrawl_scrape,DESC_REWORD,similarity 0.88,C1 cosmetic (review),log,minor,,
firecrawl,3.10.3,3.20.2,2026-06-01,firecrawl_scrape,SCHEMA_PARAM_ADDED,"lockdown,profile,queryOptions,redactPII",C2 capability expansion,hold,minor,,
firecrawl,3.10.3,3.20.2,2026-06-01,firecrawl_scrape,HINT_DECLARED_SAME_VALUE,readOnlyHint: declared at default value False,C1 cosmetic,log,minor,,
firecrawl,3.10.3,3.20.2,2026-06-01,firecrawl_scrape,HINT_DECLARED_SAME_VALUE,openWorldHint: declared at default value True,C1 cosmetic,log,minor,,
firecrawl,3.10.3,3.20.2,2026-06-01,firecrawl_search,DESC_SCOPE_CANDIDATE,new action words: remove; similarity 0.89,C1 cosmetic (manual),log,minor,,Operator table added.
firecrawl,3.10.3,3.20.2,2026-06-01,firecrawl_search,SCHEMA_PARAM_ADDED,"excludeDomains,includeDomains",C2 capability expansion,hold,minor,,
firecrawl,3.10.3,3.20.2,2026-06-01,firecrawl_search,HINT_INTRODUCED,readOnlyHint: False->True (safer),C3b risk hint introduced,hold,minor,,
firecrawl,3.10.3,3.20.2,2026-06-01,firecrawl_search,HINT_DECLARED_SAME_VALUE,openWorldHint: declared at default value True,C1 cosmetic,log,minor,,
firecrawl,3.20.2,3.22.2,2026-06-30,firecrawl_feedback,TOOL_ADDED,,C4 new tool,hold,minor,,
firecrawl,3.20.2,3.22.2,2026-06-30,firecrawl_research_inspect_paper,TOOL_ADDED,,C4 new tool,hold,minor,,
firecrawl,3.20.2,3.22.2,2026-06-30,firecrawl_research_read_paper,TOOL_ADDED,,C4 new tool,hold,minor,,
firecrawl,3.20.2,3.22.2,2026-06-30,firecrawl_research_related_papers,TOOL_ADDED,,C4 new tool,hold,minor,,
firecrawl,3.20.2,3.22.2,2026-06-30,firecrawl_research_search_github,TOOL_ADDED,,C4 new tool,hold,minor,,
firecrawl,3.20.2,3.22.2,2026-06-30,firecrawl_research_search_papers,TOOL_ADDED,,C4 new tool,hold,minor,,
firecrawl,3.20.2,3.22.2,2026-06-30,firecrawl_agent_status,HINT_INTRODUCED,destructiveHint: True->False (safer),C3b risk hint introduced,hold,minor,,
firecrawl,3.20.2,3.22.2,2026-06-30,firecrawl_check_crawl_status,HINT_INTRODUCED,destructiveHint: True->False (safer),C3b risk hint introduced,hold,minor,,
firecrawl,3.20.2,3.22.2,2026-06-30,firecrawl_crawl,DESC_REWORD,similarity 0.83,C1 cosmetic (review),log,minor,,
firecrawl,3.20.2,3.22.2,2026-06-30,firecrawl_extract,HINT_INTRODUCED,destructiveHint: True->False (safer),C3b risk hint introduced,hold,minor,,
firecrawl,3.20.2,3.22.2,2026-06-30,firecrawl_interact,DESC_REWORD,similarity 0.49,C1 cosmetic (review),log,minor,,
firecrawl,3.20.2,3.22.2,2026-06-30,firecrawl_interact,SCHEMA_PARAM_ADDED,"scrapeOptions,url",C2 capability expansion,hold,minor,,
firecrawl,3.20.2,3.22.2,2026-06-30,firecrawl_map,HINT_INTRODUCED,destructiveHint: True->False (safer),C3b risk hint introduced,hold,minor,,
firecrawl,3.20.2,3.22.2,2026-06-30,firecrawl_monitor_check,HINT_INTRODUCED,destructiveHint: True->False (safer),C3b risk hint introduced,hold,minor,,
firecrawl,3.20.2,3.22.2,2026-06-30,firecrawl_monitor_checks,HINT_INTRODUCED,destructiveHint: True->False (safer),C3b risk hint introduced,hold,minor,,
firecrawl,3.20.2,3.22.2,2026-06-30,firecrawl_monitor_create,DESC_SCOPE_CANDIDATE,new action words: write; similarity 0.77,C2 capability expansion (manual),hold,minor,,Monitors can now watch search results (queries) as well as pages.
firecrawl,3.20.2,3.22.2,2026-06-30,firecrawl_monitor_create,SCHEMA_PARAM_ADDED,"excludeDomains,includeDomains,maxResults,queries,searchWindow",C2 capability expansion,hold,minor,,
firecrawl,3.20.2,3.22.2,2026-06-30,firecrawl_monitor_create,HINT_INTRODUCED,destructiveHint: True->False (safer),C3b risk hint introduced,hold,minor,,
firecrawl,3.20.2,3.22.2,2026-06-30,firecrawl_monitor_get,HINT_INTRODUCED,destructiveHint: True->False (safer),C3b risk hint introduced,hold,minor,,
firecrawl,3.20.2,3.22.2,2026-06-30,firecrawl_monitor_list,HINT_INTRODUCED,destructiveHint: True->False (safer),C3b risk hint introduced,hold,minor,,
firecrawl,3.20.2,3.22.2,2026-06-30,firecrawl_monitor_run,HINT_INTRODUCED,destructiveHint: True->False (safer),C3b risk hint introduced,hold,minor,,
firecrawl,3.20.2,3.22.2,2026-06-30,firecrawl_monitor_update,HINT_DECLARED_SAME_VALUE,destructiveHint: declared at default value True,C1 cosmetic,log,minor,,
firecrawl,3.20.2,3.22.2,2026-06-30,firecrawl_parse,DESC_SCOPE_CANDIDATE,"new action words: command,run; similarity 0.55",C2 capability expansion (manual),hold,minor,,Adds a hosted-mode two-call upload flow alongside local file reads.
firecrawl,3.20.2,3.22.2,2026-06-30,firecrawl_parse,HINT_INTRODUCED,destructiveHint: True->False (safer),C3b risk hint introduced,hold,minor,,
firecrawl,3.20.2,3.22.2,2026-06-30,firecrawl_scrape,HINT_INTRODUCED,destructiveHint: True->False (safer),C3b risk hint introduced,hold,minor,,
firecrawl,3.20.2,3.22.2,2026-06-30,firecrawl_search,HINT_INTRODUCED,destructiveHint: True->False (safer),C3b risk hint introduced,hold,minor,,
firecrawl,3.20.2,3.22.2,2026-06-30,firecrawl_search_feedback,HINT_INTRODUCED,destructiveHint: True->False (safer),C3b risk hint introduced,hold,minor,,
firecrawl,3.22.2,3.23.9,2026-08-11,firecrawl_developer_search,TOOL_ADDED,,C4 new tool,hold,minor,,
firecrawl,3.22.2,3.23.9,2026-08-11,firecrawl_agent,DESC_REWORD,similarity 0.03,C1 cosmetic (review),log,minor,,
firecrawl,3.22.2,3.23.9,2026-08-11,firecrawl_agent,SCHEMA_SERIALIZATION,$schema/additionalProperties only,C0 serialization noise,log,minor,,
firecrawl,3.22.2,3.23.9,2026-08-11,firecrawl_agent_status,DESC_REWORD,similarity 0.06,C1 cosmetic (review),log,minor,,
firecrawl,3.22.2,3.23.9,2026-08-11,firecrawl_agent_status,SCHEMA_SERIALIZATION,$schema/additionalProperties only,C0 serialization noise,log,minor,,
firecrawl,3.22.2,3.23.9,2026-08-11,firecrawl_check_crawl_status,DESC_SCOPE_CANDIDATE,new action words: modify; similarity 0.27,C1s safety guidance added (manual),log,minor,,States it only reads job state.
firecrawl,3.22.2,3.23.9,2026-08-11,firecrawl_check_crawl_status,SCHEMA_SERIALIZATION,$schema/additionalProperties only,C0 serialization noise,log,minor,,
firecrawl,3.22.2,3.23.9,2026-08-11,firecrawl_crawl,DESC_REWORD,similarity 0.03,C1 cosmetic (review),log,minor,,
firecrawl,3.22.2,3.23.9,2026-08-11,firecrawl_crawl,SCHEMA_CONSTRAINT,types/enums/defaults/limits changed,C2b contract change,hold,minor,,
firecrawl,3.22.2,3.23.9,2026-08-11,firecrawl_extract,DESC_REWORD,similarity 0.01,C1 cosmetic (review),log,minor,,
firecrawl,3.22.2,3.23.9,2026-08-11,firecrawl_extract,SCHEMA_SERIALIZATION,$schema/additionalProperties only,C0 serialization noise,log,minor,,
firecrawl,3.22.2,3.23.9,2026-08-11,firecrawl_feedback,DESC_REWORD,similarity 0.06,C1 cosmetic (review),log,minor,,
firecrawl,3.22.2,3.23.9,2026-08-11,firecrawl_feedback,SCHEMA_SERIALIZATION,$schema/additionalProperties only,C0 serialization noise,log,minor,,
firecrawl,3.22.2,3.23.9,2026-08-11,firecrawl_interact,DESC_SCOPE_CANDIDATE,"new action words: create,run; similarity 0.03",C1s safety guidance added (manual),log,minor,,"Now discloses that code runs as Bash, Python or Node and that actions can have persistent side effects. Code parameter already existed; destructiveHint still false."
firecrawl,3.22.2,3.23.9,2026-08-11,firecrawl_interact,SCHEMA_CONSTRAINT,types/enums/defaults/limits changed,C2b contract change,hold,minor,,
firecrawl,3.22.2,3.23.9,2026-08-11,firecrawl_interact_stop,DESC_REWORD,similarity 0.43,C1 cosmetic (review),log,minor,,
firecrawl,3.22.2,3.23.9,2026-08-11,firecrawl_interact_stop,SCHEMA_SERIALIZATION,$schema/additionalProperties only,C0 serialization noise,log,minor,,
firecrawl,3.22.2,3.23.9,2026-08-11,firecrawl_map,DESC_REWORD,similarity 0.03,C1 cosmetic (review),log,minor,,
firecrawl,3.22.2,3.23.9,2026-08-11,firecrawl_map,SCHEMA_SERIALIZATION,$schema/additionalProperties only,C0 serialization noise,log,minor,,
firecrawl,3.22.2,3.23.9,2026-08-11,firecrawl_monitor_check,DESC_REWORD,similarity 0.03,C1 cosmetic (review),log,minor,,
firecrawl,3.22.2,3.23.9,2026-08-11,firecrawl_monitor_check,SCHEMA_SERIALIZATION,$schema/additionalProperties only,C0 serialization noise,log,minor,,
firecrawl,3.22.2,3.23.9,2026-08-11,firecrawl_monitor_checks,DESC_REWORD,similarity 0.37,C1 cosmetic (review),log,minor,,
firecrawl,3.22.2,3.23.9,2026-08-11,firecrawl_monitor_checks,SCHEMA_SERIALIZATION,$schema/additionalProperties only,C0 serialization noise,log,minor,,
firecrawl,3.22.2,3.23.9,2026-08-11,firecrawl_monitor_create,DESC_SCOPE_CANDIDATE,new action words: send; similarity 0.01,C1s safety guidance added (manual),log,minor,,States it schedules network checks and can send email/webhook notifications.
firecrawl,3.22.2,3.23.9,2026-08-11,firecrawl_monitor_create,SCHEMA_SERIALIZATION,$schema/additionalProperties only,C0 serialization noise,log,minor,,
firecrawl,3.22.2,3.23.9,2026-08-11,firecrawl_monitor_delete,DESC_REWORD,similarity 0.58,C1 cosmetic (review),log,minor,,
firecrawl,3.22.2,3.23.9,2026-08-11,firecrawl_monitor_delete,SCHEMA_SERIALIZATION,$schema/additionalProperties only,C0 serialization noise,log,minor,,
firecrawl,3.22.2,3.23.9,2026-08-11,firecrawl_monitor_get,DESC_SCOPE_CANDIDATE,"new action words: modify,run; similarity 0.25",C1s safety guidance added (manual),log,minor,,States it does not run or modify the monitor.
firecrawl,3.22.2,3.23.9,2026-08-11,firecrawl_monitor_get,SCHEMA_SERIALIZATION,$schema/additionalProperties only,C0 serialization noise,log,minor,,
firecrawl,3.22.2,3.23.9,2026-08-11,firecrawl_monitor_list,DESC_REWORD,similarity 0.45,C1 cosmetic (review),log,minor,,
firecrawl,3.22.2,3.23.9,2026-08-11,firecrawl_monitor_list,SCHEMA_SERIALIZATION,$schema/additionalProperties only,C0 serialization noise,log,minor,,
firecrawl,3.22.2,3.23.9,2026-08-11,firecrawl_monitor_run,DESC_REWORD,similarity 0.38,C1 cosmetic (review),log,minor,,
firecrawl,3.22.2,3.23.9,2026-08-11,firecrawl_monitor_run,SCHEMA_SERIALIZATION,$schema/additionalProperties only,C0 serialization noise,log,minor,,
firecrawl,3.22.2,3.23.9,2026-08-11,firecrawl_monitor_update,DESC_REWORD,similarity 0.04,C1 cosmetic (review),log,minor,,
firecrawl,3.22.2,3.23.9,2026-08-11,firecrawl_monitor_update,SCHEMA_SERIALIZATION,$schema/additionalProperties only,C0 serialization noise,log,minor,,
firecrawl,3.22.2,3.23.9,2026-08-11,firecrawl_parse,DESC_SCOPE_CANDIDATE,new action words: send; similarity 0.06,C1 cosmetic (manual),log,minor,,Rewritten; lists supported formats.
firecrawl,3.22.2,3.23.9,2026-08-11,firecrawl_parse,SCHEMA_CONSTRAINT,types/enums/defaults/limits changed,C2b contract change,hold,minor,,
firecrawl,3.22.2,3.23.9,2026-08-11,firecrawl_research_inspect_paper,DESC_REWORD,similarity 0.64,C1 cosmetic (review),log,minor,,
firecrawl,3.22.2,3.23.9,2026-08-11,firecrawl_research_inspect_paper,SCHEMA_SERIALIZATION,$schema/additionalProperties only,C0 serialization noise,log,minor,,
firecrawl,3.22.2,3.23.9,2026-08-11,firecrawl_research_read_paper,DESC_REWORD,similarity 0.08,C1 cosmetic (review),log,minor,,
firecrawl,3.22.2,3.23.9,2026-08-11,firecrawl_research_read_paper,SCHEMA_SERIALIZATION,$schema/additionalProperties only,C0 serialization noise,log,minor,,
firecrawl,3.22.2,3.23.9,2026-08-11,firecrawl_research_related_papers,DESC_REWORD,similarity 0.02,C1 cosmetic (review),log,minor,,
firecrawl,3.22.2,3.23.9,2026-08-11,firecrawl_research_related_papers,SCHEMA_SERIALIZATION,$schema/additionalProperties only,C0 serialization noise,log,minor,,
firecrawl,3.22.2,3.23.9,2026-08-11,firecrawl_research_search_github,DESC_REWORD,similarity 0.57,C1 cosmetic (review),log,minor,,
firecrawl,3.22.2,3.23.9,2026-08-11,firecrawl_research_search_github,SCHEMA_SERIALIZATION,$schema/additionalProperties only,C0 serialization noise,log,minor,,
firecrawl,3.22.2,3.23.9,2026-08-11,firecrawl_research_search_papers,DESC_REWORD,similarity 0.03,C1 cosmetic (review),log,minor,,
firecrawl,3.22.2,3.23.9,2026-08-11,firecrawl_research_search_papers,SCHEMA_PARAM_DOC,parameter descriptions only,C1 cosmetic,log,minor,,
firecrawl,3.22.2,3.23.9,2026-08-11,firecrawl_scrape,DESC_REWORD,similarity 0.03,C1 cosmetic (review),log,minor,,
firecrawl,3.22.2,3.23.9,2026-08-11,firecrawl_scrape,SCHEMA_CONSTRAINT,types/enums/defaults/limits changed,C2b contract change,hold,minor,,
firecrawl,3.22.2,3.23.9,2026-08-11,firecrawl_search,DESC_REWORD,similarity 0.02,C1 cosmetic (review),log,minor,,
firecrawl,3.22.2,3.23.9,2026-08-11,firecrawl_search,SCHEMA_PARAM_ADDED,"categories,highlights",C2 capability expansion,hold,minor,,
firecrawl,3.22.2,3.23.9,2026-08-11,firecrawl_search_feedback,DESC_REWORD,similarity 0.01,C1 cosmetic (review),log,minor,,
firecrawl,3.22.2,3.23.9,2026-08-11,firecrawl_search_feedback,SCHEMA_SERIALIZATION,$schema/additionalProperties only,C0 serialization noise,log,minor,,
firecrawl,3.23.9,3.27.3,2026-10-02,firecrawl_credit_usage,TOOL_ADDED,,C4 new tool,hold,minor,,
firecrawl,3.23.9,3.27.3,2026-10-02,firecrawl_find_tools,TOOL_ADDED,,C4 new tool,hold,minor,,
firecrawl,3.23.9,3.27.3,2026-10-02,firecrawl_extract,TOOL_REMOVED,,C5 tool removed,log,minor,,
firecrawl,3.23.9,3.27.3,2026-10-02,firecrawl_research_search_github,TOOL_REMOVED,,C5 tool removed,log,minor,,
firecrawl,3.23.9,3.27.3,2026-10-02,firecrawl_agent,DESC_SCOPE_CANDIDATE,new action words: run; similarity 0.15,C1 cosmetic (manual),log,minor,,Rewritten usage guidance.
firecrawl,3.23.9,3.27.3,2026-10-02,firecrawl_agent,SCHEMA_PARAM_ADDED,"effort,exchange,maxCredits,mode,strictConstrainToURLs,threadId",C2 capability expansion,hold,minor,,
firecrawl,3.23.9,3.27.3,2026-10-02,firecrawl_agent_status,DESC_SCOPE_CANDIDATE,new action words: run; similarity 0.93,C1 cosmetic (manual),log,minor,,Timing guidance added.
firecrawl,3.23.9,3.27.3,2026-10-02,firecrawl_developer_search,DESC_REWORD,similarity 0.46,C1 cosmetic (review),log,minor,,
firecrawl,3.23.9,3.27.3,2026-10-02,firecrawl_feedback,DESC_SCOPE_CANDIDATE,new action words: refund; similarity 0.44,C2 capability expansion (manual),hold,minor,,Adds an 'alexandria' session mode with new fields.
firecrawl,3.23.9,3.27.3,2026-10-02,firecrawl_feedback,SCHEMA_PARAM_ADDED,"capabilityFeedback,objective,providerFeedback,rationale,requestedWebsite",C2 capability expansion,hold,minor,,
firecrawl,3.23.9,3.27.3,2026-10-02,firecrawl_map,DESC_REWORD,similarity 0.94,C1 cosmetic (review),log,minor,,
firecrawl,3.23.9,3.27.3,2026-10-02,firecrawl_parse,DESC_REWORD,similarity 0.94,C1 cosmetic (review),log,minor,,
firecrawl,3.23.9,3.27.3,2026-10-02,firecrawl_research_search_papers,DESC_REWORD,similarity 0.31,C1 cosmetic (review),log,minor,,
firecrawl,3.23.9,3.27.3,2026-10-02,firecrawl_scrape,DESC_REWORD,similarity 0.27,C1 cosmetic (review),log,minor,,
firecrawl,3.23.9,3.27.3,2026-10-02,firecrawl_scrape,SCHEMA_PARAM_ADDED,"alexandria,domainTools,requestId,timeout,toolDetail",C2 capability expansion,hold,minor,,
firecrawl,3.23.9,3.27.3,2026-10-02,firecrawl_search,DESC_REWORD,similarity 0.22,C1 cosmetic (review),log,minor,,
firecrawl,3.23.9,3.27.3,2026-10-02,firecrawl_search,SCHEMA_PARAM_ADDED,"clientModel,domainTools,objective,toolDetail",C2 capability expansion,hold,minor,,
browserbase,2.0.0,2.0.1,2025-08-20,browserbase_stagehand_get_all_urls,TOOL_ADDED,,C4 new tool,hold,patch,,
browserbase,2.0.0,2.0.1,2025-08-20,browserbase_stagehand_get_url,TOOL_ADDED,,C4 new tool,hold,patch,,
browserbase,2.0.0,2.0.1,2025-08-20,multi_browserbase_stagehand_get_url_session,TOOL_ADDED,,C4 new tool,hold,patch,,
browserbase,2.1.2,2.2.0,2025-10-16,browserbase_stagehand_get_all_urls,TOOL_REMOVED,,C5 tool removed,log,minor,,
browserbase,2.1.2,2.2.0,2025-10-16,multi_browserbase_stagehand_act_session,TOOL_REMOVED,,C5 tool removed,log,minor,,
browserbase,2.1.2,2.2.0,2025-10-16,multi_browserbase_stagehand_extract_session,TOOL_REMOVED,,C5 tool removed,log,minor,,
browserbase,2.1.2,2.2.0,2025-10-16,multi_browserbase_stagehand_get_url_session,TOOL_REMOVED,,C5 tool removed,log,minor,,
browserbase,2.1.2,2.2.0,2025-10-16,multi_browserbase_stagehand_navigate_session,TOOL_REMOVED,,C5 tool removed,log,minor,,
browserbase,2.1.2,2.2.0,2025-10-16,multi_browserbase_stagehand_observe_session,TOOL_REMOVED,,C5 tool removed,log,minor,,
browserbase,2.1.2,2.2.0,2025-10-16,multi_browserbase_stagehand_session_close,TOOL_REMOVED,,C5 tool removed,log,minor,,
browserbase,2.1.2,2.2.0,2025-10-16,multi_browserbase_stagehand_session_create,TOOL_REMOVED,,C5 tool removed,log,minor,,
browserbase,2.1.2,2.2.0,2025-10-16,multi_browserbase_stagehand_session_list,TOOL_REMOVED,,C5 tool removed,log,minor,,
browserbase,2.1.2,2.2.0,2025-10-16,browserbase_screenshot,DESC_REWORD,similarity 0.29,C1 cosmetic (review),log,minor,,
browserbase,2.1.2,2.2.0,2025-10-16,browserbase_session_close,DESC_REWORD,similarity 0.51,C1 cosmetic (review),log,minor,,
browserbase,2.1.2,2.2.0,2025-10-16,browserbase_session_create,DESC_REWORD,similarity 0.21,C1 cosmetic (review),log,minor,,
browserbase,2.1.2,2.2.0,2025-10-16,browserbase_stagehand_act,DESC_REWORD,similarity 0.24,C1 cosmetic (review),log,minor,,
browserbase,2.1.2,2.2.0,2025-10-16,browserbase_stagehand_act,SCHEMA_PARAM_DOC,parameter descriptions only,C1 cosmetic,log,minor,,
browserbase,2.1.2,2.2.0,2025-10-16,browserbase_stagehand_extract,DESC_REWORD,similarity 0.17,C1 cosmetic (review),log,minor,,
browserbase,2.1.2,2.2.0,2025-10-16,browserbase_stagehand_extract,SCHEMA_PARAM_DOC,parameter descriptions only,C1 cosmetic,log,minor,,
browserbase,2.1.2,2.2.0,2025-10-16,browserbase_stagehand_get_url,DESC_REWORD,similarity 0.42,C1 cosmetic (review),log,minor,,
browserbase,2.1.2,2.2.0,2025-10-16,browserbase_stagehand_navigate,DESC_REWORD,similarity 0.97,C1 cosmetic (review),log,minor,,
browserbase,2.1.2,2.2.0,2025-10-16,browserbase_stagehand_observe,DESC_REWORD,similarity 0.15,C1 cosmetic (review),log,minor,,
browserbase,2.1.2,2.2.0,2025-10-16,browserbase_stagehand_observe,SCHEMA_PARAM_DOC,parameter descriptions only,C1 cosmetic,log,minor,,
browserbase,2.2.0,2.3.0,2025-11-10,browserbase_stagehand_observe,SCHEMA_PARAM_REMOVED,returnAction,C5 capability removed,log,minor,,
browserbase,2.3.0,2.4.0,2025-11-11,browserbase_stagehand_agent,TOOL_ADDED,,C4 new tool,hold,minor,,
browserbase,2.4.1,2.4.3,2026-01-23,browserbase_session_close,SCHEMA_SERIALIZATION,$schema/additionalProperties only,C0 serialization noise,log,patch,,
browserbase,2.4.1,2.4.3,2026-01-23,browserbase_stagehand_get_url,SCHEMA_SERIALIZATION,$schema/additionalProperties only,C0 serialization noise,log,patch,,
context7,0.0.1,1.0.6,2025-04-23,get-library-docs,TOOL_ADDED,,C4 new tool,hold,major,,
context7,0.0.1,1.0.6,2025-04-23,resolve-library-id,TOOL_ADDED,,C4 new tool,hold,major,,
context7,0.0.1,1.0.6,2025-04-23,get-library-documentation,TOOL_REMOVED,,C5 tool removed,log,major,,
context7,0.0.1,1.0.6,2025-04-23,list-available-docs,TOOL_REMOVED,,C5 tool removed,log,major,,
context7,1.0.6,1.0.14,2025-06-13,get-library-docs,DESC_REWORD,similarity 0.73,C1 cosmetic (review),log,patch,,
context7,1.0.6,1.0.14,2025-06-13,get-library-docs,SCHEMA_PARAM_DOC,parameter descriptions only,C1 cosmetic,log,patch,,
context7,1.0.6,1.0.14,2025-06-13,resolve-library-id,DESC_REWORD,similarity 0.18,C1 cosmetic (review),log,patch,,
context7,1.0.14,1.0.22,2025-10-22,get-library-docs,SCHEMA_PARAM_DOC,parameter descriptions only,C1 cosmetic,log,patch,,
context7,1.0.22,1.0.30,2025-11-24,get-library-docs,DESC_REWORD,similarity 0.79,C1 cosmetic (review),log,patch,,
context7,1.0.22,1.0.30,2025-11-24,get-library-docs,SCHEMA_PARAM_ADDED,"mode,page",C2 capability expansion,hold,patch,,
context7,1.0.22,1.0.30,2025-11-24,get-library-docs,SCHEMA_PARAM_REMOVED,tokens,C5 capability removed,log,patch,,
context7,1.0.22,1.0.30,2025-11-24,resolve-library-id,DESC_REWORD,similarity 0.93,C1 cosmetic (review),log,patch,,
context7,1.0.30,2.1.0,2026-01-08,query-docs,TOOL_ADDED,,C4 new tool,hold,major,,
context7,1.0.30,2.1.0,2026-01-08,get-library-docs,TOOL_REMOVED,,C5 tool removed,log,major,,
context7,1.0.30,2.1.0,2026-01-08,resolve-library-id,DESC_REWORD,similarity 0.94,C1 cosmetic (review),log,major,,
context7,1.0.30,2.1.0,2026-01-08,resolve-library-id,SCHEMA_PARAM_ADDED,query,C2 capability expansion,hold,major,,
context7,1.0.30,2.1.0,2026-01-08,resolve-library-id,HINT_INTRODUCED,readOnlyHint: False->True (safer),C3b risk hint introduced,hold,major,,
context7,2.1.0,2.2.0,2026-04-24,query-docs,DESC_REWORD,similarity 0.78,C1 cosmetic (review),log,minor,,
context7,2.1.0,2.2.0,2026-04-24,query-docs,SCHEMA_PARAM_ADDED,researchMode,C2 capability expansion,hold,minor,,
context7,2.1.0,2.2.0,2026-04-24,resolve-library-id,DESC_REWORD,similarity 0.80,C1 cosmetic (review),log,minor,,
context7,2.1.0,2.2.0,2026-04-24,resolve-library-id,SCHEMA_PARAM_DOC,parameter descriptions only,C1 cosmetic,log,minor,,
context7,2.2.0,3.1.0,2026-06-01,query-docs,DESC_REWORD,similarity 0.78,C1 cosmetic (review),log,major,,
context7,2.2.0,3.1.0,2026-06-01,query-docs,SCHEMA_PARAM_REMOVED,researchMode,C5 capability removed,log,major,,
context7,2.2.0,3.1.0,2026-06-01,query-docs,HINT_INTRODUCED,destructiveHint: True->False (safer),C3b risk hint introduced,hold,major,,
context7,2.2.0,3.1.0,2026-06-01,query-docs,HINT_INTRODUCED,idempotentHint: False->True (safer),C3b risk hint introduced,hold,major,,
context7,2.2.0,3.1.0,2026-06-01,query-docs,HINT_DECLARED_SAME_VALUE,openWorldHint: declared at default value True,C1 cosmetic,log,major,,
context7,2.2.0,3.1.0,2026-06-01,resolve-library-id,HINT_INTRODUCED,destructiveHint: True->False (safer),C3b risk hint introduced,hold,major,,
context7,2.2.0,3.1.0,2026-06-01,resolve-library-id,HINT_INTRODUCED,idempotentHint: False->True (safer),C3b risk hint introduced,hold,major,,
context7,2.2.0,3.1.0,2026-06-01,resolve-library-id,HINT_DECLARED_SAME_VALUE,openWorldHint: declared at default value True,C1 cosmetic,log,major,,
context7,3.1.0,4.0.1,2026-08-11,query-docs,SCHEMA_PARAM_DOC,parameter descriptions only,C1 cosmetic,log,major,,
context7,3.1.0,4.0.1,2026-08-11,resolve-library-id,SCHEMA_PARAM_DOC,parameter descriptions only,C1 cosmetic,log,major,,
