server,from,to,tool,change_type,detail,proposed_code,version_signal,notes_versions,disclosure,manual_note
filesystem,2025.7.1,2025.7.29,read_media_file,TOOL_ADDED,,C4 new tool,calver (no semantic signal),,no notes published,Release notes read 'Updated packages' plus a list of package names (verified 2026-10-05)
filesystem,2025.7.1,2025.7.29,read_text_file,TOOL_ADDED,,C4 new tool,calver (no semantic signal),,no notes published,
filesystem,2025.8.21,2025.11.25,create_directory,HINT_INTRODUCED,destructiveHint: True->False (safer),C3b risk hint introduced,calver (no semantic signal),2025.11.25 2025.9.25,not mentioned,
filesystem,2025.8.21,2025.11.25,create_directory,HINT_INTRODUCED,idempotentHint: False->True (safer),C3b risk hint introduced,calver (no semantic signal),2025.11.25 2025.9.25,not mentioned,
filesystem,2025.8.21,2025.11.25,directory_tree,SCHEMA_PARAM_ADDED,excludePatterns,C2 capability expansion,calver (no semantic signal),2025.11.25 2025.9.25,not mentioned,
filesystem,2025.8.21,2025.11.25,directory_tree,HINT_INTRODUCED,readOnlyHint: False->True (safer),C3b risk hint introduced,calver (no semantic signal),2025.11.25 2025.9.25,not mentioned,
filesystem,2025.8.21,2025.11.25,get_file_info,HINT_INTRODUCED,readOnlyHint: False->True (safer),C3b risk hint introduced,calver (no semantic signal),2025.11.25 2025.9.25,not mentioned,
filesystem,2025.8.21,2025.11.25,list_allowed_directories,SCHEMA_CONSTRAINT,types/enums/defaults/limits changed,C2b contract change,calver (no semantic signal),2025.11.25 2025.9.25,not mentioned,
filesystem,2025.8.21,2025.11.25,list_allowed_directories,HINT_INTRODUCED,readOnlyHint: False->True (safer),C3b risk hint introduced,calver (no semantic signal),2025.11.25 2025.9.25,not mentioned,
filesystem,2025.8.21,2025.11.25,list_directory,HINT_INTRODUCED,readOnlyHint: False->True (safer),C3b risk hint introduced,calver (no semantic signal),2025.11.25 2025.9.25,not mentioned,
filesystem,2025.8.21,2025.11.25,list_directory_with_sizes,HINT_INTRODUCED,readOnlyHint: False->True (safer),C3b risk hint introduced,calver (no semantic signal),2025.11.25 2025.9.25,not mentioned,
filesystem,2025.8.21,2025.11.25,move_file,HINT_INTRODUCED,destructiveHint: True->False (safer),C3b risk hint introduced,calver (no semantic signal),2025.11.25 2025.9.25,not mentioned,Release notes read 'Updated packages' plus a list of package names (verified 2026-10-05)
filesystem,2025.8.21,2025.11.25,read_file,HINT_INTRODUCED,readOnlyHint: False->True (safer),C3b risk hint introduced,calver (no semantic signal),2025.11.25 2025.9.25,not mentioned,
filesystem,2025.8.21,2025.11.25,read_media_file,HINT_INTRODUCED,readOnlyHint: False->True (safer),C3b risk hint introduced,calver (no semantic signal),2025.11.25 2025.9.25,not mentioned,Release notes read 'Updated packages' plus a list of package names (verified 2026-10-05)
filesystem,2025.8.21,2025.11.25,read_multiple_files,SCHEMA_CONSTRAINT,types/enums/defaults/limits changed,C2b contract change,calver (no semantic signal),2025.11.25 2025.9.25,not mentioned,
filesystem,2025.8.21,2025.11.25,read_multiple_files,HINT_INTRODUCED,readOnlyHint: False->True (safer),C3b risk hint introduced,calver (no semantic signal),2025.11.25 2025.9.25,not mentioned,
filesystem,2025.8.21,2025.11.25,read_text_file,HINT_INTRODUCED,readOnlyHint: False->True (safer),C3b risk hint introduced,calver (no semantic signal),2025.11.25 2025.9.25,not mentioned,
filesystem,2025.8.21,2025.11.25,search_files,HINT_INTRODUCED,readOnlyHint: False->True (safer),C3b risk hint introduced,calver (no semantic signal),2025.11.25 2025.9.25,not mentioned,
filesystem,2025.8.21,2025.11.25,write_file,HINT_INTRODUCED,idempotentHint: False->True (safer),C3b risk hint introduced,calver (no semantic signal),2025.11.25 2025.9.25,not mentioned,
filesystem,2026.1.14,2026.7.4,move_file,HINT_FLIP,destructiveHint: False->True (riskier),C3a risk-hint flip,calver (no semantic signal),2026.7.4 2026.1.26,not mentioned,Release notes read 'Updated packages' plus a list of package names (verified 2026-10-05)
filesystem,2026.7.4,2026.7.10,create_directory,HINT_INTRODUCED,openWorldHint: True->False (safer),C3b risk hint introduced,calver (no semantic signal),2026.7.10,not mentioned,
filesystem,2026.7.4,2026.7.10,directory_tree,HINT_INTRODUCED,openWorldHint: True->False (safer),C3b risk hint introduced,calver (no semantic signal),2026.7.10,not mentioned,
filesystem,2026.7.4,2026.7.10,edit_file,HINT_INTRODUCED,openWorldHint: True->False (safer),C3b risk hint introduced,calver (no semantic signal),2026.7.10,not mentioned,
filesystem,2026.7.4,2026.7.10,get_file_info,HINT_INTRODUCED,openWorldHint: True->False (safer),C3b risk hint introduced,calver (no semantic signal),2026.7.10,not mentioned,
filesystem,2026.7.4,2026.7.10,list_allowed_directories,HINT_INTRODUCED,openWorldHint: True->False (safer),C3b risk hint introduced,calver (no semantic signal),2026.7.10,not mentioned,
filesystem,2026.7.4,2026.7.10,list_directory,HINT_INTRODUCED,openWorldHint: True->False (safer),C3b risk hint introduced,calver (no semantic signal),2026.7.10,not mentioned,
filesystem,2026.7.4,2026.7.10,list_directory_with_sizes,HINT_INTRODUCED,openWorldHint: True->False (safer),C3b risk hint introduced,calver (no semantic signal),2026.7.10,not mentioned,
filesystem,2026.7.4,2026.7.10,move_file,HINT_INTRODUCED,openWorldHint: True->False (safer),C3b risk hint introduced,calver (no semantic signal),2026.7.10,not mentioned,Release notes read 'Updated packages' plus a list of package names (verified 2026-10-05)
filesystem,2026.7.4,2026.7.10,read_file,HINT_INTRODUCED,openWorldHint: True->False (safer),C3b risk hint introduced,calver (no semantic signal),2026.7.10,not mentioned,
filesystem,2026.7.4,2026.7.10,read_media_file,DESC_REWORD,similarity 0.39,C2 capability expansion (manual),calver (no semantic signal),2026.7.10,not mentioned,Release notes read 'Updated packages' plus a list of package names (verified 2026-10-05)
filesystem,2026.7.4,2026.7.10,read_media_file,HINT_INTRODUCED,openWorldHint: True->False (safer),C3b risk hint introduced,calver (no semantic signal),2026.7.10,not mentioned,Release notes read 'Updated packages' plus a list of package names (verified 2026-10-05)
filesystem,2026.7.4,2026.7.10,read_multiple_files,HINT_INTRODUCED,openWorldHint: True->False (safer),C3b risk hint introduced,calver (no semantic signal),2026.7.10,not mentioned,
filesystem,2026.7.4,2026.7.10,read_text_file,HINT_INTRODUCED,openWorldHint: True->False (safer),C3b risk hint introduced,calver (no semantic signal),2026.7.10,not mentioned,
filesystem,2026.7.4,2026.7.10,search_files,HINT_INTRODUCED,openWorldHint: True->False (safer),C3b risk hint introduced,calver (no semantic signal),2026.7.10,not mentioned,
filesystem,2026.7.4,2026.7.10,write_file,HINT_INTRODUCED,openWorldHint: True->False (safer),C3b risk hint introduced,calver (no semantic signal),2026.7.10,not mentioned,
memory,2026.1.26,2026.7.4,add_observations,HINT_INTRODUCED,destructiveHint: True->False (safer),C3b risk hint introduced,calver (no semantic signal),2026.7.4,not mentioned,
memory,2026.1.26,2026.7.4,add_observations,HINT_INTRODUCED,openWorldHint: True->False (safer),C3b risk hint introduced,calver (no semantic signal),2026.7.4,not mentioned,
memory,2026.1.26,2026.7.4,create_entities,HINT_INTRODUCED,destructiveHint: True->False (safer),C3b risk hint introduced,calver (no semantic signal),2026.7.4,not mentioned,
memory,2026.1.26,2026.7.4,create_entities,HINT_INTRODUCED,openWorldHint: True->False (safer),C3b risk hint introduced,calver (no semantic signal),2026.7.4,not mentioned,
memory,2026.1.26,2026.7.4,create_relations,HINT_INTRODUCED,destructiveHint: True->False (safer),C3b risk hint introduced,calver (no semantic signal),2026.7.4,not mentioned,
memory,2026.1.26,2026.7.4,create_relations,HINT_INTRODUCED,openWorldHint: True->False (safer),C3b risk hint introduced,calver (no semantic signal),2026.7.4,not mentioned,
memory,2026.1.26,2026.7.4,delete_entities,HINT_INTRODUCED,idempotentHint: False->True (safer),C3b risk hint introduced,calver (no semantic signal),2026.7.4,not mentioned,
memory,2026.1.26,2026.7.4,delete_entities,HINT_INTRODUCED,openWorldHint: True->False (safer),C3b risk hint introduced,calver (no semantic signal),2026.7.4,not mentioned,
memory,2026.1.26,2026.7.4,delete_observations,HINT_INTRODUCED,idempotentHint: False->True (safer),C3b risk hint introduced,calver (no semantic signal),2026.7.4,not mentioned,
memory,2026.1.26,2026.7.4,delete_observations,HINT_INTRODUCED,openWorldHint: True->False (safer),C3b risk hint introduced,calver (no semantic signal),2026.7.4,not mentioned,
memory,2026.1.26,2026.7.4,delete_relations,HINT_INTRODUCED,idempotentHint: False->True (safer),C3b risk hint introduced,calver (no semantic signal),2026.7.4,not mentioned,
memory,2026.1.26,2026.7.4,delete_relations,HINT_INTRODUCED,openWorldHint: True->False (safer),C3b risk hint introduced,calver (no semantic signal),2026.7.4,not mentioned,
memory,2026.1.26,2026.7.4,open_nodes,HINT_INTRODUCED,readOnlyHint: False->True (safer),C3b risk hint introduced,calver (no semantic signal),2026.7.4,not mentioned,
memory,2026.1.26,2026.7.4,open_nodes,HINT_INTRODUCED,destructiveHint: True->False (safer),C3b risk hint introduced,calver (no semantic signal),2026.7.4,not mentioned,
memory,2026.1.26,2026.7.4,open_nodes,HINT_INTRODUCED,idempotentHint: False->True (safer),C3b risk hint introduced,calver (no semantic signal),2026.7.4,not mentioned,
memory,2026.1.26,2026.7.4,open_nodes,HINT_INTRODUCED,openWorldHint: True->False (safer),C3b risk hint introduced,calver (no semantic signal),2026.7.4,not mentioned,
memory,2026.1.26,2026.7.4,read_graph,HINT_INTRODUCED,readOnlyHint: False->True (safer),C3b risk hint introduced,calver (no semantic signal),2026.7.4,not mentioned,
memory,2026.1.26,2026.7.4,read_graph,HINT_INTRODUCED,destructiveHint: True->False (safer),C3b risk hint introduced,calver (no semantic signal),2026.7.4,not mentioned,
memory,2026.1.26,2026.7.4,read_graph,HINT_INTRODUCED,idempotentHint: False->True (safer),C3b risk hint introduced,calver (no semantic signal),2026.7.4,not mentioned,
memory,2026.1.26,2026.7.4,read_graph,HINT_INTRODUCED,openWorldHint: True->False (safer),C3b risk hint introduced,calver (no semantic signal),2026.7.4,not mentioned,
memory,2026.1.26,2026.7.4,search_nodes,HINT_INTRODUCED,readOnlyHint: False->True (safer),C3b risk hint introduced,calver (no semantic signal),2026.7.4,not mentioned,
memory,2026.1.26,2026.7.4,search_nodes,HINT_INTRODUCED,destructiveHint: True->False (safer),C3b risk hint introduced,calver (no semantic signal),2026.7.4,not mentioned,
memory,2026.1.26,2026.7.4,search_nodes,HINT_INTRODUCED,idempotentHint: False->True (safer),C3b risk hint introduced,calver (no semantic signal),2026.7.4,not mentioned,
memory,2026.1.26,2026.7.4,search_nodes,HINT_INTRODUCED,openWorldHint: True->False (safer),C3b risk hint introduced,calver (no semantic signal),2026.7.4,not mentioned,
everything,2025.7.1,2025.8.4,getResourceLinks,TOOL_ADDED,,C4 new tool,calver (no semantic signal),2025.8.4,not mentioned,
everything,2025.7.1,2025.8.4,startElicitation,TOOL_ADDED,,C4 new tool,calver (no semantic signal),2025.8.4,not mentioned,
everything,2025.7.1,2025.8.4,structuredContent,TOOL_ADDED,,C4 new tool,calver (no semantic signal),2025.8.4,not mentioned,
everything,2025.9.24,2025.11.25,zip,TOOL_ADDED,,C4 new tool,calver (no semantic signal),2025.11.25 2025.9.25,not mentioned,
everything,2025.11.25,2026.1.14,get-annotated-message,TOOL_ADDED,,C4 new tool,calver (no semantic signal),2026.1.14 2025.12.18,not mentioned,
everything,2025.11.25,2026.1.14,get-env,TOOL_ADDED,,C4 new tool,calver (no semantic signal),2026.1.14 2025.12.18,not mentioned,
everything,2025.11.25,2026.1.14,get-resource-links,TOOL_ADDED,,C4 new tool,calver (no semantic signal),2026.1.14 2025.12.18,not mentioned,
everything,2025.11.25,2026.1.14,get-resource-reference,TOOL_ADDED,,C4 new tool,calver (no semantic signal),2026.1.14 2025.12.18,not mentioned,
everything,2025.11.25,2026.1.14,get-structured-content,TOOL_ADDED,,C4 new tool,calver (no semantic signal),2026.1.14 2025.12.18,not mentioned,
everything,2025.11.25,2026.1.14,get-sum,TOOL_ADDED,,C4 new tool,calver (no semantic signal),2026.1.14 2025.12.18,not mentioned,
everything,2025.11.25,2026.1.14,get-tiny-image,TOOL_ADDED,,C4 new tool,calver (no semantic signal),2026.1.14 2025.12.18,not mentioned,
everything,2025.11.25,2026.1.14,gzip-file-as-resource,TOOL_ADDED,,C4 new tool,calver (no semantic signal),2026.1.14 2025.12.18,not mentioned,
everything,2025.11.25,2026.1.14,toggle-simulated-logging,TOOL_ADDED,,C4 new tool,calver (no semantic signal),2026.1.14 2025.12.18,not mentioned,
everything,2025.11.25,2026.1.14,toggle-subscriber-updates,TOOL_ADDED,,C4 new tool,calver (no semantic signal),2026.1.14 2025.12.18,not mentioned,
everything,2025.11.25,2026.1.14,trigger-long-running-operation,TOOL_ADDED,,C4 new tool,calver (no semantic signal),2026.1.14 2025.12.18,not mentioned,
everything,2026.1.14,2026.7.4,simulate-research-query,TOOL_ADDED,,C4 new tool,calver (no semantic signal),2026.7.4 2026.1.26,not mentioned,
everything,2026.1.14,2026.7.4,echo,HINT_INTRODUCED,readOnlyHint: False->True (safer),C3b risk hint introduced,calver (no semantic signal),2026.7.4 2026.1.26,not mentioned,
everything,2026.1.14,2026.7.4,echo,HINT_INTRODUCED,destructiveHint: True->False (safer),C3b risk hint introduced,calver (no semantic signal),2026.7.4 2026.1.26,not mentioned,
everything,2026.1.14,2026.7.4,echo,HINT_INTRODUCED,idempotentHint: False->True (safer),C3b risk hint introduced,calver (no semantic signal),2026.7.4 2026.1.26,not mentioned,
everything,2026.1.14,2026.7.4,echo,HINT_INTRODUCED,openWorldHint: True->False (safer),C3b risk hint introduced,calver (no semantic signal),2026.7.4 2026.1.26,not mentioned,
everything,2026.1.14,2026.7.4,get-annotated-message,HINT_INTRODUCED,readOnlyHint: False->True (safer),C3b risk hint introduced,calver (no semantic signal),2026.7.4 2026.1.26,not mentioned,
everything,2026.1.14,2026.7.4,get-annotated-message,HINT_INTRODUCED,destructiveHint: True->False (safer),C3b risk hint introduced,calver (no semantic signal),2026.7.4 2026.1.26,not mentioned,
everything,2026.1.14,2026.7.4,get-annotated-message,HINT_INTRODUCED,idempotentHint: False->True (safer),C3b risk hint introduced,calver (no semantic signal),2026.7.4 2026.1.26,not mentioned,
everything,2026.1.14,2026.7.4,get-annotated-message,HINT_INTRODUCED,openWorldHint: True->False (safer),C3b risk hint introduced,calver (no semantic signal),2026.7.4 2026.1.26,not mentioned,
everything,2026.1.14,2026.7.4,get-env,HINT_INTRODUCED,readOnlyHint: False->True (safer),C3b risk hint introduced,calver (no semantic signal),2026.7.4 2026.1.26,not mentioned,
everything,2026.1.14,2026.7.4,get-env,HINT_INTRODUCED,destructiveHint: True->False (safer),C3b risk hint introduced,calver (no semantic signal),2026.7.4 2026.1.26,not mentioned,
everything,2026.1.14,2026.7.4,get-env,HINT_INTRODUCED,idempotentHint: False->True (safer),C3b risk hint introduced,calver (no semantic signal),2026.7.4 2026.1.26,not mentioned,
everything,2026.1.14,2026.7.4,get-env,HINT_INTRODUCED,openWorldHint: True->False (safer),C3b risk hint introduced,calver (no semantic signal),2026.7.4 2026.1.26,not mentioned,
everything,2026.1.14,2026.7.4,get-resource-links,HINT_INTRODUCED,readOnlyHint: False->True (safer),C3b risk hint introduced,calver (no semantic signal),2026.7.4 2026.1.26,not mentioned,
everything,2026.1.14,2026.7.4,get-resource-links,HINT_INTRODUCED,destructiveHint: True->False (safer),C3b risk hint introduced,calver (no semantic signal),2026.7.4 2026.1.26,not mentioned,
everything,2026.1.14,2026.7.4,get-resource-links,HINT_INTRODUCED,idempotentHint: False->True (safer),C3b risk hint introduced,calver (no semantic signal),2026.7.4 2026.1.26,not mentioned,
everything,2026.1.14,2026.7.4,get-resource-links,HINT_INTRODUCED,openWorldHint: True->False (safer),C3b risk hint introduced,calver (no semantic signal),2026.7.4 2026.1.26,not mentioned,
everything,2026.1.14,2026.7.4,get-resource-reference,HINT_INTRODUCED,readOnlyHint: False->True (safer),C3b risk hint introduced,calver (no semantic signal),2026.7.4 2026.1.26,not mentioned,
everything,2026.1.14,2026.7.4,get-resource-reference,HINT_INTRODUCED,destructiveHint: True->False (safer),C3b risk hint introduced,calver (no semantic signal),2026.7.4 2026.1.26,not mentioned,
everything,2026.1.14,2026.7.4,get-resource-reference,HINT_INTRODUCED,idempotentHint: False->True (safer),C3b risk hint introduced,calver (no semantic signal),2026.7.4 2026.1.26,not mentioned,
everything,2026.1.14,2026.7.4,get-resource-reference,HINT_INTRODUCED,openWorldHint: True->False (safer),C3b risk hint introduced,calver (no semantic signal),2026.7.4 2026.1.26,not mentioned,
everything,2026.1.14,2026.7.4,get-structured-content,HINT_INTRODUCED,readOnlyHint: False->True (safer),C3b risk hint introduced,calver (no semantic signal),2026.7.4 2026.1.26,not mentioned,
everything,2026.1.14,2026.7.4,get-structured-content,HINT_INTRODUCED,destructiveHint: True->False (safer),C3b risk hint introduced,calver (no semantic signal),2026.7.4 2026.1.26,not mentioned,
everything,2026.1.14,2026.7.4,get-structured-content,HINT_INTRODUCED,idempotentHint: False->True (safer),C3b risk hint introduced,calver (no semantic signal),2026.7.4 2026.1.26,not mentioned,
everything,2026.1.14,2026.7.4,get-structured-content,HINT_INTRODUCED,openWorldHint: True->False (safer),C3b risk hint introduced,calver (no semantic signal),2026.7.4 2026.1.26,not mentioned,
everything,2026.1.14,2026.7.4,get-sum,HINT_INTRODUCED,readOnlyHint: False->True (safer),C3b risk hint introduced,calver (no semantic signal),2026.7.4 2026.1.26,not mentioned,
everything,2026.1.14,2026.7.4,get-sum,HINT_INTRODUCED,destructiveHint: True->False (safer),C3b risk hint introduced,calver (no semantic signal),2026.7.4 2026.1.26,not mentioned,
everything,2026.1.14,2026.7.4,get-sum,HINT_INTRODUCED,idempotentHint: False->True (safer),C3b risk hint introduced,calver (no semantic signal),2026.7.4 2026.1.26,not mentioned,
everything,2026.1.14,2026.7.4,get-sum,HINT_INTRODUCED,openWorldHint: True->False (safer),C3b risk hint introduced,calver (no semantic signal),2026.7.4 2026.1.26,not mentioned,
everything,2026.1.14,2026.7.4,get-tiny-image,HINT_INTRODUCED,readOnlyHint: False->True (safer),C3b risk hint introduced,calver (no semantic signal),2026.7.4 2026.1.26,not mentioned,
everything,2026.1.14,2026.7.4,get-tiny-image,HINT_INTRODUCED,destructiveHint: True->False (safer),C3b risk hint introduced,calver (no semantic signal),2026.7.4 2026.1.26,not mentioned,
everything,2026.1.14,2026.7.4,get-tiny-image,HINT_INTRODUCED,idempotentHint: False->True (safer),C3b risk hint introduced,calver (no semantic signal),2026.7.4 2026.1.26,not mentioned,
everything,2026.1.14,2026.7.4,get-tiny-image,HINT_INTRODUCED,openWorldHint: True->False (safer),C3b risk hint introduced,calver (no semantic signal),2026.7.4 2026.1.26,not mentioned,
everything,2026.1.14,2026.7.4,gzip-file-as-resource,HINT_INTRODUCED,destructiveHint: True->False (safer),C3b risk hint introduced,calver (no semantic signal),2026.7.4 2026.1.26,not mentioned,
everything,2026.1.14,2026.7.4,gzip-file-as-resource,HINT_INTRODUCED,idempotentHint: False->True (safer),C3b risk hint introduced,calver (no semantic signal),2026.7.4 2026.1.26,not mentioned,
everything,2026.1.14,2026.7.4,toggle-simulated-logging,HINT_INTRODUCED,destructiveHint: True->False (safer),C3b risk hint introduced,calver (no semantic signal),2026.7.4 2026.1.26,not mentioned,
everything,2026.1.14,2026.7.4,toggle-simulated-logging,HINT_INTRODUCED,openWorldHint: True->False (safer),C3b risk hint introduced,calver (no semantic signal),2026.7.4 2026.1.26,not mentioned,
everything,2026.1.14,2026.7.4,toggle-subscriber-updates,HINT_INTRODUCED,destructiveHint: True->False (safer),C3b risk hint introduced,calver (no semantic signal),2026.7.4 2026.1.26,not mentioned,
everything,2026.1.14,2026.7.4,toggle-subscriber-updates,HINT_INTRODUCED,openWorldHint: True->False (safer),C3b risk hint introduced,calver (no semantic signal),2026.7.4 2026.1.26,not mentioned,
everything,2026.1.14,2026.7.4,trigger-long-running-operation,HINT_INTRODUCED,readOnlyHint: False->True (safer),C3b risk hint introduced,calver (no semantic signal),2026.7.4 2026.1.26,not mentioned,
everything,2026.1.14,2026.7.4,trigger-long-running-operation,HINT_INTRODUCED,destructiveHint: True->False (safer),C3b risk hint introduced,calver (no semantic signal),2026.7.4 2026.1.26,not mentioned,
everything,2026.1.14,2026.7.4,trigger-long-running-operation,HINT_INTRODUCED,idempotentHint: False->True (safer),C3b risk hint introduced,calver (no semantic signal),2026.7.4 2026.1.26,not mentioned,
everything,2026.1.14,2026.7.4,trigger-long-running-operation,HINT_INTRODUCED,openWorldHint: True->False (safer),C3b risk hint introduced,calver (no semantic signal),2026.7.4 2026.1.26,not mentioned,
sequential-thinking,2025.7.1,2025.11.25,sequentialthinking,SCHEMA_CONSTRAINT,types/enums/defaults/limits changed,C2b contract change,calver (no semantic signal),2025.11.25 2025.9.25 2025.8.4,not mentioned,
sequential-thinking,2025.12.18,2026.7.4,sequentialthinking,SCHEMA_REQUIRED_CHANGED,+[] -['nextThoughtNeeded'],C2b contract change,calver (no semantic signal),2026.7.4 2026.1.26 2026.1.14,not mentioned,
sequential-thinking,2025.12.18,2026.7.4,sequentialthinking,HINT_INTRODUCED,readOnlyHint: False->True (safer),C3b risk hint introduced,calver (no semantic signal),2026.7.4 2026.1.26 2026.1.14,not mentioned,
sequential-thinking,2025.12.18,2026.7.4,sequentialthinking,HINT_INTRODUCED,destructiveHint: True->False (safer),C3b risk hint introduced,calver (no semantic signal),2026.7.4 2026.1.26 2026.1.14,not mentioned,
sequential-thinking,2025.12.18,2026.7.4,sequentialthinking,HINT_INTRODUCED,idempotentHint: False->True (safer),C3b risk hint introduced,calver (no semantic signal),2026.7.4 2026.1.26 2026.1.14,not mentioned,
sequential-thinking,2025.12.18,2026.7.4,sequentialthinking,HINT_INTRODUCED,openWorldHint: True->False (safer),C3b risk hint introduced,calver (no semantic signal),2026.7.4 2026.1.26 2026.1.14,not mentioned,
sequential-thinking,2026.7.4,2026.8.31,sequentialthinking,SCHEMA_REQUIRED_CHANGED,+['nextThoughtNeeded'] -[],C2b contract change,calver (no semantic signal),2026.8.31 2026.8.18 2026.7.10,not mentioned,
git,2025.7.1,2025.9.25,git_log,SCHEMA_PARAM_ADDED,"end_timestamp,start_timestamp",C2 capability expansion,calver (no semantic signal),2025.9.25 2025.8.4,not mentioned,
git,2026.1.14,2026.6.4,git_add,HINT_INTRODUCED,destructiveHint: True->False (safer),C3b risk hint introduced,calver (no semantic signal),2026.1.26,not mentioned,
git,2026.1.14,2026.6.4,git_add,HINT_INTRODUCED,idempotentHint: False->True (safer),C3b risk hint introduced,calver (no semantic signal),2026.1.26,not mentioned,
git,2026.1.14,2026.6.4,git_add,HINT_INTRODUCED,openWorldHint: True->False (safer),C3b risk hint introduced,calver (no semantic signal),2026.1.26,not mentioned,
git,2026.1.14,2026.6.4,git_branch,HINT_INTRODUCED,readOnlyHint: False->True (safer),C3b risk hint introduced,calver (no semantic signal),2026.1.26,not mentioned,
git,2026.1.14,2026.6.4,git_branch,HINT_INTRODUCED,destructiveHint: True->False (safer),C3b risk hint introduced,calver (no semantic signal),2026.1.26,not mentioned,
git,2026.1.14,2026.6.4,git_branch,HINT_INTRODUCED,idempotentHint: False->True (safer),C3b risk hint introduced,calver (no semantic signal),2026.1.26,not mentioned,
git,2026.1.14,2026.6.4,git_branch,HINT_INTRODUCED,openWorldHint: True->False (safer),C3b risk hint introduced,calver (no semantic signal),2026.1.26,not mentioned,
git,2026.1.14,2026.6.4,git_checkout,HINT_INTRODUCED,destructiveHint: True->False (safer),C3b risk hint introduced,calver (no semantic signal),2026.1.26,not mentioned,
git,2026.1.14,2026.6.4,git_checkout,HINT_INTRODUCED,openWorldHint: True->False (safer),C3b risk hint introduced,calver (no semantic signal),2026.1.26,not mentioned,
git,2026.1.14,2026.6.4,git_commit,HINT_INTRODUCED,destructiveHint: True->False (safer),C3b risk hint introduced,calver (no semantic signal),2026.1.26,not mentioned,
git,2026.1.14,2026.6.4,git_commit,HINT_INTRODUCED,openWorldHint: True->False (safer),C3b risk hint introduced,calver (no semantic signal),2026.1.26,not mentioned,
git,2026.1.14,2026.6.4,git_create_branch,HINT_INTRODUCED,destructiveHint: True->False (safer),C3b risk hint introduced,calver (no semantic signal),2026.1.26,not mentioned,
git,2026.1.14,2026.6.4,git_create_branch,HINT_INTRODUCED,openWorldHint: True->False (safer),C3b risk hint introduced,calver (no semantic signal),2026.1.26,not mentioned,
git,2026.1.14,2026.6.4,git_diff,HINT_INTRODUCED,readOnlyHint: False->True (safer),C3b risk hint introduced,calver (no semantic signal),2026.1.26,not mentioned,
git,2026.1.14,2026.6.4,git_diff,HINT_INTRODUCED,destructiveHint: True->False (safer),C3b risk hint introduced,calver (no semantic signal),2026.1.26,not mentioned,
git,2026.1.14,2026.6.4,git_diff,HINT_INTRODUCED,idempotentHint: False->True (safer),C3b risk hint introduced,calver (no semantic signal),2026.1.26,not mentioned,
git,2026.1.14,2026.6.4,git_diff,HINT_INTRODUCED,openWorldHint: True->False (safer),C3b risk hint introduced,calver (no semantic signal),2026.1.26,not mentioned,
git,2026.1.14,2026.6.4,git_diff_staged,HINT_INTRODUCED,readOnlyHint: False->True (safer),C3b risk hint introduced,calver (no semantic signal),2026.1.26,not mentioned,
git,2026.1.14,2026.6.4,git_diff_staged,HINT_INTRODUCED,destructiveHint: True->False (safer),C3b risk hint introduced,calver (no semantic signal),2026.1.26,not mentioned,
git,2026.1.14,2026.6.4,git_diff_staged,HINT_INTRODUCED,idempotentHint: False->True (safer),C3b risk hint introduced,calver (no semantic signal),2026.1.26,not mentioned,
git,2026.1.14,2026.6.4,git_diff_staged,HINT_INTRODUCED,openWorldHint: True->False (safer),C3b risk hint introduced,calver (no semantic signal),2026.1.26,not mentioned,
git,2026.1.14,2026.6.4,git_diff_unstaged,HINT_INTRODUCED,readOnlyHint: False->True (safer),C3b risk hint introduced,calver (no semantic signal),2026.1.26,not mentioned,
git,2026.1.14,2026.6.4,git_diff_unstaged,HINT_INTRODUCED,destructiveHint: True->False (safer),C3b risk hint introduced,calver (no semantic signal),2026.1.26,not mentioned,
git,2026.1.14,2026.6.4,git_diff_unstaged,HINT_INTRODUCED,idempotentHint: False->True (safer),C3b risk hint introduced,calver (no semantic signal),2026.1.26,not mentioned,
git,2026.1.14,2026.6.4,git_diff_unstaged,HINT_INTRODUCED,openWorldHint: True->False (safer),C3b risk hint introduced,calver (no semantic signal),2026.1.26,not mentioned,
git,2026.1.14,2026.6.4,git_log,HINT_INTRODUCED,readOnlyHint: False->True (safer),C3b risk hint introduced,calver (no semantic signal),2026.1.26,not mentioned,
git,2026.1.14,2026.6.4,git_log,HINT_INTRODUCED,destructiveHint: True->False (safer),C3b risk hint introduced,calver (no semantic signal),2026.1.26,not mentioned,
git,2026.1.14,2026.6.4,git_log,HINT_INTRODUCED,idempotentHint: False->True (safer),C3b risk hint introduced,calver (no semantic signal),2026.1.26,not mentioned,
git,2026.1.14,2026.6.4,git_log,HINT_INTRODUCED,openWorldHint: True->False (safer),C3b risk hint introduced,calver (no semantic signal),2026.1.26,not mentioned,
git,2026.1.14,2026.6.4,git_reset,HINT_INTRODUCED,idempotentHint: False->True (safer),C3b risk hint introduced,calver (no semantic signal),2026.1.26,not mentioned,
git,2026.1.14,2026.6.4,git_reset,HINT_INTRODUCED,openWorldHint: True->False (safer),C3b risk hint introduced,calver (no semantic signal),2026.1.26,not mentioned,
git,2026.1.14,2026.6.4,git_show,HINT_INTRODUCED,readOnlyHint: False->True (safer),C3b risk hint introduced,calver (no semantic signal),2026.1.26,not mentioned,
git,2026.1.14,2026.6.4,git_show,HINT_INTRODUCED,destructiveHint: True->False (safer),C3b risk hint introduced,calver (no semantic signal),2026.1.26,not mentioned,
git,2026.1.14,2026.6.4,git_show,HINT_INTRODUCED,idempotentHint: False->True (safer),C3b risk hint introduced,calver (no semantic signal),2026.1.26,not mentioned,
git,2026.1.14,2026.6.4,git_show,HINT_INTRODUCED,openWorldHint: True->False (safer),C3b risk hint introduced,calver (no semantic signal),2026.1.26,not mentioned,
git,2026.1.14,2026.6.4,git_status,HINT_INTRODUCED,readOnlyHint: False->True (safer),C3b risk hint introduced,calver (no semantic signal),2026.1.26,not mentioned,
git,2026.1.14,2026.6.4,git_status,HINT_INTRODUCED,destructiveHint: True->False (safer),C3b risk hint introduced,calver (no semantic signal),2026.1.26,not mentioned,
git,2026.1.14,2026.6.4,git_status,HINT_INTRODUCED,idempotentHint: False->True (safer),C3b risk hint introduced,calver (no semantic signal),2026.1.26,not mentioned,
git,2026.1.14,2026.6.4,git_status,HINT_INTRODUCED,openWorldHint: True->False (safer),C3b risk hint introduced,calver (no semantic signal),2026.1.26,not mentioned,
time,2026.1.26,2026.6.4,convert_time,HINT_INTRODUCED,readOnlyHint: False->True (safer),C3b risk hint introduced,calver (no semantic signal),,no notes published,
time,2026.1.26,2026.6.4,convert_time,HINT_INTRODUCED,destructiveHint: True->False (safer),C3b risk hint introduced,calver (no semantic signal),,no notes published,
time,2026.1.26,2026.6.4,convert_time,HINT_INTRODUCED,idempotentHint: False->True (safer),C3b risk hint introduced,calver (no semantic signal),,no notes published,
time,2026.1.26,2026.6.4,convert_time,HINT_INTRODUCED,openWorldHint: True->False (safer),C3b risk hint introduced,calver (no semantic signal),,no notes published,
time,2026.1.26,2026.6.4,get_current_time,HINT_INTRODUCED,readOnlyHint: False->True (safer),C3b risk hint introduced,calver (no semantic signal),,no notes published,
time,2026.1.26,2026.6.4,get_current_time,HINT_INTRODUCED,destructiveHint: True->False (safer),C3b risk hint introduced,calver (no semantic signal),,no notes published,
time,2026.1.26,2026.6.4,get_current_time,HINT_INTRODUCED,idempotentHint: False->True (safer),C3b risk hint introduced,calver (no semantic signal),,no notes published,
time,2026.1.26,2026.6.4,get_current_time,HINT_INTRODUCED,openWorldHint: True->False (safer),C3b risk hint introduced,calver (no semantic signal),,no notes published,
azure,0.0.8,0.0.16,azmcp-bestpractices-get,TOOL_ADDED,,C4 new tool,patch,0.0.16 0.0.15 0.0.14 0.0.13 0.0.12 0.0.11 0.0.10,not mentioned,
azure,0.0.8,0.0.16,azmcp-keyvault-key-create,TOOL_ADDED,,C4 new tool,patch,0.0.16 0.0.15 0.0.14 0.0.13 0.0.12 0.0.11 0.0.10,not mentioned,
azure,0.0.8,0.0.16,azmcp-keyvault-key-get,TOOL_ADDED,,C4 new tool,patch,0.0.16 0.0.15 0.0.14 0.0.13 0.0.12 0.0.11 0.0.10,not mentioned,
azure,0.0.8,0.0.16,azmcp-keyvault-key-list,TOOL_ADDED,,C4 new tool,patch,0.0.16 0.0.15 0.0.14 0.0.13 0.0.12 0.0.11 0.0.10,not mentioned,
azure,0.0.8,0.0.16,azmcp-kusto-cluster-get,TOOL_ADDED,,C4 new tool,patch,0.0.16 0.0.15 0.0.14 0.0.13 0.0.12 0.0.11 0.0.10,not mentioned,
azure,0.0.8,0.0.16,azmcp-kusto-cluster-list,TOOL_ADDED,,C4 new tool,patch,0.0.16 0.0.15 0.0.14 0.0.13 0.0.12 0.0.11 0.0.10,not mentioned,
azure,0.0.8,0.0.16,azmcp-kusto-database-list,TOOL_ADDED,,C4 new tool,patch,0.0.16 0.0.15 0.0.14 0.0.13 0.0.12 0.0.11 0.0.10,not mentioned,
azure,0.0.8,0.0.16,azmcp-kusto-query,TOOL_ADDED,,C4 new tool,patch,0.0.16 0.0.15 0.0.14 0.0.13 0.0.12 0.0.11 0.0.10,not mentioned,
azure,0.0.8,0.0.16,azmcp-kusto-sample,TOOL_ADDED,,C4 new tool,patch,0.0.16 0.0.15 0.0.14 0.0.13 0.0.12 0.0.11 0.0.10,not mentioned,
azure,0.0.8,0.0.16,azmcp-kusto-table-list,TOOL_ADDED,,C4 new tool,patch,0.0.16 0.0.15 0.0.14 0.0.13 0.0.12 0.0.11 0.0.10,not mentioned,
azure,0.0.8,0.0.16,azmcp-kusto-table-schema,TOOL_ADDED,,C4 new tool,patch,0.0.16 0.0.15 0.0.14 0.0.13 0.0.12 0.0.11 0.0.10,not mentioned,
azure,0.0.8,0.0.16,azmcp-monitor-table-type-list,TOOL_ADDED,,C4 new tool,patch,0.0.16 0.0.15 0.0.14 0.0.13 0.0.12 0.0.11 0.0.10,not mentioned,
azure,0.0.8,0.0.16,azmcp-postgres-database-list,TOOL_ADDED,,C4 new tool,patch,0.0.16 0.0.15 0.0.14 0.0.13 0.0.12 0.0.11 0.0.10,not mentioned,
azure,0.0.8,0.0.16,azmcp-postgres-database-query,TOOL_ADDED,,C4 new tool,patch,0.0.16 0.0.15 0.0.14 0.0.13 0.0.12 0.0.11 0.0.10,not mentioned,
azure,0.0.8,0.0.16,azmcp-postgres-server-config,TOOL_ADDED,,C4 new tool,patch,0.0.16 0.0.15 0.0.14 0.0.13 0.0.12 0.0.11 0.0.10,not mentioned,
azure,0.0.8,0.0.16,azmcp-postgres-server-list,TOOL_ADDED,,C4 new tool,patch,0.0.16 0.0.15 0.0.14 0.0.13 0.0.12 0.0.11 0.0.10,not mentioned,
azure,0.0.8,0.0.16,azmcp-postgres-server-param,TOOL_ADDED,,C4 new tool,patch,0.0.16 0.0.15 0.0.14 0.0.13 0.0.12 0.0.11 0.0.10,not mentioned,
azure,0.0.8,0.0.16,azmcp-postgres-table-list,TOOL_ADDED,,C4 new tool,patch,0.0.16 0.0.15 0.0.14 0.0.13 0.0.12 0.0.11 0.0.10,not mentioned,
azure,0.0.8,0.0.16,azmcp-postgres-table-schema,TOOL_ADDED,,C4 new tool,patch,0.0.16 0.0.15 0.0.14 0.0.13 0.0.12 0.0.11 0.0.10,not mentioned,
azure,0.0.8,0.0.16,azmcp-search-index-describe,TOOL_ADDED,,C4 new tool,patch,0.0.16 0.0.15 0.0.14 0.0.13 0.0.12 0.0.11 0.0.10,not mentioned,
azure,0.0.8,0.0.16,azmcp-search-index-list,TOOL_ADDED,,C4 new tool,patch,0.0.16 0.0.15 0.0.14 0.0.13 0.0.12 0.0.11 0.0.10,not mentioned,
azure,0.0.8,0.0.16,azmcp-search-index-query,TOOL_ADDED,,C4 new tool,patch,0.0.16 0.0.15 0.0.14 0.0.13 0.0.12 0.0.11 0.0.10,not mentioned,
azure,0.0.8,0.0.16,azmcp-search-service-list,TOOL_ADDED,,C4 new tool,patch,0.0.16 0.0.15 0.0.14 0.0.13 0.0.12 0.0.11 0.0.10,not mentioned,
azure,0.0.8,0.0.16,azmcp-servicebus-queue-details,TOOL_ADDED,,C4 new tool,patch,0.0.16 0.0.15 0.0.14 0.0.13 0.0.12 0.0.11 0.0.10,not mentioned,
azure,0.0.8,0.0.16,azmcp-servicebus-queue-peek,TOOL_ADDED,,C4 new tool,patch,0.0.16 0.0.15 0.0.14 0.0.13 0.0.12 0.0.11 0.0.10,not mentioned,
azure,0.0.8,0.0.16,azmcp-servicebus-topic-details,TOOL_ADDED,,C4 new tool,patch,0.0.16 0.0.15 0.0.14 0.0.13 0.0.12 0.0.11 0.0.10,not mentioned,
azure,0.0.8,0.0.16,azmcp-servicebus-topic-subscription-details,TOOL_ADDED,,C4 new tool,patch,0.0.16 0.0.15 0.0.14 0.0.13 0.0.12 0.0.11 0.0.10,not mentioned,
azure,0.0.8,0.0.16,azmcp-servicebus-topic-subscription-peek,TOOL_ADDED,,C4 new tool,patch,0.0.16 0.0.15 0.0.14 0.0.13 0.0.12 0.0.11 0.0.10,not mentioned,
azure,0.0.16,0.1.2,azmcp-monitor-healthmodels-entity-gethealth,TOOL_ADDED,,C4 new tool,minor on 0.x (breaking by convention),0.1.2 0.1.1 0.1.0 0.0.21 0.0.20 0.0.19 0.0.18 0.0.17,not mentioned,
azure,0.0.16,0.1.2,azmcp-redis-cache-accesspolicy-list,TOOL_ADDED,,C4 new tool,minor on 0.x (breaking by convention),0.1.2 0.1.1 0.1.0 0.0.21 0.0.20 0.0.19 0.0.18 0.0.17,not mentioned,
azure,0.0.16,0.1.2,azmcp-redis-cache-list,TOOL_ADDED,,C4 new tool,minor on 0.x (breaking by convention),0.1.2 0.1.1 0.1.0 0.0.21 0.0.20 0.0.19 0.0.18 0.0.17,not mentioned,
azure,0.0.16,0.1.2,azmcp-redis-cluster-database-list,TOOL_ADDED,,C4 new tool,minor on 0.x (breaking by convention),0.1.2 0.1.1 0.1.0 0.0.21 0.0.20 0.0.19 0.0.18 0.0.17,not mentioned,
azure,0.0.16,0.1.2,azmcp-redis-cluster-list,TOOL_ADDED,,C4 new tool,minor on 0.x (breaking by convention),0.1.2 0.1.1 0.1.0 0.0.21 0.0.20 0.0.19 0.0.18 0.0.17,not mentioned,
azure,0.0.16,0.1.2,azmcp-appconfig-account-list,SCHEMA_CONSTRAINT,types/enums/defaults/limits changed,C2b contract change,minor on 0.x (breaking by convention),0.1.2 0.1.1 0.1.0 0.0.21 0.0.20 0.0.19 0.0.18 0.0.17,not mentioned,
azure,0.0.16,0.1.2,azmcp-appconfig-kv-delete,SCHEMA_CONSTRAINT,types/enums/defaults/limits changed,C2b contract change,minor on 0.x (breaking by convention),0.1.2 0.1.1 0.1.0 0.0.21 0.0.20 0.0.19 0.0.18 0.0.17,not mentioned,
azure,0.0.16,0.1.2,azmcp-appconfig-kv-list,SCHEMA_CONSTRAINT,types/enums/defaults/limits changed,C2b contract change,minor on 0.x (breaking by convention),0.1.2 0.1.1 0.1.0 0.0.21 0.0.20 0.0.19 0.0.18 0.0.17,not mentioned,
azure,0.0.16,0.1.2,azmcp-appconfig-kv-lock,SCHEMA_CONSTRAINT,types/enums/defaults/limits changed,C2b contract change,minor on 0.x (breaking by convention),0.1.2 0.1.1 0.1.0 0.0.21 0.0.20 0.0.19 0.0.18 0.0.17,not mentioned,
azure,0.0.16,0.1.2,azmcp-appconfig-kv-set,SCHEMA_CONSTRAINT,types/enums/defaults/limits changed,C2b contract change,minor on 0.x (breaking by convention),0.1.2 0.1.1 0.1.0 0.0.21 0.0.20 0.0.19 0.0.18 0.0.17,not mentioned,
azure,0.0.16,0.1.2,azmcp-appconfig-kv-show,SCHEMA_CONSTRAINT,types/enums/defaults/limits changed,C2b contract change,minor on 0.x (breaking by convention),0.1.2 0.1.1 0.1.0 0.0.21 0.0.20 0.0.19 0.0.18 0.0.17,not mentioned,
azure,0.0.16,0.1.2,azmcp-appconfig-kv-unlock,SCHEMA_CONSTRAINT,types/enums/defaults/limits changed,C2b contract change,minor on 0.x (breaking by convention),0.1.2 0.1.1 0.1.0 0.0.21 0.0.20 0.0.19 0.0.18 0.0.17,not mentioned,
azure,0.0.16,0.1.2,azmcp-cosmos-account-list,SCHEMA_CONSTRAINT,types/enums/defaults/limits changed,C2b contract change,minor on 0.x (breaking by convention),0.1.2 0.1.1 0.1.0 0.0.21 0.0.20 0.0.19 0.0.18 0.0.17,not mentioned,
azure,0.0.16,0.1.2,azmcp-cosmos-database-container-item-query,SCHEMA_CONSTRAINT,types/enums/defaults/limits changed,C2b contract change,minor on 0.x (breaking by convention),0.1.2 0.1.1 0.1.0 0.0.21 0.0.20 0.0.19 0.0.18 0.0.17,not mentioned,
azure,0.0.16,0.1.2,azmcp-cosmos-database-container-list,SCHEMA_CONSTRAINT,types/enums/defaults/limits changed,C2b contract change,minor on 0.x (breaking by convention),0.1.2 0.1.1 0.1.0 0.0.21 0.0.20 0.0.19 0.0.18 0.0.17,not mentioned,
azure,0.0.16,0.1.2,azmcp-cosmos-database-list,SCHEMA_CONSTRAINT,types/enums/defaults/limits changed,C2b contract change,minor on 0.x (breaking by convention),0.1.2 0.1.1 0.1.0 0.0.21 0.0.20 0.0.19 0.0.18 0.0.17,not mentioned,
azure,0.0.16,0.1.2,azmcp-extension-az,SCHEMA_CONSTRAINT,types/enums/defaults/limits changed,C2b contract change,minor on 0.x (breaking by convention),0.1.2 0.1.1 0.1.0 0.0.21 0.0.20 0.0.19 0.0.18 0.0.17,not mentioned,
azure,0.0.16,0.1.2,azmcp-extension-azd,SCHEMA_PARAM_ADDED,"cwd,environment,learn",C2 capability expansion,minor on 0.x (breaking by convention),0.1.2 0.1.1 0.1.0 0.0.21 0.0.20 0.0.19 0.0.18 0.0.17,not mentioned,
azure,0.0.16,0.1.2,azmcp-group-list,SCHEMA_CONSTRAINT,types/enums/defaults/limits changed,C2b contract change,minor on 0.x (breaking by convention),0.1.2 0.1.1 0.1.0 0.0.21 0.0.20 0.0.19 0.0.18 0.0.17,not mentioned,
azure,0.0.16,0.1.2,azmcp-keyvault-key-create,SCHEMA_CONSTRAINT,types/enums/defaults/limits changed,C2b contract change,minor on 0.x (breaking by convention),0.1.2 0.1.1 0.1.0 0.0.21 0.0.20 0.0.19 0.0.18 0.0.17,not mentioned,
azure,0.0.16,0.1.2,azmcp-keyvault-key-get,SCHEMA_CONSTRAINT,types/enums/defaults/limits changed,C2b contract change,minor on 0.x (breaking by convention),0.1.2 0.1.1 0.1.0 0.0.21 0.0.20 0.0.19 0.0.18 0.0.17,not mentioned,
azure,0.0.16,0.1.2,azmcp-keyvault-key-list,SCHEMA_PARAM_ADDED,include-managed,C2 capability expansion,minor on 0.x (breaking by convention),0.1.2 0.1.1 0.1.0 0.0.21 0.0.20 0.0.19 0.0.18 0.0.17,not mentioned,
azure,0.0.16,0.1.2,azmcp-kusto-cluster-get,SCHEMA_CONSTRAINT,types/enums/defaults/limits changed,C2b contract change,minor on 0.x (breaking by convention),0.1.2 0.1.1 0.1.0 0.0.21 0.0.20 0.0.19 0.0.18 0.0.17,not mentioned,
azure,0.0.16,0.1.2,azmcp-kusto-cluster-list,SCHEMA_CONSTRAINT,types/enums/defaults/limits changed,C2b contract change,minor on 0.x (breaking by convention),0.1.2 0.1.1 0.1.0 0.0.21 0.0.20 0.0.19 0.0.18 0.0.17,not mentioned,
azure,0.0.16,0.1.2,azmcp-kusto-database-list,SCHEMA_CONSTRAINT,types/enums/defaults/limits changed,C2b contract change,minor on 0.x (breaking by convention),0.1.2 0.1.1 0.1.0 0.0.21 0.0.20 0.0.19 0.0.18 0.0.17,not mentioned,
azure,0.0.16,0.1.2,azmcp-kusto-query,SCHEMA_CONSTRAINT,types/enums/defaults/limits changed,C2b contract change,minor on 0.x (breaking by convention),0.1.2 0.1.1 0.1.0 0.0.21 0.0.20 0.0.19 0.0.18 0.0.17,not mentioned,
azure,0.0.16,0.1.2,azmcp-kusto-sample,SCHEMA_PARAM_ADDED,limit,C2 capability expansion,minor on 0.x (breaking by convention),0.1.2 0.1.1 0.1.0 0.0.21 0.0.20 0.0.19 0.0.18 0.0.17,not mentioned,
azure,0.0.16,0.1.2,azmcp-kusto-table-list,SCHEMA_CONSTRAINT,types/enums/defaults/limits changed,C2b contract change,minor on 0.x (breaking by convention),0.1.2 0.1.1 0.1.0 0.0.21 0.0.20 0.0.19 0.0.18 0.0.17,not mentioned,
azure,0.0.16,0.1.2,azmcp-kusto-table-schema,SCHEMA_CONSTRAINT,types/enums/defaults/limits changed,C2b contract change,minor on 0.x (breaking by convention),0.1.2 0.1.1 0.1.0 0.0.21 0.0.20 0.0.19 0.0.18 0.0.17,not mentioned,
azure,0.0.16,0.1.2,azmcp-monitor-log-query,SCHEMA_REQUIRED_CHANGED,"+['hours', 'limit'] -[]",C2b contract change,minor on 0.x (breaking by convention),0.1.2 0.1.1 0.1.0 0.0.21 0.0.20 0.0.19 0.0.18 0.0.17,not mentioned,
azure,0.0.16,0.1.2,azmcp-monitor-table-list,SCHEMA_CONSTRAINT,types/enums/defaults/limits changed,C2b contract change,minor on 0.x (breaking by convention),0.1.2 0.1.1 0.1.0 0.0.21 0.0.20 0.0.19 0.0.18 0.0.17,not mentioned,
azure,0.0.16,0.1.2,azmcp-monitor-table-type-list,SCHEMA_PARAM_ADDED,resource-group,C2 capability expansion,minor on 0.x (breaking by convention),0.1.2 0.1.1 0.1.0 0.0.21 0.0.20 0.0.19 0.0.18 0.0.17,not mentioned,
azure,0.0.16,0.1.2,azmcp-monitor-workspace-list,SCHEMA_CONSTRAINT,types/enums/defaults/limits changed,C2b contract change,minor on 0.x (breaking by convention),0.1.2 0.1.1 0.1.0 0.0.21 0.0.20 0.0.19 0.0.18 0.0.17,not mentioned,
azure,0.0.16,0.1.2,azmcp-postgres-database-list,SCHEMA_CONSTRAINT,types/enums/defaults/limits changed,C2b contract change,minor on 0.x (breaking by convention),0.1.2 0.1.1 0.1.0 0.0.21 0.0.20 0.0.19 0.0.18 0.0.17,not mentioned,
azure,0.0.16,0.1.2,azmcp-postgres-database-query,SCHEMA_CONSTRAINT,types/enums/defaults/limits changed,C2b contract change,minor on 0.x (breaking by convention),0.1.2 0.1.1 0.1.0 0.0.21 0.0.20 0.0.19 0.0.18 0.0.17,not mentioned,
azure,0.0.16,0.1.2,azmcp-postgres-server-config,SCHEMA_CONSTRAINT,types/enums/defaults/limits changed,C2b contract change,minor on 0.x (breaking by convention),0.1.2 0.1.1 0.1.0 0.0.21 0.0.20 0.0.19 0.0.18 0.0.17,not mentioned,
azure,0.0.16,0.1.2,azmcp-postgres-server-list,SCHEMA_CONSTRAINT,types/enums/defaults/limits changed,C2b contract change,minor on 0.x (breaking by convention),0.1.2 0.1.1 0.1.0 0.0.21 0.0.20 0.0.19 0.0.18 0.0.17,not mentioned,
azure,0.0.16,0.1.2,azmcp-postgres-server-param,SCHEMA_CONSTRAINT,types/enums/defaults/limits changed,C2b contract change,minor on 0.x (breaking by convention),0.1.2 0.1.1 0.1.0 0.0.21 0.0.20 0.0.19 0.0.18 0.0.17,not mentioned,
azure,0.0.16,0.1.2,azmcp-postgres-table-list,SCHEMA_CONSTRAINT,types/enums/defaults/limits changed,C2b contract change,minor on 0.x (breaking by convention),0.1.2 0.1.1 0.1.0 0.0.21 0.0.20 0.0.19 0.0.18 0.0.17,not mentioned,
azure,0.0.16,0.1.2,azmcp-postgres-table-schema,SCHEMA_CONSTRAINT,types/enums/defaults/limits changed,C2b contract change,minor on 0.x (breaking by convention),0.1.2 0.1.1 0.1.0 0.0.21 0.0.20 0.0.19 0.0.18 0.0.17,not mentioned,
azure,0.0.16,0.1.2,azmcp-search-index-describe,SCHEMA_CONSTRAINT,types/enums/defaults/limits changed,C2b contract change,minor on 0.x (breaking by convention),0.1.2 0.1.1 0.1.0 0.0.21 0.0.20 0.0.19 0.0.18 0.0.17,not mentioned,
azure,0.0.16,0.1.2,azmcp-search-index-list,SCHEMA_CONSTRAINT,types/enums/defaults/limits changed,C2b contract change,minor on 0.x (breaking by convention),0.1.2 0.1.1 0.1.0 0.0.21 0.0.20 0.0.19 0.0.18 0.0.17,not mentioned,
azure,0.0.16,0.1.2,azmcp-search-index-query,SCHEMA_CONSTRAINT,types/enums/defaults/limits changed,C2b contract change,minor on 0.x (breaking by convention),0.1.2 0.1.1 0.1.0 0.0.21 0.0.20 0.0.19 0.0.18 0.0.17,not mentioned,
azure,0.0.16,0.1.2,azmcp-search-service-list,SCHEMA_CONSTRAINT,types/enums/defaults/limits changed,C2b contract change,minor on 0.x (breaking by convention),0.1.2 0.1.1 0.1.0 0.0.21 0.0.20 0.0.19 0.0.18 0.0.17,not mentioned,
azure,0.0.16,0.1.2,azmcp-servicebus-queue-details,SCHEMA_CONSTRAINT,types/enums/defaults/limits changed,C2b contract change,minor on 0.x (breaking by convention),0.1.2 0.1.1 0.1.0 0.0.21 0.0.20 0.0.19 0.0.18 0.0.17,not mentioned,
azure,0.0.16,0.1.2,azmcp-servicebus-topic-details,SCHEMA_CONSTRAINT,types/enums/defaults/limits changed,C2b contract change,minor on 0.x (breaking by convention),0.1.2 0.1.1 0.1.0 0.0.21 0.0.20 0.0.19 0.0.18 0.0.17,not mentioned,
azure,0.0.16,0.1.2,azmcp-servicebus-topic-subscription-details,SCHEMA_CONSTRAINT,types/enums/defaults/limits changed,C2b contract change,minor on 0.x (breaking by convention),0.1.2 0.1.1 0.1.0 0.0.21 0.0.20 0.0.19 0.0.18 0.0.17,not mentioned,
azure,0.0.16,0.1.2,azmcp-storage-account-list,SCHEMA_CONSTRAINT,types/enums/defaults/limits changed,C2b contract change,minor on 0.x (breaking by convention),0.1.2 0.1.1 0.1.0 0.0.21 0.0.20 0.0.19 0.0.18 0.0.17,not mentioned,
azure,0.0.16,0.1.2,azmcp-storage-blob-container-details,SCHEMA_CONSTRAINT,types/enums/defaults/limits changed,C2b contract change,minor on 0.x (breaking by convention),0.1.2 0.1.1 0.1.0 0.0.21 0.0.20 0.0.19 0.0.18 0.0.17,not mentioned,
azure,0.0.16,0.1.2,azmcp-storage-blob-container-list,SCHEMA_CONSTRAINT,types/enums/defaults/limits changed,C2b contract change,minor on 0.x (breaking by convention),0.1.2 0.1.1 0.1.0 0.0.21 0.0.20 0.0.19 0.0.18 0.0.17,not mentioned,
azure,0.0.16,0.1.2,azmcp-storage-blob-list,SCHEMA_CONSTRAINT,types/enums/defaults/limits changed,C2b contract change,minor on 0.x (breaking by convention),0.1.2 0.1.1 0.1.0 0.0.21 0.0.20 0.0.19 0.0.18 0.0.17,not mentioned,
azure,0.0.16,0.1.2,azmcp-storage-table-list,SCHEMA_CONSTRAINT,types/enums/defaults/limits changed,C2b contract change,minor on 0.x (breaking by convention),0.1.2 0.1.1 0.1.0 0.0.21 0.0.20 0.0.19 0.0.18 0.0.17,not mentioned,
azure,0.0.16,0.1.2,azmcp-subscription-list,SCHEMA_CONSTRAINT,types/enums/defaults/limits changed,C2b contract change,minor on 0.x (breaking by convention),0.1.2 0.1.1 0.1.0 0.0.21 0.0.20 0.0.19 0.0.18 0.0.17,not mentioned,
azure,0.1.2,0.3.0,azmcp-bicepschema-get,TOOL_ADDED,,C4 new tool,minor on 0.x (breaking by convention),0.3.0 0.2.6 0.2.5 0.2.4 0.2.3 0.2.2 0.2.1 0.2.0,not mentioned,
azure,0.1.2,0.3.0,azmcp-datadog-monitoredresources-list,TOOL_ADDED,,C4 new tool,minor on 0.x (breaking by convention),0.3.0 0.2.6 0.2.5 0.2.4 0.2.3 0.2.2 0.2.1 0.2.0,tool named,
azure,0.1.2,0.3.0,azmcp-foundry-models-deploy,TOOL_ADDED,,C4 new tool,minor on 0.x (breaking by convention),0.3.0 0.2.6 0.2.5 0.2.4 0.2.3 0.2.2 0.2.1 0.2.0,tool named,
azure,0.1.2,0.3.0,azmcp-foundry-models-deployments-list,TOOL_ADDED,,C4 new tool,minor on 0.x (breaking by convention),0.3.0 0.2.6 0.2.5 0.2.4 0.2.3 0.2.2 0.2.1 0.2.0,tool named,
azure,0.1.2,0.3.0,azmcp-foundry-models-list,TOOL_ADDED,,C4 new tool,minor on 0.x (breaking by convention),0.3.0 0.2.6 0.2.5 0.2.4 0.2.3 0.2.2 0.2.1 0.2.0,tool named,
azure,0.1.2,0.3.0,azmcp-keyvault-secret-get,TOOL_ADDED,,C4 new tool,minor on 0.x (breaking by convention),0.3.0 0.2.6 0.2.5 0.2.4 0.2.3 0.2.2 0.2.1 0.2.0,not mentioned,
azure,0.1.2,0.3.0,azmcp-monitor-metrics-definitions,TOOL_ADDED,,C4 new tool,minor on 0.x (breaking by convention),0.3.0 0.2.6 0.2.5 0.2.4 0.2.3 0.2.2 0.2.1 0.2.0,tool named,
azure,0.1.2,0.3.0,azmcp-monitor-metrics-query,TOOL_ADDED,,C4 new tool,minor on 0.x (breaking by convention),0.3.0 0.2.6 0.2.5 0.2.4 0.2.3 0.2.2 0.2.1 0.2.0,tool named,
azure,0.1.2,0.3.0,azmcp-monitor-resource-log-query,TOOL_ADDED,,C4 new tool,minor on 0.x (breaking by convention),0.3.0 0.2.6 0.2.5 0.2.4 0.2.3 0.2.2 0.2.1 0.2.0,not mentioned,
azure,0.1.2,0.3.0,azmcp-monitor-workspace-log-query,TOOL_ADDED,,C4 new tool,minor on 0.x (breaking by convention),0.3.0 0.2.6 0.2.5 0.2.4 0.2.3 0.2.2 0.2.1 0.2.0,not mentioned,
azure,0.1.2,0.3.0,azmcp-postgres-server-setparam,TOOL_ADDED,,C4 new tool,minor on 0.x (breaking by convention),0.3.0 0.2.6 0.2.5 0.2.4 0.2.3 0.2.2 0.2.1 0.2.0,not mentioned,
azure,0.1.2,0.3.0,azmcp-role-assignment-list,TOOL_ADDED,,C4 new tool,minor on 0.x (breaking by convention),0.3.0 0.2.6 0.2.5 0.2.4 0.2.3 0.2.2 0.2.1 0.2.0,not mentioned,
azure,0.1.2,0.3.0,azmcp-appconfig-account-list,HINT_INTRODUCED,readOnlyHint: False->True (safer),C3b risk hint introduced,minor on 0.x (breaking by convention),0.3.0 0.2.6 0.2.5 0.2.4 0.2.3 0.2.2 0.2.1 0.2.0,hints mentioned generally,
azure,0.1.2,0.3.0,azmcp-appconfig-account-list,HINT_INTRODUCED,destructiveHint: True->False (safer),C3b risk hint introduced,minor on 0.x (breaking by convention),0.3.0 0.2.6 0.2.5 0.2.4 0.2.3 0.2.2 0.2.1 0.2.0,hints mentioned generally,
azure,0.1.2,0.3.0,azmcp-appconfig-kv-list,HINT_INTRODUCED,readOnlyHint: False->True (safer),C3b risk hint introduced,minor on 0.x (breaking by convention),0.3.0 0.2.6 0.2.5 0.2.4 0.2.3 0.2.2 0.2.1 0.2.0,hints mentioned generally,
azure,0.1.2,0.3.0,azmcp-appconfig-kv-list,HINT_INTRODUCED,destructiveHint: True->False (safer),C3b risk hint introduced,minor on 0.x (breaking by convention),0.3.0 0.2.6 0.2.5 0.2.4 0.2.3 0.2.2 0.2.1 0.2.0,hints mentioned generally,
azure,0.1.2,0.3.0,azmcp-appconfig-kv-lock,HINT_INTRODUCED,destructiveHint: True->False (safer),C3b risk hint introduced,minor on 0.x (breaking by convention),0.3.0 0.2.6 0.2.5 0.2.4 0.2.3 0.2.2 0.2.1 0.2.0,hints mentioned generally,
azure,0.1.2,0.3.0,azmcp-appconfig-kv-set,HINT_INTRODUCED,destructiveHint: True->False (safer),C3b risk hint introduced,minor on 0.x (breaking by convention),0.3.0 0.2.6 0.2.5 0.2.4 0.2.3 0.2.2 0.2.1 0.2.0,hints mentioned generally,
azure,0.1.2,0.3.0,azmcp-appconfig-kv-show,HINT_INTRODUCED,readOnlyHint: False->True (safer),C3b risk hint introduced,minor on 0.x (breaking by convention),0.3.0 0.2.6 0.2.5 0.2.4 0.2.3 0.2.2 0.2.1 0.2.0,hints mentioned generally,
azure,0.1.2,0.3.0,azmcp-appconfig-kv-show,HINT_INTRODUCED,destructiveHint: True->False (safer),C3b risk hint introduced,minor on 0.x (breaking by convention),0.3.0 0.2.6 0.2.5 0.2.4 0.2.3 0.2.2 0.2.1 0.2.0,hints mentioned generally,
azure,0.1.2,0.3.0,azmcp-appconfig-kv-unlock,HINT_INTRODUCED,destructiveHint: True->False (safer),C3b risk hint introduced,minor on 0.x (breaking by convention),0.3.0 0.2.6 0.2.5 0.2.4 0.2.3 0.2.2 0.2.1 0.2.0,hints mentioned generally,
azure,0.1.2,0.3.0,azmcp-bestpractices-get,SCHEMA_CONSTRAINT,types/enums/defaults/limits changed,C2b contract change,minor on 0.x (breaking by convention),0.3.0 0.2.6 0.2.5 0.2.4 0.2.3 0.2.2 0.2.1 0.2.0,not mentioned,
azure,0.1.2,0.3.0,azmcp-bestpractices-get,HINT_INTRODUCED,readOnlyHint: False->True (safer),C3b risk hint introduced,minor on 0.x (breaking by convention),0.3.0 0.2.6 0.2.5 0.2.4 0.2.3 0.2.2 0.2.1 0.2.0,hints mentioned generally,
azure,0.1.2,0.3.0,azmcp-bestpractices-get,HINT_INTRODUCED,destructiveHint: True->False (safer),C3b risk hint introduced,minor on 0.x (breaking by convention),0.3.0 0.2.6 0.2.5 0.2.4 0.2.3 0.2.2 0.2.1 0.2.0,hints mentioned generally,
azure,0.1.2,0.3.0,azmcp-cosmos-account-list,HINT_INTRODUCED,readOnlyHint: False->True (safer),C3b risk hint introduced,minor on 0.x (breaking by convention),0.3.0 0.2.6 0.2.5 0.2.4 0.2.3 0.2.2 0.2.1 0.2.0,hints mentioned generally,
azure,0.1.2,0.3.0,azmcp-cosmos-account-list,HINT_INTRODUCED,destructiveHint: True->False (safer),C3b risk hint introduced,minor on 0.x (breaking by convention),0.3.0 0.2.6 0.2.5 0.2.4 0.2.3 0.2.2 0.2.1 0.2.0,hints mentioned generally,
azure,0.1.2,0.3.0,azmcp-cosmos-database-container-item-query,HINT_INTRODUCED,readOnlyHint: False->True (safer),C3b risk hint introduced,minor on 0.x (breaking by convention),0.3.0 0.2.6 0.2.5 0.2.4 0.2.3 0.2.2 0.2.1 0.2.0,hints mentioned generally,
azure,0.1.2,0.3.0,azmcp-cosmos-database-container-item-query,HINT_INTRODUCED,destructiveHint: True->False (safer),C3b risk hint introduced,minor on 0.x (breaking by convention),0.3.0 0.2.6 0.2.5 0.2.4 0.2.3 0.2.2 0.2.1 0.2.0,hints mentioned generally,
azure,0.1.2,0.3.0,azmcp-cosmos-database-container-list,HINT_INTRODUCED,readOnlyHint: False->True (safer),C3b risk hint introduced,minor on 0.x (breaking by convention),0.3.0 0.2.6 0.2.5 0.2.4 0.2.3 0.2.2 0.2.1 0.2.0,hints mentioned generally,
azure,0.1.2,0.3.0,azmcp-cosmos-database-container-list,HINT_INTRODUCED,destructiveHint: True->False (safer),C3b risk hint introduced,minor on 0.x (breaking by convention),0.3.0 0.2.6 0.2.5 0.2.4 0.2.3 0.2.2 0.2.1 0.2.0,hints mentioned generally,
azure,0.1.2,0.3.0,azmcp-cosmos-database-list,HINT_INTRODUCED,readOnlyHint: False->True (safer),C3b risk hint introduced,minor on 0.x (breaking by convention),0.3.0 0.2.6 0.2.5 0.2.4 0.2.3 0.2.2 0.2.1 0.2.0,hints mentioned generally,
azure,0.1.2,0.3.0,azmcp-cosmos-database-list,HINT_INTRODUCED,destructiveHint: True->False (safer),C3b risk hint introduced,minor on 0.x (breaking by convention),0.3.0 0.2.6 0.2.5 0.2.4 0.2.3 0.2.2 0.2.1 0.2.0,hints mentioned generally,
azure,0.1.2,0.3.0,azmcp-group-list,HINT_INTRODUCED,readOnlyHint: False->True (safer),C3b risk hint introduced,minor on 0.x (breaking by convention),0.3.0 0.2.6 0.2.5 0.2.4 0.2.3 0.2.2 0.2.1 0.2.0,hints mentioned generally,
azure,0.1.2,0.3.0,azmcp-group-list,HINT_INTRODUCED,destructiveHint: True->False (safer),C3b risk hint introduced,minor on 0.x (breaking by convention),0.3.0 0.2.6 0.2.5 0.2.4 0.2.3 0.2.2 0.2.1 0.2.0,hints mentioned generally,
azure,0.1.2,0.3.0,azmcp-keyvault-key-create,HINT_INTRODUCED,destructiveHint: True->False (safer),C3b risk hint introduced,minor on 0.x (breaking by convention),0.3.0 0.2.6 0.2.5 0.2.4 0.2.3 0.2.2 0.2.1 0.2.0,hints mentioned generally,
azure,0.1.2,0.3.0,azmcp-keyvault-key-get,HINT_INTRODUCED,readOnlyHint: False->True (safer),C3b risk hint introduced,minor on 0.x (breaking by convention),0.3.0 0.2.6 0.2.5 0.2.4 0.2.3 0.2.2 0.2.1 0.2.0,hints mentioned generally,
azure,0.1.2,0.3.0,azmcp-keyvault-key-get,HINT_INTRODUCED,destructiveHint: True->False (safer),C3b risk hint introduced,minor on 0.x (breaking by convention),0.3.0 0.2.6 0.2.5 0.2.4 0.2.3 0.2.2 0.2.1 0.2.0,hints mentioned generally,
azure,0.1.2,0.3.0,azmcp-keyvault-key-list,HINT_INTRODUCED,readOnlyHint: False->True (safer),C3b risk hint introduced,minor on 0.x (breaking by convention),0.3.0 0.2.6 0.2.5 0.2.4 0.2.3 0.2.2 0.2.1 0.2.0,hints mentioned generally,
azure,0.1.2,0.3.0,azmcp-keyvault-key-list,HINT_INTRODUCED,destructiveHint: True->False (safer),C3b risk hint introduced,minor on 0.x (breaking by convention),0.3.0 0.2.6 0.2.5 0.2.4 0.2.3 0.2.2 0.2.1 0.2.0,hints mentioned generally,
azure,0.1.2,0.3.0,azmcp-kusto-cluster-get,HINT_INTRODUCED,readOnlyHint: False->True (safer),C3b risk hint introduced,minor on 0.x (breaking by convention),0.3.0 0.2.6 0.2.5 0.2.4 0.2.3 0.2.2 0.2.1 0.2.0,hints mentioned generally,
azure,0.1.2,0.3.0,azmcp-kusto-cluster-get,HINT_INTRODUCED,destructiveHint: True->False (safer),C3b risk hint introduced,minor on 0.x (breaking by convention),0.3.0 0.2.6 0.2.5 0.2.4 0.2.3 0.2.2 0.2.1 0.2.0,hints mentioned generally,
azure,0.1.2,0.3.0,azmcp-kusto-database-list,HINT_INTRODUCED,readOnlyHint: False->True (safer),C3b risk hint introduced,minor on 0.x (breaking by convention),0.3.0 0.2.6 0.2.5 0.2.4 0.2.3 0.2.2 0.2.1 0.2.0,tool named,
azure,0.1.2,0.3.0,azmcp-kusto-database-list,HINT_INTRODUCED,destructiveHint: True->False (safer),C3b risk hint introduced,minor on 0.x (breaking by convention),0.3.0 0.2.6 0.2.5 0.2.4 0.2.3 0.2.2 0.2.1 0.2.0,tool named,
azure,0.1.2,0.3.0,azmcp-kusto-query,HINT_INTRODUCED,readOnlyHint: False->True (safer),C3b risk hint introduced,minor on 0.x (breaking by convention),0.3.0 0.2.6 0.2.5 0.2.4 0.2.3 0.2.2 0.2.1 0.2.0,hints mentioned generally,
azure,0.1.2,0.3.0,azmcp-kusto-query,HINT_INTRODUCED,destructiveHint: True->False (safer),C3b risk hint introduced,minor on 0.x (breaking by convention),0.3.0 0.2.6 0.2.5 0.2.4 0.2.3 0.2.2 0.2.1 0.2.0,hints mentioned generally,
azure,0.1.2,0.3.0,azmcp-kusto-sample,HINT_INTRODUCED,readOnlyHint: False->True (safer),C3b risk hint introduced,minor on 0.x (breaking by convention),0.3.0 0.2.6 0.2.5 0.2.4 0.2.3 0.2.2 0.2.1 0.2.0,tool named,
azure,0.1.2,0.3.0,azmcp-kusto-sample,HINT_INTRODUCED,destructiveHint: True->False (safer),C3b risk hint introduced,minor on 0.x (breaking by convention),0.3.0 0.2.6 0.2.5 0.2.4 0.2.3 0.2.2 0.2.1 0.2.0,tool named,
azure,0.1.2,0.3.0,azmcp-kusto-table-list,HINT_INTRODUCED,readOnlyHint: False->True (safer),C3b risk hint introduced,minor on 0.x (breaking by convention),0.3.0 0.2.6 0.2.5 0.2.4 0.2.3 0.2.2 0.2.1 0.2.0,tool named,
azure,0.1.2,0.3.0,azmcp-kusto-table-list,HINT_INTRODUCED,destructiveHint: True->False (safer),C3b risk hint introduced,minor on 0.x (breaking by convention),0.3.0 0.2.6 0.2.5 0.2.4 0.2.3 0.2.2 0.2.1 0.2.0,tool named,
azure,0.1.2,0.3.0,azmcp-kusto-table-schema,HINT_INTRODUCED,readOnlyHint: False->True (safer),C3b risk hint introduced,minor on 0.x (breaking by convention),0.3.0 0.2.6 0.2.5 0.2.4 0.2.3 0.2.2 0.2.1 0.2.0,tool named,
azure,0.1.2,0.3.0,azmcp-kusto-table-schema,HINT_INTRODUCED,destructiveHint: True->False (safer),C3b risk hint introduced,minor on 0.x (breaking by convention),0.3.0 0.2.6 0.2.5 0.2.4 0.2.3 0.2.2 0.2.1 0.2.0,tool named,
azure,0.1.2,0.3.0,azmcp-monitor-healthmodels-entity-gethealth,HINT_INTRODUCED,readOnlyHint: False->True (safer),C3b risk hint introduced,minor on 0.x (breaking by convention),0.3.0 0.2.6 0.2.5 0.2.4 0.2.3 0.2.2 0.2.1 0.2.0,hints mentioned generally,
azure,0.1.2,0.3.0,azmcp-monitor-healthmodels-entity-gethealth,HINT_INTRODUCED,destructiveHint: True->False (safer),C3b risk hint introduced,minor on 0.x (breaking by convention),0.3.0 0.2.6 0.2.5 0.2.4 0.2.3 0.2.2 0.2.1 0.2.0,hints mentioned generally,
azure,0.1.2,0.3.0,azmcp-monitor-table-list,HINT_INTRODUCED,readOnlyHint: False->True (safer),C3b risk hint introduced,minor on 0.x (breaking by convention),0.3.0 0.2.6 0.2.5 0.2.4 0.2.3 0.2.2 0.2.1 0.2.0,hints mentioned generally,
azure,0.1.2,0.3.0,azmcp-monitor-table-list,HINT_INTRODUCED,destructiveHint: True->False (safer),C3b risk hint introduced,minor on 0.x (breaking by convention),0.3.0 0.2.6 0.2.5 0.2.4 0.2.3 0.2.2 0.2.1 0.2.0,hints mentioned generally,
azure,0.1.2,0.3.0,azmcp-monitor-table-type-list,HINT_INTRODUCED,readOnlyHint: False->True (safer),C3b risk hint introduced,minor on 0.x (breaking by convention),0.3.0 0.2.6 0.2.5 0.2.4 0.2.3 0.2.2 0.2.1 0.2.0,hints mentioned generally,
azure,0.1.2,0.3.0,azmcp-monitor-table-type-list,HINT_INTRODUCED,destructiveHint: True->False (safer),C3b risk hint introduced,minor on 0.x (breaking by convention),0.3.0 0.2.6 0.2.5 0.2.4 0.2.3 0.2.2 0.2.1 0.2.0,hints mentioned generally,
azure,0.1.2,0.3.0,azmcp-monitor-workspace-list,HINT_INTRODUCED,readOnlyHint: False->True (safer),C3b risk hint introduced,minor on 0.x (breaking by convention),0.3.0 0.2.6 0.2.5 0.2.4 0.2.3 0.2.2 0.2.1 0.2.0,hints mentioned generally,
azure,0.1.2,0.3.0,azmcp-monitor-workspace-list,HINT_INTRODUCED,destructiveHint: True->False (safer),C3b risk hint introduced,minor on 0.x (breaking by convention),0.3.0 0.2.6 0.2.5 0.2.4 0.2.3 0.2.2 0.2.1 0.2.0,hints mentioned generally,
azure,0.1.2,0.3.0,azmcp-postgres-database-list,HINT_INTRODUCED,readOnlyHint: False->True (safer),C3b risk hint introduced,minor on 0.x (breaking by convention),0.3.0 0.2.6 0.2.5 0.2.4 0.2.3 0.2.2 0.2.1 0.2.0,hints mentioned generally,
azure,0.1.2,0.3.0,azmcp-postgres-database-list,HINT_INTRODUCED,destructiveHint: True->False (safer),C3b risk hint introduced,minor on 0.x (breaking by convention),0.3.0 0.2.6 0.2.5 0.2.4 0.2.3 0.2.2 0.2.1 0.2.0,hints mentioned generally,
azure,0.1.2,0.3.0,azmcp-postgres-database-query,HINT_INTRODUCED,readOnlyHint: False->True (safer),C3b risk hint introduced,minor on 0.x (breaking by convention),0.3.0 0.2.6 0.2.5 0.2.4 0.2.3 0.2.2 0.2.1 0.2.0,hints mentioned generally,
azure,0.1.2,0.3.0,azmcp-postgres-database-query,HINT_INTRODUCED,destructiveHint: True->False (safer),C3b risk hint introduced,minor on 0.x (breaking by convention),0.3.0 0.2.6 0.2.5 0.2.4 0.2.3 0.2.2 0.2.1 0.2.0,hints mentioned generally,
azure,0.1.2,0.3.0,azmcp-postgres-server-config,HINT_INTRODUCED,readOnlyHint: False->True (safer),C3b risk hint introduced,minor on 0.x (breaking by convention),0.3.0 0.2.6 0.2.5 0.2.4 0.2.3 0.2.2 0.2.1 0.2.0,hints mentioned generally,
azure,0.1.2,0.3.0,azmcp-postgres-server-config,HINT_INTRODUCED,destructiveHint: True->False (safer),C3b risk hint introduced,minor on 0.x (breaking by convention),0.3.0 0.2.6 0.2.5 0.2.4 0.2.3 0.2.2 0.2.1 0.2.0,hints mentioned generally,
azure,0.1.2,0.3.0,azmcp-postgres-server-list,HINT_INTRODUCED,readOnlyHint: False->True (safer),C3b risk hint introduced,minor on 0.x (breaking by convention),0.3.0 0.2.6 0.2.5 0.2.4 0.2.3 0.2.2 0.2.1 0.2.0,hints mentioned generally,
azure,0.1.2,0.3.0,azmcp-postgres-server-list,HINT_INTRODUCED,destructiveHint: True->False (safer),C3b risk hint introduced,minor on 0.x (breaking by convention),0.3.0 0.2.6 0.2.5 0.2.4 0.2.3 0.2.2 0.2.1 0.2.0,hints mentioned generally,
azure,0.1.2,0.3.0,azmcp-postgres-server-param,HINT_INTRODUCED,readOnlyHint: False->True (safer),C3b risk hint introduced,minor on 0.x (breaking by convention),0.3.0 0.2.6 0.2.5 0.2.4 0.2.3 0.2.2 0.2.1 0.2.0,hints mentioned generally,
azure,0.1.2,0.3.0,azmcp-postgres-server-param,HINT_INTRODUCED,destructiveHint: True->False (safer),C3b risk hint introduced,minor on 0.x (breaking by convention),0.3.0 0.2.6 0.2.5 0.2.4 0.2.3 0.2.2 0.2.1 0.2.0,hints mentioned generally,
azure,0.1.2,0.3.0,azmcp-postgres-table-list,HINT_INTRODUCED,readOnlyHint: False->True (safer),C3b risk hint introduced,minor on 0.x (breaking by convention),0.3.0 0.2.6 0.2.5 0.2.4 0.2.3 0.2.2 0.2.1 0.2.0,hints mentioned generally,
azure,0.1.2,0.3.0,azmcp-postgres-table-list,HINT_INTRODUCED,destructiveHint: True->False (safer),C3b risk hint introduced,minor on 0.x (breaking by convention),0.3.0 0.2.6 0.2.5 0.2.4 0.2.3 0.2.2 0.2.1 0.2.0,hints mentioned generally,
azure,0.1.2,0.3.0,azmcp-postgres-table-schema,HINT_INTRODUCED,readOnlyHint: False->True (safer),C3b risk hint introduced,minor on 0.x (breaking by convention),0.3.0 0.2.6 0.2.5 0.2.4 0.2.3 0.2.2 0.2.1 0.2.0,hints mentioned generally,
azure,0.1.2,0.3.0,azmcp-postgres-table-schema,HINT_INTRODUCED,destructiveHint: True->False (safer),C3b risk hint introduced,minor on 0.x (breaking by convention),0.3.0 0.2.6 0.2.5 0.2.4 0.2.3 0.2.2 0.2.1 0.2.0,hints mentioned generally,
azure,0.1.2,0.3.0,azmcp-redis-cache-accesspolicy-list,HINT_INTRODUCED,readOnlyHint: False->True (safer),C3b risk hint introduced,minor on 0.x (breaking by convention),0.3.0 0.2.6 0.2.5 0.2.4 0.2.3 0.2.2 0.2.1 0.2.0,hints mentioned generally,
azure,0.1.2,0.3.0,azmcp-redis-cache-accesspolicy-list,HINT_INTRODUCED,destructiveHint: True->False (safer),C3b risk hint introduced,minor on 0.x (breaking by convention),0.3.0 0.2.6 0.2.5 0.2.4 0.2.3 0.2.2 0.2.1 0.2.0,hints mentioned generally,
azure,0.1.2,0.3.0,azmcp-redis-cache-list,HINT_INTRODUCED,readOnlyHint: False->True (safer),C3b risk hint introduced,minor on 0.x (breaking by convention),0.3.0 0.2.6 0.2.5 0.2.4 0.2.3 0.2.2 0.2.1 0.2.0,hints mentioned generally,
azure,0.1.2,0.3.0,azmcp-redis-cache-list,HINT_INTRODUCED,destructiveHint: True->False (safer),C3b risk hint introduced,minor on 0.x (breaking by convention),0.3.0 0.2.6 0.2.5 0.2.4 0.2.3 0.2.2 0.2.1 0.2.0,hints mentioned generally,
azure,0.1.2,0.3.0,azmcp-redis-cluster-database-list,HINT_INTRODUCED,readOnlyHint: False->True (safer),C3b risk hint introduced,minor on 0.x (breaking by convention),0.3.0 0.2.6 0.2.5 0.2.4 0.2.3 0.2.2 0.2.1 0.2.0,hints mentioned generally,
azure,0.1.2,0.3.0,azmcp-redis-cluster-database-list,HINT_INTRODUCED,destructiveHint: True->False (safer),C3b risk hint introduced,minor on 0.x (breaking by convention),0.3.0 0.2.6 0.2.5 0.2.4 0.2.3 0.2.2 0.2.1 0.2.0,hints mentioned generally,
azure,0.1.2,0.3.0,azmcp-redis-cluster-list,HINT_INTRODUCED,readOnlyHint: False->True (safer),C3b risk hint introduced,minor on 0.x (breaking by convention),0.3.0 0.2.6 0.2.5 0.2.4 0.2.3 0.2.2 0.2.1 0.2.0,hints mentioned generally,
azure,0.1.2,0.3.0,azmcp-redis-cluster-list,HINT_INTRODUCED,destructiveHint: True->False (safer),C3b risk hint introduced,minor on 0.x (breaking by convention),0.3.0 0.2.6 0.2.5 0.2.4 0.2.3 0.2.2 0.2.1 0.2.0,hints mentioned generally,
azure,0.1.2,0.3.0,azmcp-search-index-describe,HINT_INTRODUCED,readOnlyHint: False->True (safer),C3b risk hint introduced,minor on 0.x (breaking by convention),0.3.0 0.2.6 0.2.5 0.2.4 0.2.3 0.2.2 0.2.1 0.2.0,hints mentioned generally,
azure,0.1.2,0.3.0,azmcp-search-index-describe,HINT_INTRODUCED,destructiveHint: True->False (safer),C3b risk hint introduced,minor on 0.x (breaking by convention),0.3.0 0.2.6 0.2.5 0.2.4 0.2.3 0.2.2 0.2.1 0.2.0,hints mentioned generally,
azure,0.1.2,0.3.0,azmcp-search-index-list,HINT_INTRODUCED,readOnlyHint: False->True (safer),C3b risk hint introduced,minor on 0.x (breaking by convention),0.3.0 0.2.6 0.2.5 0.2.4 0.2.3 0.2.2 0.2.1 0.2.0,hints mentioned generally,
azure,0.1.2,0.3.0,azmcp-search-index-list,HINT_INTRODUCED,destructiveHint: True->False (safer),C3b risk hint introduced,minor on 0.x (breaking by convention),0.3.0 0.2.6 0.2.5 0.2.4 0.2.3 0.2.2 0.2.1 0.2.0,hints mentioned generally,
azure,0.1.2,0.3.0,azmcp-search-index-query,HINT_INTRODUCED,readOnlyHint: False->True (safer),C3b risk hint introduced,minor on 0.x (breaking by convention),0.3.0 0.2.6 0.2.5 0.2.4 0.2.3 0.2.2 0.2.1 0.2.0,hints mentioned generally,
azure,0.1.2,0.3.0,azmcp-search-index-query,HINT_INTRODUCED,destructiveHint: True->False (safer),C3b risk hint introduced,minor on 0.x (breaking by convention),0.3.0 0.2.6 0.2.5 0.2.4 0.2.3 0.2.2 0.2.1 0.2.0,hints mentioned generally,
azure,0.1.2,0.3.0,azmcp-search-service-list,HINT_INTRODUCED,readOnlyHint: False->True (safer),C3b risk hint introduced,minor on 0.x (breaking by convention),0.3.0 0.2.6 0.2.5 0.2.4 0.2.3 0.2.2 0.2.1 0.2.0,hints mentioned generally,
azure,0.1.2,0.3.0,azmcp-search-service-list,HINT_INTRODUCED,destructiveHint: True->False (safer),C3b risk hint introduced,minor on 0.x (breaking by convention),0.3.0 0.2.6 0.2.5 0.2.4 0.2.3 0.2.2 0.2.1 0.2.0,hints mentioned generally,
azure,0.1.2,0.3.0,azmcp-servicebus-queue-details,HINT_INTRODUCED,readOnlyHint: False->True (safer),C3b risk hint introduced,minor on 0.x (breaking by convention),0.3.0 0.2.6 0.2.5 0.2.4 0.2.3 0.2.2 0.2.1 0.2.0,hints mentioned generally,
azure,0.1.2,0.3.0,azmcp-servicebus-queue-details,HINT_INTRODUCED,destructiveHint: True->False (safer),C3b risk hint introduced,minor on 0.x (breaking by convention),0.3.0 0.2.6 0.2.5 0.2.4 0.2.3 0.2.2 0.2.1 0.2.0,hints mentioned generally,
azure,0.1.2,0.3.0,azmcp-servicebus-topic-details,HINT_INTRODUCED,readOnlyHint: False->True (safer),C3b risk hint introduced,minor on 0.x (breaking by convention),0.3.0 0.2.6 0.2.5 0.2.4 0.2.3 0.2.2 0.2.1 0.2.0,hints mentioned generally,
azure,0.1.2,0.3.0,azmcp-servicebus-topic-details,HINT_INTRODUCED,destructiveHint: True->False (safer),C3b risk hint introduced,minor on 0.x (breaking by convention),0.3.0 0.2.6 0.2.5 0.2.4 0.2.3 0.2.2 0.2.1 0.2.0,hints mentioned generally,
azure,0.1.2,0.3.0,azmcp-servicebus-topic-subscription-details,HINT_INTRODUCED,readOnlyHint: False->True (safer),C3b risk hint introduced,minor on 0.x (breaking by convention),0.3.0 0.2.6 0.2.5 0.2.4 0.2.3 0.2.2 0.2.1 0.2.0,hints mentioned generally,
azure,0.1.2,0.3.0,azmcp-servicebus-topic-subscription-details,HINT_INTRODUCED,destructiveHint: True->False (safer),C3b risk hint introduced,minor on 0.x (breaking by convention),0.3.0 0.2.6 0.2.5 0.2.4 0.2.3 0.2.2 0.2.1 0.2.0,hints mentioned generally,
azure,0.1.2,0.3.0,azmcp-storage-account-list,HINT_INTRODUCED,readOnlyHint: False->True (safer),C3b risk hint introduced,minor on 0.x (breaking by convention),0.3.0 0.2.6 0.2.5 0.2.4 0.2.3 0.2.2 0.2.1 0.2.0,hints mentioned generally,
azure,0.1.2,0.3.0,azmcp-storage-account-list,HINT_INTRODUCED,destructiveHint: True->False (safer),C3b risk hint introduced,minor on 0.x (breaking by convention),0.3.0 0.2.6 0.2.5 0.2.4 0.2.3 0.2.2 0.2.1 0.2.0,hints mentioned generally,
azure,0.1.2,0.3.0,azmcp-storage-blob-container-details,HINT_INTRODUCED,readOnlyHint: False->True (safer),C3b risk hint introduced,minor on 0.x (breaking by convention),0.3.0 0.2.6 0.2.5 0.2.4 0.2.3 0.2.2 0.2.1 0.2.0,hints mentioned generally,
azure,0.1.2,0.3.0,azmcp-storage-blob-container-details,HINT_INTRODUCED,destructiveHint: True->False (safer),C3b risk hint introduced,minor on 0.x (breaking by convention),0.3.0 0.2.6 0.2.5 0.2.4 0.2.3 0.2.2 0.2.1 0.2.0,hints mentioned generally,
azure,0.1.2,0.3.0,azmcp-storage-blob-container-list,HINT_INTRODUCED,readOnlyHint: False->True (safer),C3b risk hint introduced,minor on 0.x (breaking by convention),0.3.0 0.2.6 0.2.5 0.2.4 0.2.3 0.2.2 0.2.1 0.2.0,hints mentioned generally,
azure,0.1.2,0.3.0,azmcp-storage-blob-container-list,HINT_INTRODUCED,destructiveHint: True->False (safer),C3b risk hint introduced,minor on 0.x (breaking by convention),0.3.0 0.2.6 0.2.5 0.2.4 0.2.3 0.2.2 0.2.1 0.2.0,hints mentioned generally,
azure,0.1.2,0.3.0,azmcp-storage-blob-list,HINT_INTRODUCED,readOnlyHint: False->True (safer),C3b risk hint introduced,minor on 0.x (breaking by convention),0.3.0 0.2.6 0.2.5 0.2.4 0.2.3 0.2.2 0.2.1 0.2.0,hints mentioned generally,
azure,0.1.2,0.3.0,azmcp-storage-blob-list,HINT_INTRODUCED,destructiveHint: True->False (safer),C3b risk hint introduced,minor on 0.x (breaking by convention),0.3.0 0.2.6 0.2.5 0.2.4 0.2.3 0.2.2 0.2.1 0.2.0,hints mentioned generally,
azure,0.1.2,0.3.0,azmcp-storage-table-list,HINT_INTRODUCED,readOnlyHint: False->True (safer),C3b risk hint introduced,minor on 0.x (breaking by convention),0.3.0 0.2.6 0.2.5 0.2.4 0.2.3 0.2.2 0.2.1 0.2.0,hints mentioned generally,
azure,0.1.2,0.3.0,azmcp-storage-table-list,HINT_INTRODUCED,destructiveHint: True->False (safer),C3b risk hint introduced,minor on 0.x (breaking by convention),0.3.0 0.2.6 0.2.5 0.2.4 0.2.3 0.2.2 0.2.1 0.2.0,hints mentioned generally,
azure,0.1.2,0.3.0,azmcp-subscription-list,HINT_INTRODUCED,readOnlyHint: False->True (safer),C3b risk hint introduced,minor on 0.x (breaking by convention),0.3.0 0.2.6 0.2.5 0.2.4 0.2.3 0.2.2 0.2.1 0.2.0,hints mentioned generally,
azure,0.1.2,0.3.0,azmcp-subscription-list,HINT_INTRODUCED,destructiveHint: True->False (safer),C3b risk hint introduced,minor on 0.x (breaking by convention),0.3.0 0.2.6 0.2.5 0.2.4 0.2.3 0.2.2 0.2.1 0.2.0,hints mentioned generally,
azure,0.3.0,0.5.3,aks,TOOL_ADDED,,C4 new tool,minor on 0.x (breaking by convention),0.5.3 0.5.2 0.5.1 0.5.0 0.4.1 0.4.0 0.3.2 0.3.1,tool named,
azure,0.3.0,0.5.3,appconfig,TOOL_ADDED,,C4 new tool,minor on 0.x (breaking by convention),0.5.3 0.5.2 0.5.1 0.5.0 0.4.1 0.4.0 0.3.2 0.3.1,tool named,
azure,0.3.0,0.5.3,azureterraformbestpractices,TOOL_ADDED,,C4 new tool,minor on 0.x (breaking by convention),0.5.3 0.5.2 0.5.1 0.5.0 0.4.1 0.4.0 0.3.2 0.3.1,not mentioned,
azure,0.3.0,0.5.3,bestpractices,TOOL_ADDED,,C4 new tool,minor on 0.x (breaking by convention),0.5.3 0.5.2 0.5.1 0.5.0 0.4.1 0.4.0 0.3.2 0.3.1,tool named,
azure,0.3.0,0.5.3,bicepschema,TOOL_ADDED,,C4 new tool,minor on 0.x (breaking by convention),0.5.3 0.5.2 0.5.1 0.5.0 0.4.1 0.4.0 0.3.2 0.3.1,not mentioned,
azure,0.3.0,0.5.3,cosmos,TOOL_ADDED,,C4 new tool,minor on 0.x (breaking by convention),0.5.3 0.5.2 0.5.1 0.5.0 0.4.1 0.4.0 0.3.2 0.3.1,tool named,
azure,0.3.0,0.5.3,datadog,TOOL_ADDED,,C4 new tool,minor on 0.x (breaking by convention),0.5.3 0.5.2 0.5.1 0.5.0 0.4.1 0.4.0 0.3.2 0.3.1,tool named,
azure,0.3.0,0.5.3,documentation,TOOL_ADDED,,C4 new tool,minor on 0.x (breaking by convention),0.5.3 0.5.2 0.5.1 0.5.0 0.4.1 0.4.0 0.3.2 0.3.1,not mentioned,
azure,0.3.0,0.5.3,extension_az,TOOL_ADDED,,C4 new tool,minor on 0.x (breaking by convention),0.5.3 0.5.2 0.5.1 0.5.0 0.4.1 0.4.0 0.3.2 0.3.1,tool named,
azure,0.3.0,0.5.3,extension_azd,TOOL_ADDED,,C4 new tool,minor on 0.x (breaking by convention),0.5.3 0.5.2 0.5.1 0.5.0 0.4.1 0.4.0 0.3.2 0.3.1,not mentioned,
azure,0.3.0,0.5.3,extension_azqr,TOOL_ADDED,,C4 new tool,minor on 0.x (breaking by convention),0.5.3 0.5.2 0.5.1 0.5.0 0.4.1 0.4.0 0.3.2 0.3.1,tool named,
azure,0.3.0,0.5.3,foundry,TOOL_ADDED,,C4 new tool,minor on 0.x (breaking by convention),0.5.3 0.5.2 0.5.1 0.5.0 0.4.1 0.4.0 0.3.2 0.3.1,tool named,
azure,0.3.0,0.5.3,grafana,TOOL_ADDED,,C4 new tool,minor on 0.x (breaking by convention),0.5.3 0.5.2 0.5.1 0.5.0 0.4.1 0.4.0 0.3.2 0.3.1,tool named,
azure,0.3.0,0.5.3,group,TOOL_ADDED,,C4 new tool,minor on 0.x (breaking by convention),0.5.3 0.5.2 0.5.1 0.5.0 0.4.1 0.4.0 0.3.2 0.3.1,tool named,
azure,0.3.0,0.5.3,keyvault,TOOL_ADDED,,C4 new tool,minor on 0.x (breaking by convention),0.5.3 0.5.2 0.5.1 0.5.0 0.4.1 0.4.0 0.3.2 0.3.1,tool named,
azure,0.3.0,0.5.3,kusto,TOOL_ADDED,,C4 new tool,minor on 0.x (breaking by convention),0.5.3 0.5.2 0.5.1 0.5.0 0.4.1 0.4.0 0.3.2 0.3.1,tool named,
azure,0.3.0,0.5.3,loadtesting,TOOL_ADDED,,C4 new tool,minor on 0.x (breaking by convention),0.5.3 0.5.2 0.5.1 0.5.0 0.4.1 0.4.0 0.3.2 0.3.1,tool named,
azure,0.3.0,0.5.3,marketplace,TOOL_ADDED,,C4 new tool,minor on 0.x (breaking by convention),0.5.3 0.5.2 0.5.1 0.5.0 0.4.1 0.4.0 0.3.2 0.3.1,tool named,
azure,0.3.0,0.5.3,monitor,TOOL_ADDED,,C4 new tool,minor on 0.x (breaking by convention),0.5.3 0.5.2 0.5.1 0.5.0 0.4.1 0.4.0 0.3.2 0.3.1,tool named,
azure,0.3.0,0.5.3,postgres,TOOL_ADDED,,C4 new tool,minor on 0.x (breaking by convention),0.5.3 0.5.2 0.5.1 0.5.0 0.4.1 0.4.0 0.3.2 0.3.1,tool named,
azure,0.3.0,0.5.3,redis,TOOL_ADDED,,C4 new tool,minor on 0.x (breaking by convention),0.5.3 0.5.2 0.5.1 0.5.0 0.4.1 0.4.0 0.3.2 0.3.1,tool named,
azure,0.3.0,0.5.3,role,TOOL_ADDED,,C4 new tool,minor on 0.x (breaking by convention),0.5.3 0.5.2 0.5.1 0.5.0 0.4.1 0.4.0 0.3.2 0.3.1,not mentioned,
azure,0.3.0,0.5.3,search,TOOL_ADDED,,C4 new tool,minor on 0.x (breaking by convention),0.5.3 0.5.2 0.5.1 0.5.0 0.4.1 0.4.0 0.3.2 0.3.1,tool named,
azure,0.3.0,0.5.3,servicebus,TOOL_ADDED,,C4 new tool,minor on 0.x (breaking by convention),0.5.3 0.5.2 0.5.1 0.5.0 0.4.1 0.4.0 0.3.2 0.3.1,tool named,
azure,0.3.0,0.5.3,sql,TOOL_ADDED,,C4 new tool,minor on 0.x (breaking by convention),0.5.3 0.5.2 0.5.1 0.5.0 0.4.1 0.4.0 0.3.2 0.3.1,tool named,
azure,0.3.0,0.5.3,storage,TOOL_ADDED,,C4 new tool,minor on 0.x (breaking by convention),0.5.3 0.5.2 0.5.1 0.5.0 0.4.1 0.4.0 0.3.2 0.3.1,tool named,
azure,0.3.0,0.5.3,subscription,TOOL_ADDED,,C4 new tool,minor on 0.x (breaking by convention),0.5.3 0.5.2 0.5.1 0.5.0 0.4.1 0.4.0 0.3.2 0.3.1,tool named,
azure,0.3.0,0.5.3,virtualdesktop,TOOL_ADDED,,C4 new tool,minor on 0.x (breaking by convention),0.5.3 0.5.2 0.5.1 0.5.0 0.4.1 0.4.0 0.3.2 0.3.1,tool named,
azure,0.3.0,0.5.3,workbooks,TOOL_ADDED,,C4 new tool,minor on 0.x (breaking by convention),0.5.3 0.5.2 0.5.1 0.5.0 0.4.1 0.4.0 0.3.2 0.3.1,tool named,
azure,0.5.3,0.5.11,acr,TOOL_ADDED,,C4 new tool,patch,0.5.11 0.5.10 0.5.9 0.5.8 0.5.7 0.5.6 0.5.5 0.5.4,tool named,
azure,0.5.3,0.5.11,azuremanagedlustre,TOOL_ADDED,,C4 new tool,patch,0.5.11 0.5.10 0.5.9 0.5.8 0.5.7 0.5.6 0.5.5 0.5.4,tool named,
azure,0.5.3,0.5.11,cloudarchitect,TOOL_ADDED,,C4 new tool,patch,0.5.11 0.5.10 0.5.9 0.5.8 0.5.7 0.5.6 0.5.5 0.5.4,tool named,
azure,0.5.3,0.5.11,deploy,TOOL_ADDED,,C4 new tool,patch,0.5.11 0.5.10 0.5.9 0.5.8 0.5.7 0.5.6 0.5.5 0.5.4,tool named,
azure,0.5.3,0.5.11,functionapp,TOOL_ADDED,,C4 new tool,patch,0.5.11 0.5.10 0.5.9 0.5.8 0.5.7 0.5.6 0.5.5 0.5.4,tool named,
azure,0.5.3,0.5.11,mysql,TOOL_ADDED,,C4 new tool,patch,0.5.11 0.5.10 0.5.9 0.5.8 0.5.7 0.5.6 0.5.5 0.5.4,tool named,
azure,0.5.3,0.5.11,quota,TOOL_ADDED,,C4 new tool,patch,0.5.11 0.5.10 0.5.9 0.5.8 0.5.7 0.5.6 0.5.5 0.5.4,tool named,
azure,0.5.3,0.5.11,resourcehealth,TOOL_ADDED,,C4 new tool,patch,0.5.11 0.5.10 0.5.9 0.5.8 0.5.7 0.5.6 0.5.5 0.5.4,tool named,
azure,0.5.11,0.8.3,applens,TOOL_ADDED,,C4 new tool,minor on 0.x (breaking by convention),0.8.3 0.8.2 0.8.1 0.8.0 0.7.0 0.6.0 0.5.13 0.5.12,tool named,
azure,0.5.11,0.8.3,applicationinsights,TOOL_ADDED,,C4 new tool,minor on 0.x (breaking by convention),0.8.3 0.8.2 0.8.1 0.8.0 0.7.0 0.6.0 0.5.13 0.5.12,tool named,
azure,0.5.11,0.8.3,appservice,TOOL_ADDED,,C4 new tool,minor on 0.x (breaking by convention),0.8.3 0.8.2 0.8.1 0.8.0 0.7.0 0.6.0 0.5.13 0.5.12,tool named,
azure,0.5.11,0.8.3,azd,TOOL_ADDED,,C4 new tool,minor on 0.x (breaking by convention),0.8.3 0.8.2 0.8.1 0.8.0 0.7.0 0.6.0 0.5.13 0.5.12,tool named,
azure,0.5.11,0.8.3,eventgrid,TOOL_ADDED,,C4 new tool,minor on 0.x (breaking by convention),0.8.3 0.8.2 0.8.1 0.8.0 0.7.0 0.6.0 0.5.13 0.5.12,tool named,
azure,0.5.11,0.8.3,eventhubs,TOOL_ADDED,,C4 new tool,minor on 0.x (breaking by convention),0.8.3 0.8.2 0.8.1 0.8.0 0.7.0 0.6.0 0.5.13 0.5.12,tool named,
azure,0.5.11,0.8.3,get_bestpractices,TOOL_ADDED,,C4 new tool,minor on 0.x (breaking by convention),0.8.3 0.8.2 0.8.1 0.8.0 0.7.0 0.6.0 0.5.13 0.5.12,not mentioned,
azure,0.5.11,0.8.3,speech,TOOL_ADDED,,C4 new tool,minor on 0.x (breaking by convention),0.8.3 0.8.2 0.8.1 0.8.0 0.7.0 0.6.0 0.5.13 0.5.12,tool named,
azure,0.5.11,0.8.3,extension_azqr,HINT_FLIP,idempotentHint: False->True (safer),C3a risk-hint flip,minor on 0.x (breaking by convention),0.8.3 0.8.2 0.8.1 0.8.0 0.7.0 0.6.0 0.5.13 0.5.12,hints mentioned generally,"0.8.1 changelog: 'Updated the OpenWorld and Destructive hints for all tools' (category-level, no per-tool detail)"
azure,0.5.11,0.8.3,extension_azqr,HINT_FLIP,openWorldHint: True->False (safer),C3a risk-hint flip,minor on 0.x (breaking by convention),0.8.3 0.8.2 0.8.1 0.8.0 0.7.0 0.6.0 0.5.13 0.5.12,hints mentioned generally,"0.8.1 changelog: 'Updated the OpenWorld and Destructive hints for all tools' (category-level, no per-tool detail)"
azure,0.8.3,0.9.4,communication,TOOL_ADDED,,C4 new tool,minor on 0.x (breaking by convention),0.9.4 0.9.3 0.9.2 0.9.1 0.9.0 0.8.6 0.8.5 0.8.4,tool named,
azure,0.8.3,0.9.4,confidentialledger,TOOL_ADDED,,C4 new tool,minor on 0.x (breaking by convention),0.9.4 0.9.3 0.9.2 0.9.1 0.9.0 0.8.6 0.8.5 0.8.4,tool named,
azure,0.8.3,0.9.4,extension_cli_generate,TOOL_ADDED,,C4 new tool,minor on 0.x (breaking by convention),0.9.4 0.9.3 0.9.2 0.9.1 0.9.0 0.8.6 0.8.5 0.8.4,tool named,
azure,0.8.3,0.9.4,extension_cli_install,TOOL_ADDED,,C4 new tool,minor on 0.x (breaking by convention),0.9.4 0.9.3 0.9.2 0.9.1 0.9.0 0.8.6 0.8.5 0.8.4,tool named,
azure,0.8.3,0.9.4,group_list,TOOL_ADDED,,C4 new tool,minor on 0.x (breaking by convention),0.9.4 0.9.3 0.9.2 0.9.1 0.9.0 0.8.6 0.8.5 0.8.4,not mentioned,
azure,0.8.3,0.9.4,managedlustre,TOOL_ADDED,,C4 new tool,minor on 0.x (breaking by convention),0.9.4 0.9.3 0.9.2 0.9.1 0.9.0 0.8.6 0.8.5 0.8.4,tool named,
azure,0.8.3,0.9.4,signalr,TOOL_ADDED,,C4 new tool,minor on 0.x (breaking by convention),0.9.4 0.9.3 0.9.2 0.9.1 0.9.0 0.8.6 0.8.5 0.8.4,tool named,
azure,0.8.3,0.9.4,subscription_list,TOOL_ADDED,,C4 new tool,minor on 0.x (breaking by convention),0.9.4 0.9.3 0.9.2 0.9.1 0.9.0 0.8.6 0.8.5 0.8.4,not mentioned,
azure,1.0.2,2.0.5,advisor,TOOL_ADDED,,C4 new tool,major,2.0.2 2.0.1 2.0.0 1.0.4 1.0.3,not mentioned,
azure,1.0.2,2.0.5,azuremigrate,TOOL_ADDED,,C4 new tool,major,2.0.2 2.0.1 2.0.0 1.0.4 1.0.3,not mentioned,
azure,1.0.2,2.0.5,compute,TOOL_ADDED,,C4 new tool,major,2.0.2 2.0.1 2.0.0 1.0.4 1.0.3,not mentioned,
azure,1.0.2,2.0.5,containerapps,TOOL_ADDED,,C4 new tool,major,2.0.2 2.0.1 2.0.0 1.0.4 1.0.3,not mentioned,
azure,1.0.2,2.0.5,deviceregistry,TOOL_ADDED,,C4 new tool,major,2.0.2 2.0.1 2.0.0 1.0.4 1.0.3,not mentioned,
azure,1.0.2,2.0.5,fileshares,TOOL_ADDED,,C4 new tool,major,2.0.2 2.0.1 2.0.0 1.0.4 1.0.3,not mentioned,
azure,1.0.2,2.0.5,foundryextensions,TOOL_ADDED,,C4 new tool,major,2.0.2 2.0.1 2.0.0 1.0.4 1.0.3,not mentioned,
azure,1.0.2,2.0.5,functions,TOOL_ADDED,,C4 new tool,major,2.0.2 2.0.1 2.0.0 1.0.4 1.0.3,tool named,
azure,1.0.2,2.0.5,get_azure_bestpractices,TOOL_ADDED,,C4 new tool,major,2.0.2 2.0.1 2.0.0 1.0.4 1.0.3,not mentioned,
azure,1.0.2,2.0.5,group_resource_list,TOOL_ADDED,,C4 new tool,major,2.0.2 2.0.1 2.0.0 1.0.4 1.0.3,not mentioned,
azure,1.0.2,2.0.5,policy,TOOL_ADDED,,C4 new tool,major,2.0.2 2.0.1 2.0.0 1.0.4 1.0.3,not mentioned,
azure,1.0.2,2.0.5,pricing,TOOL_ADDED,,C4 new tool,major,2.0.2 2.0.1 2.0.0 1.0.4 1.0.3,not mentioned,
azure,1.0.2,2.0.5,servicefabric,TOOL_ADDED,,C4 new tool,major,2.0.2 2.0.1 2.0.0 1.0.4 1.0.3,not mentioned,
azure,1.0.2,2.0.5,storagesync,TOOL_ADDED,,C4 new tool,major,2.0.2 2.0.1 2.0.0 1.0.4 1.0.3,not mentioned,
azure,1.0.2,2.0.5,wellarchitectedframework,TOOL_ADDED,,C4 new tool,major,2.0.2 2.0.1 2.0.0 1.0.4 1.0.3,not mentioned,
azure,1.0.2,2.0.5,extension_azqr,SCHEMA_CONSTRAINT,types/enums/defaults/limits changed,C2b contract change,major,2.0.2 2.0.1 2.0.0 1.0.4 1.0.3,not mentioned,
azure,1.0.2,2.0.5,extension_cli_generate,SCHEMA_CONSTRAINT,types/enums/defaults/limits changed,C2b contract change,major,2.0.2 2.0.1 2.0.0 1.0.4 1.0.3,not mentioned,
azure,1.0.2,2.0.5,extension_cli_install,SCHEMA_CONSTRAINT,types/enums/defaults/limits changed,C2b contract change,major,2.0.2 2.0.1 2.0.0 1.0.4 1.0.3,not mentioned,
azure,1.0.2,2.0.5,foundry,DESC_SCOPE_CANDIDATE,"new action words: create,modify; similarity 0.63",C2 capability expansion (manual),major,2.0.2 2.0.1 2.0.0 1.0.4 1.0.3,not mentioned,
azure,1.0.2,2.0.5,group_list,SCHEMA_CONSTRAINT,types/enums/defaults/limits changed,C2b contract change,major,2.0.2 2.0.1 2.0.0 1.0.4 1.0.3,not mentioned,
azure,1.0.2,2.0.5,storage,DESC_SCOPE_CANDIDATE,new action words: create; similarity 0.38,C2 capability expansion (manual),major,2.0.2 2.0.1 2.0.0 1.0.4 1.0.3,not mentioned,
azure,1.0.2,2.0.5,subscription_list,SCHEMA_CONSTRAINT,types/enums/defaults/limits changed,C2b contract change,major,2.0.2 2.0.1 2.0.0 1.0.4 1.0.3,not mentioned,
supabase,0.1.2,0.3.2,confirm_cost,TOOL_ADDED,,C4 new tool,minor on 0.x (breaking by convention),,no notes published,
supabase,0.1.2,0.3.2,get_cost,TOOL_ADDED,,C4 new tool,minor on 0.x (breaking by convention),,no notes published,
supabase,0.1.2,0.3.2,create_branch,SCHEMA_PARAM_ADDED,confirm_cost_id,C2 capability expansion,minor on 0.x (breaking by convention),,no notes published,
supabase,0.1.2,0.3.2,create_project,SCHEMA_PARAM_ADDED,confirm_cost_id,C2 capability expansion,minor on 0.x (breaking by convention),,no notes published,
supabase,0.1.2,0.3.2,get_logs,SCHEMA_CONSTRAINT,types/enums/defaults/limits changed,C2b contract change,minor on 0.x (breaking by convention),,no notes published,
supabase,0.3.2,0.4.0,deploy_edge_function,TOOL_ADDED,,C4 new tool,minor on 0.x (breaking by convention),,no notes published,
supabase,0.3.2,0.4.0,list_edge_functions,TOOL_ADDED,,C4 new tool,minor on 0.x (breaking by convention),,no notes published,
supabase,0.3.2,0.4.0,list_tables,SCHEMA_CONSTRAINT,types/enums/defaults/limits changed,C2b contract change,minor on 0.x (breaking by convention),,no notes published,
supabase,0.4.0,0.4.4,get_advisors,TOOL_ADDED,,C4 new tool,patch,,no notes published,
supabase,0.4.0,0.4.4,search_docs,TOOL_ADDED,,C4 new tool,patch,,no notes published,
supabase,0.4.4,0.5.2,create_project,SCHEMA_REQUIRED_CHANGED,+['region'] -[],C2b contract change,minor on 0.x (breaking by convention),,no notes published,
supabase,0.5.2,0.5.7,get_edge_function,TOOL_ADDED,,C4 new tool,patch,,no notes published,
supabase,0.5.2,0.5.7,confirm_cost,HINT_INTRODUCED,readOnlyHint: False->True (safer),C3b risk hint introduced,patch,,no notes published,
supabase,0.5.2,0.5.7,confirm_cost,HINT_INTRODUCED,destructiveHint: True->False (safer),C3b risk hint introduced,patch,,no notes published,
supabase,0.5.2,0.5.7,confirm_cost,HINT_INTRODUCED,idempotentHint: False->True (safer),C3b risk hint introduced,patch,,no notes published,
supabase,0.5.2,0.5.7,confirm_cost,HINT_INTRODUCED,openWorldHint: True->False (safer),C3b risk hint introduced,patch,,no notes published,
supabase,0.5.2,0.5.7,create_branch,HINT_INTRODUCED,destructiveHint: True->False (safer),C3b risk hint introduced,patch,,no notes published,
supabase,0.5.2,0.5.7,create_branch,HINT_INTRODUCED,openWorldHint: True->False (safer),C3b risk hint introduced,patch,,no notes published,
supabase,0.5.2,0.5.7,create_project,HINT_INTRODUCED,destructiveHint: True->False (safer),C3b risk hint introduced,patch,,no notes published,
supabase,0.5.2,0.5.7,create_project,HINT_INTRODUCED,openWorldHint: True->False (safer),C3b risk hint introduced,patch,,no notes published,
supabase,0.5.2,0.5.7,delete_branch,HINT_INTRODUCED,openWorldHint: True->False (safer),C3b risk hint introduced,patch,,no notes published,
supabase,0.5.2,0.5.7,deploy_edge_function,HINT_INTRODUCED,openWorldHint: True->False (safer),C3b risk hint introduced,patch,,no notes published,
supabase,0.5.2,0.5.7,generate_typescript_types,HINT_INTRODUCED,readOnlyHint: False->True (safer),C3b risk hint introduced,patch,,no notes published,
supabase,0.5.2,0.5.7,generate_typescript_types,HINT_INTRODUCED,destructiveHint: True->False (safer),C3b risk hint introduced,patch,,no notes published,
supabase,0.5.2,0.5.7,generate_typescript_types,HINT_INTRODUCED,idempotentHint: False->True (safer),C3b risk hint introduced,patch,,no notes published,
supabase,0.5.2,0.5.7,generate_typescript_types,HINT_INTRODUCED,openWorldHint: True->False (safer),C3b risk hint introduced,patch,,no notes published,
supabase,0.5.2,0.5.7,get_advisors,HINT_INTRODUCED,readOnlyHint: False->True (safer),C3b risk hint introduced,patch,,no notes published,
supabase,0.5.2,0.5.7,get_advisors,HINT_INTRODUCED,destructiveHint: True->False (safer),C3b risk hint introduced,patch,,no notes published,
supabase,0.5.2,0.5.7,get_advisors,HINT_INTRODUCED,idempotentHint: False->True (safer),C3b risk hint introduced,patch,,no notes published,
supabase,0.5.2,0.5.7,get_advisors,HINT_INTRODUCED,openWorldHint: True->False (safer),C3b risk hint introduced,patch,,no notes published,
supabase,0.5.2,0.5.7,get_anon_key,HINT_INTRODUCED,readOnlyHint: False->True (safer),C3b risk hint introduced,patch,,no notes published,
supabase,0.5.2,0.5.7,get_anon_key,HINT_INTRODUCED,destructiveHint: True->False (safer),C3b risk hint introduced,patch,,no notes published,
supabase,0.5.2,0.5.7,get_anon_key,HINT_INTRODUCED,idempotentHint: False->True (safer),C3b risk hint introduced,patch,,no notes published,
supabase,0.5.2,0.5.7,get_anon_key,HINT_INTRODUCED,openWorldHint: True->False (safer),C3b risk hint introduced,patch,,no notes published,
supabase,0.5.2,0.5.7,get_cost,HINT_INTRODUCED,readOnlyHint: False->True (safer),C3b risk hint introduced,patch,,no notes published,
supabase,0.5.2,0.5.7,get_cost,HINT_INTRODUCED,destructiveHint: True->False (safer),C3b risk hint introduced,patch,,no notes published,
supabase,0.5.2,0.5.7,get_cost,HINT_INTRODUCED,idempotentHint: False->True (safer),C3b risk hint introduced,patch,,no notes published,
supabase,0.5.2,0.5.7,get_cost,HINT_INTRODUCED,openWorldHint: True->False (safer),C3b risk hint introduced,patch,,no notes published,
supabase,0.5.2,0.5.7,get_logs,HINT_INTRODUCED,readOnlyHint: False->True (safer),C3b risk hint introduced,patch,,no notes published,
supabase,0.5.2,0.5.7,get_logs,HINT_INTRODUCED,destructiveHint: True->False (safer),C3b risk hint introduced,patch,,no notes published,
supabase,0.5.2,0.5.7,get_logs,HINT_INTRODUCED,idempotentHint: False->True (safer),C3b risk hint introduced,patch,,no notes published,
supabase,0.5.2,0.5.7,get_logs,HINT_INTRODUCED,openWorldHint: True->False (safer),C3b risk hint introduced,patch,,no notes published,
supabase,0.5.2,0.5.7,get_organization,HINT_INTRODUCED,readOnlyHint: False->True (safer),C3b risk hint introduced,patch,,no notes published,
supabase,0.5.2,0.5.7,get_organization,HINT_INTRODUCED,destructiveHint: True->False (safer),C3b risk hint introduced,patch,,no notes published,
supabase,0.5.2,0.5.7,get_organization,HINT_INTRODUCED,idempotentHint: False->True (safer),C3b risk hint introduced,patch,,no notes published,
supabase,0.5.2,0.5.7,get_organization,HINT_INTRODUCED,openWorldHint: True->False (safer),C3b risk hint introduced,patch,,no notes published,
supabase,0.5.2,0.5.7,get_project,HINT_INTRODUCED,readOnlyHint: False->True (safer),C3b risk hint introduced,patch,,no notes published,
supabase,0.5.2,0.5.7,get_project,HINT_INTRODUCED,destructiveHint: True->False (safer),C3b risk hint introduced,patch,,no notes published,
supabase,0.5.2,0.5.7,get_project,HINT_INTRODUCED,idempotentHint: False->True (safer),C3b risk hint introduced,patch,,no notes published,
supabase,0.5.2,0.5.7,get_project,HINT_INTRODUCED,openWorldHint: True->False (safer),C3b risk hint introduced,patch,,no notes published,
supabase,0.5.2,0.5.7,get_project_url,HINT_INTRODUCED,readOnlyHint: False->True (safer),C3b risk hint introduced,patch,,no notes published,
supabase,0.5.2,0.5.7,get_project_url,HINT_INTRODUCED,destructiveHint: True->False (safer),C3b risk hint introduced,patch,,no notes published,
supabase,0.5.2,0.5.7,get_project_url,HINT_INTRODUCED,idempotentHint: False->True (safer),C3b risk hint introduced,patch,,no notes published,
supabase,0.5.2,0.5.7,get_project_url,HINT_INTRODUCED,openWorldHint: True->False (safer),C3b risk hint introduced,patch,,no notes published,
supabase,0.5.2,0.5.7,list_branches,HINT_INTRODUCED,readOnlyHint: False->True (safer),C3b risk hint introduced,patch,,no notes published,
supabase,0.5.2,0.5.7,list_branches,HINT_INTRODUCED,destructiveHint: True->False (safer),C3b risk hint introduced,patch,,no notes published,
supabase,0.5.2,0.5.7,list_branches,HINT_INTRODUCED,idempotentHint: False->True (safer),C3b risk hint introduced,patch,,no notes published,
supabase,0.5.2,0.5.7,list_branches,HINT_INTRODUCED,openWorldHint: True->False (safer),C3b risk hint introduced,patch,,no notes published,
supabase,0.5.2,0.5.7,list_edge_functions,HINT_INTRODUCED,readOnlyHint: False->True (safer),C3b risk hint introduced,patch,,no notes published,
supabase,0.5.2,0.5.7,list_edge_functions,HINT_INTRODUCED,destructiveHint: True->False (safer),C3b risk hint introduced,patch,,no notes published,
supabase,0.5.2,0.5.7,list_edge_functions,HINT_INTRODUCED,idempotentHint: False->True (safer),C3b risk hint introduced,patch,,no notes published,
supabase,0.5.2,0.5.7,list_edge_functions,HINT_INTRODUCED,openWorldHint: True->False (safer),C3b risk hint introduced,patch,,no notes published,
supabase,0.5.2,0.5.7,list_extensions,HINT_INTRODUCED,readOnlyHint: False->True (safer),C3b risk hint introduced,patch,,no notes published,
supabase,0.5.2,0.5.7,list_extensions,HINT_INTRODUCED,destructiveHint: True->False (safer),C3b risk hint introduced,patch,,no notes published,
supabase,0.5.2,0.5.7,list_extensions,HINT_INTRODUCED,idempotentHint: False->True (safer),C3b risk hint introduced,patch,,no notes published,
supabase,0.5.2,0.5.7,list_extensions,HINT_INTRODUCED,openWorldHint: True->False (safer),C3b risk hint introduced,patch,,no notes published,
supabase,0.5.2,0.5.7,list_migrations,HINT_INTRODUCED,readOnlyHint: False->True (safer),C3b risk hint introduced,patch,,no notes published,
supabase,0.5.2,0.5.7,list_migrations,HINT_INTRODUCED,destructiveHint: True->False (safer),C3b risk hint introduced,patch,,no notes published,
supabase,0.5.2,0.5.7,list_migrations,HINT_INTRODUCED,idempotentHint: False->True (safer),C3b risk hint introduced,patch,,no notes published,
supabase,0.5.2,0.5.7,list_migrations,HINT_INTRODUCED,openWorldHint: True->False (safer),C3b risk hint introduced,patch,,no notes published,
supabase,0.5.2,0.5.7,list_organizations,HINT_INTRODUCED,readOnlyHint: False->True (safer),C3b risk hint introduced,patch,,no notes published,
supabase,0.5.2,0.5.7,list_organizations,HINT_INTRODUCED,destructiveHint: True->False (safer),C3b risk hint introduced,patch,,no notes published,
supabase,0.5.2,0.5.7,list_organizations,HINT_INTRODUCED,idempotentHint: False->True (safer),C3b risk hint introduced,patch,,no notes published,
supabase,0.5.2,0.5.7,list_organizations,HINT_INTRODUCED,openWorldHint: True->False (safer),C3b risk hint introduced,patch,,no notes published,
supabase,0.5.2,0.5.7,list_projects,HINT_INTRODUCED,readOnlyHint: False->True (safer),C3b risk hint introduced,patch,,no notes published,
supabase,0.5.2,0.5.7,list_projects,HINT_INTRODUCED,destructiveHint: True->False (safer),C3b risk hint introduced,patch,,no notes published,
supabase,0.5.2,0.5.7,list_projects,HINT_INTRODUCED,idempotentHint: False->True (safer),C3b risk hint introduced,patch,,no notes published,
supabase,0.5.2,0.5.7,list_projects,HINT_INTRODUCED,openWorldHint: True->False (safer),C3b risk hint introduced,patch,,no notes published,
supabase,0.5.2,0.5.7,list_tables,HINT_INTRODUCED,readOnlyHint: False->True (safer),C3b risk hint introduced,patch,,no notes published,
supabase,0.5.2,0.5.7,list_tables,HINT_INTRODUCED,destructiveHint: True->False (safer),C3b risk hint introduced,patch,,no notes published,
supabase,0.5.2,0.5.7,list_tables,HINT_INTRODUCED,idempotentHint: False->True (safer),C3b risk hint introduced,patch,,no notes published,
supabase,0.5.2,0.5.7,list_tables,HINT_INTRODUCED,openWorldHint: True->False (safer),C3b risk hint introduced,patch,,no notes published,
supabase,0.5.2,0.5.7,merge_branch,HINT_INTRODUCED,openWorldHint: True->False (safer),C3b risk hint introduced,patch,,no notes published,
supabase,0.5.2,0.5.7,pause_project,HINT_INTRODUCED,destructiveHint: True->False (safer),C3b risk hint introduced,patch,,no notes published,
supabase,0.5.2,0.5.7,pause_project,HINT_INTRODUCED,openWorldHint: True->False (safer),C3b risk hint introduced,patch,,no notes published,
supabase,0.5.2,0.5.7,rebase_branch,HINT_INTRODUCED,openWorldHint: True->False (safer),C3b risk hint introduced,patch,,no notes published,
supabase,0.5.2,0.5.7,reset_branch,HINT_INTRODUCED,openWorldHint: True->False (safer),C3b risk hint introduced,patch,,no notes published,
supabase,0.5.2,0.5.7,restore_project,HINT_INTRODUCED,destructiveHint: True->False (safer),C3b risk hint introduced,patch,,no notes published,
supabase,0.5.2,0.5.7,restore_project,HINT_INTRODUCED,openWorldHint: True->False (safer),C3b risk hint introduced,patch,,no notes published,
supabase,0.5.2,0.5.7,search_docs,HINT_INTRODUCED,readOnlyHint: False->True (safer),C3b risk hint introduced,patch,,no notes published,
supabase,0.5.2,0.5.7,search_docs,HINT_INTRODUCED,destructiveHint: True->False (safer),C3b risk hint introduced,patch,,no notes published,
supabase,0.5.2,0.5.7,search_docs,HINT_INTRODUCED,idempotentHint: False->True (safer),C3b risk hint introduced,patch,,no notes published,
supabase,0.5.2,0.5.7,search_docs,HINT_INTRODUCED,openWorldHint: True->False (safer),C3b risk hint introduced,patch,,no notes published,
supabase,0.5.7,0.6.0,get_publishable_keys,TOOL_ADDED,,C4 new tool,minor on 0.x (breaking by convention),,no notes published,
supabase,0.5.7,0.6.0,create_branch,SCHEMA_REQUIRED_CHANGED,+['name'] -[],C2b contract change,minor on 0.x (breaking by convention),,no notes published,
supabase,0.5.7,0.6.0,deploy_edge_function,SCHEMA_PARAM_ADDED,verify_jwt,C2 capability expansion,minor on 0.x (breaking by convention),,no notes published,
supabase,0.5.7,0.6.0,list_tables,SCHEMA_REQUIRED_CHANGED,+['schemas'] -[],C2b contract change,minor on 0.x (breaking by convention),,no notes published,
supabase,0.6.0,0.7.0,list_tables,SCHEMA_PARAM_ADDED,verbose,C2 capability expansion,minor on 0.x (breaking by convention),,no notes published,
supabase,0.7.0,0.9.0,get_logs,SCHEMA_PARAM_ADDED,"iso_timestamp_end,iso_timestamp_start",C2 capability expansion,minor on 0.x (breaking by convention),0.9.0 0.8.3 0.8.2 0.8.1 0.8.0,tool named,
supabase,0.9.0,0.13.0,query_logs,TOOL_ADDED,,C4 new tool,minor on 0.x (breaking by convention),0.13.0 0.12.0 0.11.0 0.10.0,tool named,
kubernetes,1.2.0,2.0.0,kubectl_apply,TOOL_ADDED,,C4 new tool,major,2.0.0 1.6.2 1.6.1 1.6.0 1.5.0 1.4.0 1.3.2 1.3.1 1.3.0,not mentioned,
kubernetes,1.2.0,2.0.0,kubectl_context,TOOL_ADDED,,C4 new tool,major,2.0.0 1.6.2 1.6.1 1.6.0 1.5.0 1.4.0 1.3.2 1.3.1 1.3.0,not mentioned,
kubernetes,1.2.0,2.0.0,kubectl_create,TOOL_ADDED,,C4 new tool,major,2.0.0 1.6.2 1.6.1 1.6.0 1.5.0 1.4.0 1.3.2 1.3.1 1.3.0,not mentioned,
kubernetes,1.2.0,2.0.0,kubectl_delete,TOOL_ADDED,,C4 new tool,major,2.0.0 1.6.2 1.6.1 1.6.0 1.5.0 1.4.0 1.3.2 1.3.1 1.3.0,not mentioned,
kubernetes,1.2.0,2.0.0,kubectl_describe,TOOL_ADDED,,C4 new tool,major,2.0.0 1.6.2 1.6.1 1.6.0 1.5.0 1.4.0 1.3.2 1.3.1 1.3.0,not mentioned,
kubernetes,1.2.0,2.0.0,kubectl_generic,TOOL_ADDED,,C4 new tool,major,2.0.0 1.6.2 1.6.1 1.6.0 1.5.0 1.4.0 1.3.2 1.3.1 1.3.0,not mentioned,
kubernetes,1.2.0,2.0.0,kubectl_get,TOOL_ADDED,,C4 new tool,major,2.0.0 1.6.2 1.6.1 1.6.0 1.5.0 1.4.0 1.3.2 1.3.1 1.3.0,not mentioned,
kubernetes,1.2.0,2.0.0,kubectl_list,TOOL_ADDED,,C4 new tool,major,2.0.0 1.6.2 1.6.1 1.6.0 1.5.0 1.4.0 1.3.2 1.3.1 1.3.0,not mentioned,
kubernetes,1.2.0,2.0.0,kubectl_logs,TOOL_ADDED,,C4 new tool,major,2.0.0 1.6.2 1.6.1 1.6.0 1.5.0 1.4.0 1.3.2 1.3.1 1.3.0,not mentioned,
kubernetes,1.2.0,2.0.0,kubectl_patch,TOOL_ADDED,,C4 new tool,major,2.0.0 1.6.2 1.6.1 1.6.0 1.5.0 1.4.0 1.3.2 1.3.1 1.3.0,not mentioned,
kubernetes,1.2.0,2.0.0,kubectl_rollout,TOOL_ADDED,,C4 new tool,major,2.0.0 1.6.2 1.6.1 1.6.0 1.5.0 1.4.0 1.3.2 1.3.1 1.3.0,not mentioned,
kubernetes,1.2.0,2.0.0,kubectl_scale,TOOL_ADDED,,C4 new tool,major,2.0.0 1.6.2 1.6.1 1.6.0 1.5.0 1.4.0 1.3.2 1.3.1 1.3.0,not mentioned,
kubernetes,1.2.0,2.0.0,install_helm_chart,SCHEMA_CONSTRAINT,types/enums/defaults/limits changed,C2b contract change,major,2.0.0 1.6.2 1.6.1 1.6.0 1.5.0 1.4.0 1.3.2 1.3.1 1.3.0,not mentioned,
kubernetes,1.2.0,2.0.0,upgrade_helm_chart,SCHEMA_CONSTRAINT,types/enums/defaults/limits changed,C2b contract change,major,2.0.0 1.6.2 1.6.1 1.6.0 1.5.0 1.4.0 1.3.2 1.3.1 1.3.0,not mentioned,
kubernetes,2.0.0,2.4.2,kubectl_delete,SCHEMA_REQUIRED_CHANGED,"+['name', 'namespace', 'resourceType'] -[]",C2b contract change,minor,2.4.2 2.4.1 2.4.0 2.3.1 2.3.0 2.2.1 2.2.0 2.1.1 2.1.0,not mentioned,
kubernetes,2.0.0,2.4.2,kubectl_generic,SCHEMA_CONSTRAINT,types/enums/defaults/limits changed,C2b contract change,minor,2.4.2 2.4.1 2.4.0 2.3.1 2.3.0 2.2.1 2.2.0 2.1.1 2.1.0,not mentioned,
kubernetes,2.0.0,2.4.2,kubectl_get,SCHEMA_REQUIRED_CHANGED,"+['name', 'namespace'] -[]",C2b contract change,minor,2.4.2 2.4.1 2.4.0 2.3.1 2.3.0 2.2.1 2.2.0 2.1.1 2.1.0,not mentioned,
kubernetes,2.0.0,2.4.2,kubectl_list,SCHEMA_REQUIRED_CHANGED,+['namespace'] -[],C2b contract change,minor,2.4.2 2.4.1 2.4.0 2.3.1 2.3.0 2.2.1 2.2.0 2.1.1 2.1.0,not mentioned,
kubernetes,2.0.0,2.4.2,kubectl_logs,SCHEMA_CONSTRAINT,types/enums/defaults/limits changed,C2b contract change,minor,2.4.2 2.4.1 2.4.0 2.3.1 2.3.0 2.2.1 2.2.0 2.1.1 2.1.0,not mentioned,
kubernetes,2.0.0,2.4.2,kubectl_rollout,SCHEMA_REQUIRED_CHANGED,+['namespace'] -[],C2b contract change,minor,2.4.2 2.4.1 2.4.0 2.3.1 2.3.0 2.2.1 2.2.0 2.1.1 2.1.0,not mentioned,
kubernetes,2.4.2,2.6.0,exec_in_pod,TOOL_ADDED,,C4 new tool,minor,2.6.0 2.5.1 2.5.0 2.4.9 2.4.8 2.4.7 2.4.6 2.4.5 2.4.4 2.4.3,tool named,
kubernetes,2.4.2,2.6.0,ping,TOOL_ADDED,,C4 new tool,minor,2.6.0 2.5.1 2.5.0 2.4.9 2.4.8 2.4.7 2.4.6 2.4.5 2.4.4 2.4.3,tool named,
kubernetes,2.6.0,2.9.6,node_management,TOOL_ADDED,,C4 new tool,minor,2.9.6 2.9.5 2.9.3 2.9.2 2.9.1 2.9.0 2.8.0 2.7.0,tool named,
kubernetes,2.6.0,2.9.6,exec_in_pod,SCHEMA_PARAM_ADDED,context,C2 capability expansion,minor,2.9.6 2.9.5 2.9.3 2.9.2 2.9.1 2.9.0 2.8.0 2.7.0,not mentioned,
kubernetes,2.6.0,2.9.6,explain_resource,SCHEMA_PARAM_ADDED,context,C2 capability expansion,minor,2.9.6 2.9.5 2.9.3 2.9.2 2.9.1 2.9.0 2.8.0 2.7.0,not mentioned,
kubernetes,2.6.0,2.9.6,explain_resource,HINT_INTRODUCED,readOnlyHint: False->True (safer),C3b risk hint introduced,minor,2.9.6 2.9.5 2.9.3 2.9.2 2.9.1 2.9.0 2.8.0 2.7.0,hints mentioned generally,
kubernetes,2.6.0,2.9.6,install_helm_chart,SCHEMA_PARAM_ADDED,"context,createNamespace,useTemplate,valuesFile",C2 capability expansion,minor,2.9.6 2.9.5 2.9.3 2.9.2 2.9.1 2.9.0 2.8.0 2.7.0,not mentioned,
kubernetes,2.6.0,2.9.6,kubectl_apply,SCHEMA_PARAM_ADDED,context,C2 capability expansion,minor,2.9.6 2.9.5 2.9.3 2.9.2 2.9.1 2.9.0 2.8.0 2.7.0,not mentioned,
kubernetes,2.6.0,2.9.6,kubectl_context,HINT_INTRODUCED,readOnlyHint: False->True (safer),C3b risk hint introduced,minor,2.9.6 2.9.5 2.9.3 2.9.2 2.9.1 2.9.0 2.8.0 2.7.0,hints mentioned generally,
kubernetes,2.6.0,2.9.6,kubectl_create,SCHEMA_PARAM_ADDED,context,C2 capability expansion,minor,2.9.6 2.9.5 2.9.3 2.9.2 2.9.1 2.9.0 2.8.0 2.7.0,not mentioned,
kubernetes,2.6.0,2.9.6,kubectl_delete,SCHEMA_PARAM_ADDED,context,C2 capability expansion,minor,2.9.6 2.9.5 2.9.3 2.9.2 2.9.1 2.9.0 2.8.0 2.7.0,not mentioned,
kubernetes,2.6.0,2.9.6,kubectl_describe,SCHEMA_PARAM_ADDED,context,C2 capability expansion,minor,2.9.6 2.9.5 2.9.3 2.9.2 2.9.1 2.9.0 2.8.0 2.7.0,not mentioned,
kubernetes,2.6.0,2.9.6,kubectl_describe,HINT_INTRODUCED,readOnlyHint: False->True (safer),C3b risk hint introduced,minor,2.9.6 2.9.5 2.9.3 2.9.2 2.9.1 2.9.0 2.8.0 2.7.0,hints mentioned generally,
kubernetes,2.6.0,2.9.6,kubectl_generic,SCHEMA_PARAM_ADDED,context,C2 capability expansion,minor,2.9.6 2.9.5 2.9.3 2.9.2 2.9.1 2.9.0 2.8.0 2.7.0,not mentioned,
kubernetes,2.6.0,2.9.6,kubectl_get,SCHEMA_PARAM_ADDED,context,C2 capability expansion,minor,2.9.6 2.9.5 2.9.3 2.9.2 2.9.1 2.9.0 2.8.0 2.7.0,not mentioned,
kubernetes,2.6.0,2.9.6,kubectl_get,HINT_INTRODUCED,readOnlyHint: False->True (safer),C3b risk hint introduced,minor,2.9.6 2.9.5 2.9.3 2.9.2 2.9.1 2.9.0 2.8.0 2.7.0,hints mentioned generally,
kubernetes,2.6.0,2.9.6,kubectl_logs,SCHEMA_PARAM_ADDED,context,C2 capability expansion,minor,2.9.6 2.9.5 2.9.3 2.9.2 2.9.1 2.9.0 2.8.0 2.7.0,not mentioned,
kubernetes,2.6.0,2.9.6,kubectl_logs,HINT_INTRODUCED,readOnlyHint: False->True (safer),C3b risk hint introduced,minor,2.9.6 2.9.5 2.9.3 2.9.2 2.9.1 2.9.0 2.8.0 2.7.0,hints mentioned generally,
kubernetes,2.6.0,2.9.6,kubectl_patch,SCHEMA_PARAM_ADDED,context,C2 capability expansion,minor,2.9.6 2.9.5 2.9.3 2.9.2 2.9.1 2.9.0 2.8.0 2.7.0,not mentioned,
kubernetes,2.6.0,2.9.6,kubectl_rollout,SCHEMA_PARAM_ADDED,context,C2 capability expansion,minor,2.9.6 2.9.5 2.9.3 2.9.2 2.9.1 2.9.0 2.8.0 2.7.0,not mentioned,
kubernetes,2.6.0,2.9.6,kubectl_scale,SCHEMA_PARAM_ADDED,context,C2 capability expansion,minor,2.9.6 2.9.5 2.9.3 2.9.2 2.9.1 2.9.0 2.8.0 2.7.0,not mentioned,
kubernetes,2.6.0,2.9.6,list_api_resources,SCHEMA_PARAM_ADDED,context,C2 capability expansion,minor,2.9.6 2.9.5 2.9.3 2.9.2 2.9.1 2.9.0 2.8.0 2.7.0,not mentioned,
kubernetes,2.6.0,2.9.6,list_api_resources,HINT_INTRODUCED,readOnlyHint: False->True (safer),C3b risk hint introduced,minor,2.9.6 2.9.5 2.9.3 2.9.2 2.9.1 2.9.0 2.8.0 2.7.0,hints mentioned generally,
kubernetes,2.6.0,2.9.6,ping,HINT_INTRODUCED,readOnlyHint: False->True (safer),C3b risk hint introduced,minor,2.9.6 2.9.5 2.9.3 2.9.2 2.9.1 2.9.0 2.8.0 2.7.0,hints mentioned generally,
kubernetes,2.6.0,2.9.6,uninstall_helm_chart,SCHEMA_PARAM_ADDED,context,C2 capability expansion,minor,2.9.6 2.9.5 2.9.3 2.9.2 2.9.1 2.9.0 2.8.0 2.7.0,not mentioned,
kubernetes,2.6.0,2.9.6,upgrade_helm_chart,SCHEMA_PARAM_ADDED,"context,valuesFile",C2 capability expansion,minor,2.9.6 2.9.5 2.9.3 2.9.2 2.9.1 2.9.0 2.8.0 2.7.0,not mentioned,
kubernetes,3.1.0,3.6.1,kubectl_reconnect,TOOL_ADDED,,C4 new tool,minor,3.6.1 3.6.0 3.5.1 3.5.0 3.4.0 3.3.0 3.2.2 3.2.1 3.2.0 3.1.1,tool named,
kubernetes,3.1.0,3.6.1,kubectl_delete,SCHEMA_REQUIRED_CHANGED,"+[] -['name', 'namespace', 'resourceType']",C2b contract change,minor,3.6.1 3.6.0 3.5.1 3.5.0 3.4.0 3.3.0 3.2.2 3.2.1 3.2.0 3.1.1,tool named,
kubernetes,3.1.0,3.6.1,kubectl_get,SCHEMA_REQUIRED_CHANGED,"+[] -['name', 'namespace']",C2b contract change,minor,3.6.1 3.6.0 3.5.1 3.5.0 3.4.0 3.3.0 3.2.2 3.2.1 3.2.0 3.1.1,tool named,
kubernetes,3.6.1,4.0.1,kubectl_generic,SCHEMA_PARAM_ADDED,allNamespaces,C2 capability expansion,major,4.0.1 4.0.0 3.9.3 3.9.2 3.9.1 3.9.0 3.8.0 3.7.0 3.6.2,tool named,
kubernetes,4.0.1,4.1.0,kubectl_create,SCHEMA_PARAM_ADDED,fromFileContent,C2 capability expansion,minor,4.1.0 4.0.9 4.0.8 4.0.7 4.0.6 4.0.5 4.0.4 4.0.3 4.0.2,tool named,
notion,1.0.0,1.2.0,API-create-a-comment,SCHEMA_CONSTRAINT,types/enums/defaults/limits changed,C2b contract change,minor,,no notes published,
notion,1.0.0,1.2.0,API-create-a-database,SCHEMA_CONSTRAINT,types/enums/defaults/limits changed,C2b contract change,minor,,no notes published,
notion,1.0.0,1.2.0,API-delete-a-block,SCHEMA_CONSTRAINT,types/enums/defaults/limits changed,C2b contract change,minor,,no notes published,
notion,1.0.0,1.2.0,API-get-block-children,SCHEMA_CONSTRAINT,types/enums/defaults/limits changed,C2b contract change,minor,,no notes published,
notion,1.0.0,1.2.0,API-get-self,SCHEMA_CONSTRAINT,types/enums/defaults/limits changed,C2b contract change,minor,,no notes published,
notion,1.0.0,1.2.0,API-get-user,SCHEMA_CONSTRAINT,types/enums/defaults/limits changed,C2b contract change,minor,,no notes published,
notion,1.0.0,1.2.0,API-get-users,SCHEMA_CONSTRAINT,types/enums/defaults/limits changed,C2b contract change,minor,,no notes published,
notion,1.0.0,1.2.0,API-patch-block-children,SCHEMA_CONSTRAINT,types/enums/defaults/limits changed,C2b contract change,minor,,no notes published,
notion,1.0.0,1.2.0,API-patch-page,SCHEMA_CONSTRAINT,types/enums/defaults/limits changed,C2b contract change,minor,,no notes published,
notion,1.0.0,1.2.0,API-post-database-query,SCHEMA_CONSTRAINT,types/enums/defaults/limits changed,C2b contract change,minor,,no notes published,
notion,1.0.0,1.2.0,API-post-page,SCHEMA_CONSTRAINT,types/enums/defaults/limits changed,C2b contract change,minor,,no notes published,
notion,1.0.0,1.2.0,API-post-search,SCHEMA_CONSTRAINT,types/enums/defaults/limits changed,C2b contract change,minor,,no notes published,
notion,1.0.0,1.2.0,API-retrieve-a-block,SCHEMA_CONSTRAINT,types/enums/defaults/limits changed,C2b contract change,minor,,no notes published,
notion,1.0.0,1.2.0,API-retrieve-a-comment,SCHEMA_CONSTRAINT,types/enums/defaults/limits changed,C2b contract change,minor,,no notes published,
notion,1.0.0,1.2.0,API-retrieve-a-database,SCHEMA_CONSTRAINT,types/enums/defaults/limits changed,C2b contract change,minor,,no notes published,
notion,1.0.0,1.2.0,API-retrieve-a-page,SCHEMA_CONSTRAINT,types/enums/defaults/limits changed,C2b contract change,minor,,no notes published,
notion,1.0.0,1.2.0,API-retrieve-a-page-property,SCHEMA_CONSTRAINT,types/enums/defaults/limits changed,C2b contract change,minor,,no notes published,
notion,1.0.0,1.2.0,API-update-a-block,SCHEMA_CONSTRAINT,types/enums/defaults/limits changed,C2b contract change,minor,,no notes published,
notion,1.0.0,1.2.0,API-update-a-database,SCHEMA_CONSTRAINT,types/enums/defaults/limits changed,C2b contract change,minor,,no notes published,
notion,1.2.0,1.5.0,API-patch-page,SCHEMA_PARAM_ADDED,archived,C2 capability expansion,minor,,no notes published,
notion,1.2.0,1.5.0,API-post-database-query,SCHEMA_PARAM_ADDED,"archived,in_trash",C2 capability expansion,minor,,no notes published,
notion,1.5.0,1.7.0,API-create-a-database,SCHEMA_CONSTRAINT,types/enums/defaults/limits changed,C2b contract change,minor,,no notes published,
notion,1.5.0,1.7.0,API-patch-block-children,SCHEMA_CONSTRAINT,types/enums/defaults/limits changed,C2b contract change,minor,,no notes published,
notion,1.5.0,1.7.0,API-patch-page,SCHEMA_CONSTRAINT,types/enums/defaults/limits changed,C2b contract change,minor,,no notes published,
notion,1.5.0,1.7.0,API-post-database-query,SCHEMA_CONSTRAINT,types/enums/defaults/limits changed,C2b contract change,minor,,no notes published,
notion,1.5.0,1.7.0,API-post-page,SCHEMA_CONSTRAINT,types/enums/defaults/limits changed,C2b contract change,minor,,no notes published,
notion,1.8.1,2.0.0,API-create-a-data-source,TOOL_ADDED,,C4 new tool,major,,no notes published,
notion,1.8.1,2.0.0,API-list-data-source-templates,TOOL_ADDED,,C4 new tool,major,,no notes published,
notion,1.8.1,2.0.0,API-move-page,TOOL_ADDED,,C4 new tool,major,,no notes published,
notion,1.8.1,2.0.0,API-query-data-source,TOOL_ADDED,,C4 new tool,major,,no notes published,
notion,1.8.1,2.0.0,API-retrieve-a-data-source,TOOL_ADDED,,C4 new tool,major,,no notes published,
notion,1.8.1,2.0.0,API-update-a-data-source,TOOL_ADDED,,C4 new tool,major,,no notes published,
notion,1.8.1,2.0.0,API-create-a-comment,SCHEMA_CONSTRAINT,types/enums/defaults/limits changed,C2b contract change,major,,no notes published,
notion,1.8.1,2.0.0,API-delete-a-block,SCHEMA_PARAM_ADDED,Notion-Version,C2 capability expansion,major,,no notes published,
notion,1.8.1,2.0.0,API-get-block-children,SCHEMA_PARAM_ADDED,Notion-Version,C2 capability expansion,major,,no notes published,
notion,1.8.1,2.0.0,API-get-self,SCHEMA_PARAM_ADDED,Notion-Version,C2 capability expansion,major,,no notes published,
notion,1.8.1,2.0.0,API-get-user,SCHEMA_PARAM_ADDED,Notion-Version,C2 capability expansion,major,,no notes published,
notion,1.8.1,2.0.0,API-get-users,SCHEMA_PARAM_ADDED,Notion-Version,C2 capability expansion,major,,no notes published,
notion,1.8.1,2.0.0,API-patch-block-children,SCHEMA_PARAM_ADDED,Notion-Version,C2 capability expansion,major,,no notes published,
notion,1.8.1,2.0.0,API-patch-page,SCHEMA_PARAM_ADDED,Notion-Version,C2 capability expansion,major,,no notes published,
notion,1.8.1,2.0.0,API-post-page,SCHEMA_PARAM_ADDED,Notion-Version,C2 capability expansion,major,,no notes published,
notion,1.8.1,2.0.0,API-post-search,SCHEMA_PARAM_ADDED,Notion-Version,C2 capability expansion,major,,no notes published,
notion,1.8.1,2.0.0,API-retrieve-a-block,SCHEMA_PARAM_ADDED,Notion-Version,C2 capability expansion,major,,no notes published,
notion,1.8.1,2.0.0,API-retrieve-a-comment,SCHEMA_PARAM_ADDED,Notion-Version,C2 capability expansion,major,,no notes published,
notion,1.8.1,2.0.0,API-retrieve-a-page,SCHEMA_PARAM_ADDED,Notion-Version,C2 capability expansion,major,,no notes published,
notion,1.8.1,2.0.0,API-retrieve-a-page-property,SCHEMA_PARAM_ADDED,Notion-Version,C2 capability expansion,major,,no notes published,
notion,1.8.1,2.0.0,API-update-a-block,SCHEMA_PARAM_ADDED,Notion-Version,C2 capability expansion,major,,no notes published,
notion,2.0.0,2.2.0,API-retrieve-a-database,TOOL_ADDED,,C4 new tool,minor,2.1.0,not mentioned,
notion,2.0.0,2.2.0,API-create-a-comment,SCHEMA_CONSTRAINT,types/enums/defaults/limits changed,C2b contract change,minor,2.1.0,not mentioned,
notion,2.0.0,2.2.0,API-create-a-data-source,SCHEMA_CONSTRAINT,types/enums/defaults/limits changed,C2b contract change,minor,2.1.0,not mentioned,
notion,2.0.0,2.2.0,API-delete-a-block,SCHEMA_CONSTRAINT,types/enums/defaults/limits changed,C2b contract change,minor,2.1.0,not mentioned,
notion,2.0.0,2.2.0,API-get-block-children,SCHEMA_CONSTRAINT,types/enums/defaults/limits changed,C2b contract change,minor,2.1.0,not mentioned,
notion,2.0.0,2.2.0,API-get-block-children,HINT_INTRODUCED,readOnlyHint: False->True (safer),C3b risk hint introduced,minor,2.1.0,hints mentioned generally,
notion,2.0.0,2.2.0,API-get-self,SCHEMA_CONSTRAINT,types/enums/defaults/limits changed,C2b contract change,minor,2.1.0,not mentioned,
notion,2.0.0,2.2.0,API-get-self,HINT_INTRODUCED,readOnlyHint: False->True (safer),C3b risk hint introduced,minor,2.1.0,hints mentioned generally,
notion,2.0.0,2.2.0,API-get-user,SCHEMA_CONSTRAINT,types/enums/defaults/limits changed,C2b contract change,minor,2.1.0,not mentioned,
notion,2.0.0,2.2.0,API-get-user,HINT_INTRODUCED,readOnlyHint: False->True (safer),C3b risk hint introduced,minor,2.1.0,hints mentioned generally,
notion,2.0.0,2.2.0,API-get-users,SCHEMA_CONSTRAINT,types/enums/defaults/limits changed,C2b contract change,minor,2.1.0,not mentioned,
notion,2.0.0,2.2.0,API-get-users,HINT_INTRODUCED,readOnlyHint: False->True (safer),C3b risk hint introduced,minor,2.1.0,hints mentioned generally,
notion,2.0.0,2.2.0,API-list-data-source-templates,SCHEMA_CONSTRAINT,types/enums/defaults/limits changed,C2b contract change,minor,2.1.0,not mentioned,
notion,2.0.0,2.2.0,API-list-data-source-templates,HINT_INTRODUCED,readOnlyHint: False->True (safer),C3b risk hint introduced,minor,2.1.0,hints mentioned generally,
notion,2.0.0,2.2.0,API-move-page,SCHEMA_CONSTRAINT,types/enums/defaults/limits changed,C2b contract change,minor,2.1.0,not mentioned,
notion,2.0.0,2.2.0,API-patch-block-children,SCHEMA_CONSTRAINT,types/enums/defaults/limits changed,C2b contract change,minor,2.1.0,not mentioned,
notion,2.0.0,2.2.0,API-patch-page,SCHEMA_CONSTRAINT,types/enums/defaults/limits changed,C2b contract change,minor,2.1.0,not mentioned,
notion,2.0.0,2.2.0,API-post-page,SCHEMA_CONSTRAINT,types/enums/defaults/limits changed,C2b contract change,minor,2.1.0,not mentioned,
notion,2.0.0,2.2.0,API-post-search,SCHEMA_CONSTRAINT,types/enums/defaults/limits changed,C2b contract change,minor,2.1.0,not mentioned,
notion,2.0.0,2.2.0,API-query-data-source,SCHEMA_CONSTRAINT,types/enums/defaults/limits changed,C2b contract change,minor,2.1.0,not mentioned,
notion,2.0.0,2.2.0,API-retrieve-a-block,SCHEMA_CONSTRAINT,types/enums/defaults/limits changed,C2b contract change,minor,2.1.0,not mentioned,
notion,2.0.0,2.2.0,API-retrieve-a-block,HINT_INTRODUCED,readOnlyHint: False->True (safer),C3b risk hint introduced,minor,2.1.0,hints mentioned generally,
notion,2.0.0,2.2.0,API-retrieve-a-comment,SCHEMA_CONSTRAINT,types/enums/defaults/limits changed,C2b contract change,minor,2.1.0,not mentioned,
notion,2.0.0,2.2.0,API-retrieve-a-comment,HINT_INTRODUCED,readOnlyHint: False->True (safer),C3b risk hint introduced,minor,2.1.0,hints mentioned generally,
notion,2.0.0,2.2.0,API-retrieve-a-data-source,SCHEMA_CONSTRAINT,types/enums/defaults/limits changed,C2b contract change,minor,2.1.0,not mentioned,
notion,2.0.0,2.2.0,API-retrieve-a-data-source,HINT_INTRODUCED,readOnlyHint: False->True (safer),C3b risk hint introduced,minor,2.1.0,hints mentioned generally,
notion,2.0.0,2.2.0,API-retrieve-a-page,SCHEMA_CONSTRAINT,types/enums/defaults/limits changed,C2b contract change,minor,2.1.0,not mentioned,
notion,2.0.0,2.2.0,API-retrieve-a-page,HINT_INTRODUCED,readOnlyHint: False->True (safer),C3b risk hint introduced,minor,2.1.0,hints mentioned generally,
notion,2.0.0,2.2.0,API-retrieve-a-page-property,SCHEMA_CONSTRAINT,types/enums/defaults/limits changed,C2b contract change,minor,2.1.0,not mentioned,
notion,2.0.0,2.2.0,API-retrieve-a-page-property,HINT_INTRODUCED,readOnlyHint: False->True (safer),C3b risk hint introduced,minor,2.1.0,hints mentioned generally,
notion,2.0.0,2.2.0,API-update-a-block,SCHEMA_CONSTRAINT,types/enums/defaults/limits changed,C2b contract change,minor,2.1.0,not mentioned,
notion,2.0.0,2.2.0,API-update-a-data-source,SCHEMA_CONSTRAINT,types/enums/defaults/limits changed,C2b contract change,minor,2.1.0,not mentioned,
notion,2.2.0,2.3.1,API-retrieve-page-markdown,TOOL_ADDED,,C4 new tool,minor,,no notes published,
notion,2.2.0,2.3.1,API-update-page-markdown,TOOL_ADDED,,C4 new tool,minor,,no notes published,
notion,2.2.0,2.3.1,API-create-a-comment,SCHEMA_CONSTRAINT,types/enums/defaults/limits changed,C2b contract change,minor,,no notes published,
hubspot,0.1.0,0.2.0,hubspot-get-link,TOOL_ADDED,,C4 new tool,minor on 0.x (breaking by convention),,no notes published,
hubspot,0.1.0,0.2.0,hubspot-list-properties,TOOL_ADDED,,C4 new tool,minor on 0.x (breaking by convention),,no notes published,
hubspot,0.1.0,0.2.0,hubspot-update-engagement,TOOL_ADDED,,C4 new tool,minor on 0.x (breaking by convention),,no notes published,
hubspot,0.2.0,0.3.0,hubspot-get-workflow,TOOL_ADDED,,C4 new tool,minor on 0.x (breaking by convention),,no notes published,
hubspot,0.2.0,0.3.0,hubspot-list-workflows,TOOL_ADDED,,C4 new tool,minor on 0.x (breaking by convention),,no notes published,
hubspot,0.3.2,0.3.3,hubspot-search-objects,SCHEMA_CONSTRAINT,types/enums/defaults/limits changed,C2b contract change,patch,,no notes published,
hubspot,0.3.3,0.4.0,hubspot-batch-create-associations,TOOL_ADDED,,C4 new tool,minor on 0.x (breaking by convention),,no notes published,
stripe,0.2.0,0.2.1,create_coupon,TOOL_ADDED,,C4 new tool,patch,,no notes published,
stripe,0.2.0,0.2.1,list_coupons,TOOL_ADDED,,C4 new tool,patch,,no notes published,
stripe,0.2.1,0.2.2,list_disputes,TOOL_ADDED,,C4 new tool,patch,,no notes published,
stripe,0.2.1,0.2.2,update_dispute,TOOL_ADDED,,C4 new tool,patch,,no notes published,
stripe,0.2.2,0.2.3,search_stripe_documentation,TOOL_ADDED,,C4 new tool,patch,,no notes published,
stripe,0.2.3,0.2.4,list_invoices,TOOL_ADDED,,C4 new tool,patch,,no notes published,
stripe,0.2.3,0.2.4,cancel_subscription,HINT_INTRODUCED,idempotentHint: False->True (safer),C3b risk hint introduced,patch,,no notes published,
stripe,0.2.3,0.2.4,create_coupon,HINT_INTRODUCED,destructiveHint: True->False (safer),C3b risk hint introduced,patch,,no notes published,
stripe,0.2.3,0.2.4,create_customer,HINT_INTRODUCED,destructiveHint: True->False (safer),C3b risk hint introduced,patch,,no notes published,
stripe,0.2.3,0.2.4,create_invoice,HINT_INTRODUCED,destructiveHint: True->False (safer),C3b risk hint introduced,patch,,no notes published,
stripe,0.2.3,0.2.4,create_invoice_item,HINT_INTRODUCED,destructiveHint: True->False (safer),C3b risk hint introduced,patch,,no notes published,
stripe,0.2.3,0.2.4,create_payment_link,SCHEMA_PARAM_ADDED,redirect_url,C2 capability expansion,patch,,no notes published,
stripe,0.2.3,0.2.4,create_payment_link,HINT_INTRODUCED,destructiveHint: True->False (safer),C3b risk hint introduced,patch,,no notes published,
stripe,0.2.3,0.2.4,create_price,HINT_INTRODUCED,destructiveHint: True->False (safer),C3b risk hint introduced,patch,,no notes published,
stripe,0.2.3,0.2.4,create_product,HINT_INTRODUCED,destructiveHint: True->False (safer),C3b risk hint introduced,patch,,no notes published,
stripe,0.2.3,0.2.4,create_refund,HINT_INTRODUCED,destructiveHint: True->False (safer),C3b risk hint introduced,patch,,no notes published,
stripe,0.2.3,0.2.4,finalize_invoice,HINT_INTRODUCED,destructiveHint: True->False (safer),C3b risk hint introduced,patch,,no notes published,
stripe,0.2.3,0.2.4,finalize_invoice,HINT_INTRODUCED,idempotentHint: False->True (safer),C3b risk hint introduced,patch,,no notes published,
stripe,0.2.3,0.2.4,list_coupons,HINT_INTRODUCED,readOnlyHint: False->True (safer),C3b risk hint introduced,patch,,no notes published,
stripe,0.2.3,0.2.4,list_coupons,HINT_INTRODUCED,destructiveHint: True->False (safer),C3b risk hint introduced,patch,,no notes published,
stripe,0.2.3,0.2.4,list_coupons,HINT_INTRODUCED,idempotentHint: False->True (safer),C3b risk hint introduced,patch,,no notes published,
stripe,0.2.3,0.2.4,list_customers,HINT_INTRODUCED,readOnlyHint: False->True (safer),C3b risk hint introduced,patch,,no notes published,
stripe,0.2.3,0.2.4,list_customers,HINT_INTRODUCED,destructiveHint: True->False (safer),C3b risk hint introduced,patch,,no notes published,
stripe,0.2.3,0.2.4,list_customers,HINT_INTRODUCED,idempotentHint: False->True (safer),C3b risk hint introduced,patch,,no notes published,
stripe,0.2.3,0.2.4,list_disputes,HINT_INTRODUCED,readOnlyHint: False->True (safer),C3b risk hint introduced,patch,,no notes published,
stripe,0.2.3,0.2.4,list_disputes,HINT_INTRODUCED,destructiveHint: True->False (safer),C3b risk hint introduced,patch,,no notes published,
stripe,0.2.3,0.2.4,list_disputes,HINT_INTRODUCED,idempotentHint: False->True (safer),C3b risk hint introduced,patch,,no notes published,
stripe,0.2.3,0.2.4,list_payment_intents,HINT_INTRODUCED,readOnlyHint: False->True (safer),C3b risk hint introduced,patch,,no notes published,
stripe,0.2.3,0.2.4,list_payment_intents,HINT_INTRODUCED,destructiveHint: True->False (safer),C3b risk hint introduced,patch,,no notes published,
stripe,0.2.3,0.2.4,list_payment_intents,HINT_INTRODUCED,idempotentHint: False->True (safer),C3b risk hint introduced,patch,,no notes published,
stripe,0.2.3,0.2.4,list_prices,HINT_INTRODUCED,readOnlyHint: False->True (safer),C3b risk hint introduced,patch,,no notes published,
stripe,0.2.3,0.2.4,list_prices,HINT_INTRODUCED,destructiveHint: True->False (safer),C3b risk hint introduced,patch,,no notes published,
stripe,0.2.3,0.2.4,list_prices,HINT_INTRODUCED,idempotentHint: False->True (safer),C3b risk hint introduced,patch,,no notes published,
stripe,0.2.3,0.2.4,list_products,HINT_INTRODUCED,readOnlyHint: False->True (safer),C3b risk hint introduced,patch,,no notes published,
stripe,0.2.3,0.2.4,list_products,HINT_INTRODUCED,destructiveHint: True->False (safer),C3b risk hint introduced,patch,,no notes published,
stripe,0.2.3,0.2.4,list_products,HINT_INTRODUCED,idempotentHint: False->True (safer),C3b risk hint introduced,patch,,no notes published,
stripe,0.2.3,0.2.4,list_subscriptions,HINT_INTRODUCED,readOnlyHint: False->True (safer),C3b risk hint introduced,patch,,no notes published,
stripe,0.2.3,0.2.4,list_subscriptions,HINT_INTRODUCED,destructiveHint: True->False (safer),C3b risk hint introduced,patch,,no notes published,
stripe,0.2.3,0.2.4,list_subscriptions,HINT_INTRODUCED,idempotentHint: False->True (safer),C3b risk hint introduced,patch,,no notes published,
stripe,0.2.3,0.2.4,retrieve_balance,HINT_INTRODUCED,readOnlyHint: False->True (safer),C3b risk hint introduced,patch,,no notes published,
stripe,0.2.3,0.2.4,retrieve_balance,HINT_INTRODUCED,destructiveHint: True->False (safer),C3b risk hint introduced,patch,,no notes published,
stripe,0.2.3,0.2.4,retrieve_balance,HINT_INTRODUCED,idempotentHint: False->True (safer),C3b risk hint introduced,patch,,no notes published,
stripe,0.2.3,0.2.4,search_stripe_documentation,HINT_INTRODUCED,readOnlyHint: False->True (safer),C3b risk hint introduced,patch,,no notes published,
stripe,0.2.3,0.2.4,search_stripe_documentation,HINT_INTRODUCED,destructiveHint: True->False (safer),C3b risk hint introduced,patch,,no notes published,
stripe,0.2.3,0.2.4,search_stripe_documentation,HINT_INTRODUCED,idempotentHint: False->True (safer),C3b risk hint introduced,patch,,no notes published,
stripe,0.2.3,0.2.4,update_dispute,HINT_INTRODUCED,destructiveHint: True->False (safer),C3b risk hint introduced,patch,,no notes published,
stripe,0.2.3,0.2.4,update_subscription,HINT_INTRODUCED,destructiveHint: True->False (safer),C3b risk hint introduced,patch,,no notes published,
figma,0.2.2,0.4.1,download_figma_images,SCHEMA_PARAM_ADDED,"pngScale,svgOptions",C2 capability expansion,minor on 0.x (breaking by convention),0.4.1 0.4.0 0.3.1 0.3.0,tool named,
figma,0.5.1,0.6.1,download_figma_images,SCHEMA_CONSTRAINT,types/enums/defaults/limits changed,C2b contract change,minor on 0.x (breaking by convention),0.6.1 0.6.0 0.5.2,tool named,
figma,0.6.1,0.6.6,download_figma_images,SCHEMA_CONSTRAINT,types/enums/defaults/limits changed,C2b contract change,patch,0.6.6 0.6.5 0.6.4 0.6.3 0.6.2,not mentioned,
figma,0.6.1,0.6.6,get_figma_data,SCHEMA_CONSTRAINT,types/enums/defaults/limits changed,C2b contract change,patch,0.6.6 0.6.5 0.6.4 0.6.3 0.6.2,not mentioned,
figma,0.6.1,0.6.6,get_figma_data,HINT_INTRODUCED,readOnlyHint: False->True (safer),C3b risk hint introduced,patch,0.6.6 0.6.5 0.6.4 0.6.3 0.6.2,not mentioned,
figma,0.6.6,0.8.1,download_figma_images,SCHEMA_CONSTRAINT,types/enums/defaults/limits changed,C2b contract change,minor on 0.x (breaking by convention),0.8.1 0.8.0 0.7.1 0.7.0,not mentioned,
sentry,0.4.0,0.8.0,begin_seer_issue_fix,TOOL_ADDED,,C4 new tool,minor on 0.x (breaking by convention),,no notes published,
sentry,0.4.0,0.8.0,get_seer_issue_fix_status,TOOL_ADDED,,C4 new tool,minor on 0.x (breaking by convention),,no notes published,
sentry,0.4.0,0.8.0,create_dsn,SCHEMA_PARAM_ADDED,regionUrl,C2 capability expansion,minor on 0.x (breaking by convention),,no notes published,
sentry,0.4.0,0.8.0,create_project,SCHEMA_PARAM_ADDED,regionUrl,C2 capability expansion,minor on 0.x (breaking by convention),,no notes published,
sentry,0.4.0,0.8.0,create_team,SCHEMA_PARAM_ADDED,regionUrl,C2 capability expansion,minor on 0.x (breaking by convention),,no notes published,
sentry,0.4.0,0.8.0,get_issue_details,SCHEMA_PARAM_ADDED,"eventId,regionUrl",C2 capability expansion,minor on 0.x (breaking by convention),,no notes published,
sentry,0.4.0,0.8.0,get_issue_summary,SCHEMA_PARAM_ADDED,regionUrl,C2 capability expansion,minor on 0.x (breaking by convention),,no notes published,
sentry,0.4.0,0.8.0,list_dsns,SCHEMA_PARAM_ADDED,regionUrl,C2 capability expansion,minor on 0.x (breaking by convention),,no notes published,
sentry,0.4.0,0.8.0,list_issues,SCHEMA_PARAM_ADDED,regionUrl,C2 capability expansion,minor on 0.x (breaking by convention),,no notes published,
sentry,0.4.0,0.8.0,list_organizations,SCHEMA_CONSTRAINT,types/enums/defaults/limits changed,C2b contract change,minor on 0.x (breaking by convention),,no notes published,
sentry,0.4.0,0.8.0,list_projects,SCHEMA_PARAM_ADDED,regionUrl,C2 capability expansion,minor on 0.x (breaking by convention),,no notes published,
sentry,0.4.0,0.8.0,list_releases,SCHEMA_PARAM_ADDED,regionUrl,C2 capability expansion,minor on 0.x (breaking by convention),,no notes published,
sentry,0.4.0,0.8.0,list_tags,SCHEMA_PARAM_ADDED,regionUrl,C2 capability expansion,minor on 0.x (breaking by convention),,no notes published,
sentry,0.4.0,0.8.0,list_teams,SCHEMA_PARAM_ADDED,regionUrl,C2 capability expansion,minor on 0.x (breaking by convention),,no notes published,
sentry,0.4.0,0.8.0,search_errors,SCHEMA_PARAM_ADDED,regionUrl,C2 capability expansion,minor on 0.x (breaking by convention),,no notes published,
sentry,0.4.0,0.8.0,search_transactions,SCHEMA_PARAM_ADDED,regionUrl,C2 capability expansion,minor on 0.x (breaking by convention),,no notes published,
sentry,0.8.0,0.13.0,analyze_issue_with_seer,TOOL_ADDED,,C4 new tool,minor on 0.x (breaking by convention),,no notes published,
sentry,0.8.0,0.13.0,find_dsns,TOOL_ADDED,,C4 new tool,minor on 0.x (breaking by convention),,no notes published,
sentry,0.8.0,0.13.0,find_errors,TOOL_ADDED,,C4 new tool,minor on 0.x (breaking by convention),,no notes published,
sentry,0.8.0,0.13.0,find_issues,TOOL_ADDED,,C4 new tool,minor on 0.x (breaking by convention),,no notes published,
sentry,0.8.0,0.13.0,find_organizations,TOOL_ADDED,,C4 new tool,minor on 0.x (breaking by convention),,no notes published,
sentry,0.8.0,0.13.0,find_projects,TOOL_ADDED,,C4 new tool,minor on 0.x (breaking by convention),,no notes published,
sentry,0.8.0,0.13.0,find_releases,TOOL_ADDED,,C4 new tool,minor on 0.x (breaking by convention),,no notes published,
sentry,0.8.0,0.13.0,find_tags,TOOL_ADDED,,C4 new tool,minor on 0.x (breaking by convention),,no notes published,
sentry,0.8.0,0.13.0,find_teams,TOOL_ADDED,,C4 new tool,minor on 0.x (breaking by convention),,no notes published,
sentry,0.8.0,0.13.0,find_transactions,TOOL_ADDED,,C4 new tool,minor on 0.x (breaking by convention),,no notes published,
sentry,0.8.0,0.13.0,get_doc,TOOL_ADDED,,C4 new tool,minor on 0.x (breaking by convention),,no notes published,
sentry,0.8.0,0.13.0,get_event_attachment,TOOL_ADDED,,C4 new tool,minor on 0.x (breaking by convention),,no notes published,
sentry,0.8.0,0.13.0,search_docs,TOOL_ADDED,,C4 new tool,minor on 0.x (breaking by convention),,no notes published,
sentry,0.8.0,0.13.0,update_issue,TOOL_ADDED,,C4 new tool,minor on 0.x (breaking by convention),,no notes published,
sentry,0.8.0,0.13.0,update_project,TOOL_ADDED,,C4 new tool,minor on 0.x (breaking by convention),,no notes published,
sentry,0.8.0,0.13.0,whoami,TOOL_ADDED,,C4 new tool,minor on 0.x (breaking by convention),,no notes published,
sentry,0.8.0,0.13.0,create_dsn,SCHEMA_REQUIRED_CHANGED,+['organizationSlug'] -[],C2b contract change,minor on 0.x (breaking by convention),,no notes published,
sentry,0.8.0,0.13.0,create_project,SCHEMA_REQUIRED_CHANGED,+['organizationSlug'] -[],C2b contract change,minor on 0.x (breaking by convention),,no notes published,
sentry,0.8.0,0.13.0,create_team,SCHEMA_REQUIRED_CHANGED,+['organizationSlug'] -[],C2b contract change,minor on 0.x (breaking by convention),,no notes published,
sentry,0.13.0,0.17.1,search_events,TOOL_ADDED,,C4 new tool,minor on 0.x (breaking by convention),,no notes published,
sentry,0.13.0,0.17.1,search_issues,TOOL_ADDED,,C4 new tool,minor on 0.x (breaking by convention),,no notes published,
sentry,0.17.1,0.23.0,get_trace_details,TOOL_ADDED,,C4 new tool,minor on 0.x (breaking by convention),,no notes published,
sentry,0.17.1,0.23.0,analyze_issue_with_seer,SCHEMA_CONSTRAINT,types/enums/defaults/limits changed,C2b contract change,minor on 0.x (breaking by convention),,no notes published,
sentry,0.17.1,0.23.0,analyze_issue_with_seer,HINT_INTRODUCED,destructiveHint: True->False (safer),C3b risk hint introduced,minor on 0.x (breaking by convention),,no notes published,
sentry,0.17.1,0.23.0,create_dsn,SCHEMA_CONSTRAINT,types/enums/defaults/limits changed,C2b contract change,minor on 0.x (breaking by convention),,no notes published,
sentry,0.17.1,0.23.0,create_dsn,HINT_INTRODUCED,destructiveHint: True->False (safer),C3b risk hint introduced,minor on 0.x (breaking by convention),,no notes published,
sentry,0.17.1,0.23.0,create_project,SCHEMA_CONSTRAINT,types/enums/defaults/limits changed,C2b contract change,minor on 0.x (breaking by convention),,no notes published,
sentry,0.17.1,0.23.0,create_project,HINT_INTRODUCED,destructiveHint: True->False (safer),C3b risk hint introduced,minor on 0.x (breaking by convention),,no notes published,
sentry,0.17.1,0.23.0,create_team,SCHEMA_CONSTRAINT,types/enums/defaults/limits changed,C2b contract change,minor on 0.x (breaking by convention),,no notes published,
sentry,0.17.1,0.23.0,create_team,HINT_INTRODUCED,destructiveHint: True->False (safer),C3b risk hint introduced,minor on 0.x (breaking by convention),,no notes published,
sentry,0.17.1,0.23.0,find_dsns,SCHEMA_CONSTRAINT,types/enums/defaults/limits changed,C2b contract change,minor on 0.x (breaking by convention),,no notes published,
sentry,0.17.1,0.23.0,find_dsns,HINT_INTRODUCED,readOnlyHint: False->True (safer),C3b risk hint introduced,minor on 0.x (breaking by convention),,no notes published,
sentry,0.17.1,0.23.0,find_organizations,SCHEMA_PARAM_ADDED,query,C2 capability expansion,minor on 0.x (breaking by convention),,no notes published,
sentry,0.17.1,0.23.0,find_organizations,HINT_INTRODUCED,readOnlyHint: False->True (safer),C3b risk hint introduced,minor on 0.x (breaking by convention),,no notes published,
sentry,0.17.1,0.23.0,find_projects,SCHEMA_PARAM_ADDED,query,C2 capability expansion,minor on 0.x (breaking by convention),,no notes published,
sentry,0.17.1,0.23.0,find_projects,HINT_INTRODUCED,readOnlyHint: False->True (safer),C3b risk hint introduced,minor on 0.x (breaking by convention),,no notes published,
sentry,0.17.1,0.23.0,find_releases,SCHEMA_CONSTRAINT,types/enums/defaults/limits changed,C2b contract change,minor on 0.x (breaking by convention),,no notes published,
sentry,0.17.1,0.23.0,find_releases,HINT_INTRODUCED,readOnlyHint: False->True (safer),C3b risk hint introduced,minor on 0.x (breaking by convention),,no notes published,
sentry,0.17.1,0.23.0,find_teams,SCHEMA_PARAM_ADDED,query,C2 capability expansion,minor on 0.x (breaking by convention),,no notes published,
sentry,0.17.1,0.23.0,find_teams,HINT_INTRODUCED,readOnlyHint: False->True (safer),C3b risk hint introduced,minor on 0.x (breaking by convention),,no notes published,
sentry,0.17.1,0.23.0,get_doc,HINT_INTRODUCED,readOnlyHint: False->True (safer),C3b risk hint introduced,minor on 0.x (breaking by convention),,no notes published,
sentry,0.17.1,0.23.0,get_event_attachment,SCHEMA_CONSTRAINT,types/enums/defaults/limits changed,C2b contract change,minor on 0.x (breaking by convention),,no notes published,
sentry,0.17.1,0.23.0,get_event_attachment,HINT_INTRODUCED,readOnlyHint: False->True (safer),C3b risk hint introduced,minor on 0.x (breaking by convention),,no notes published,
sentry,0.17.1,0.23.0,get_issue_details,SCHEMA_CONSTRAINT,types/enums/defaults/limits changed,C2b contract change,minor on 0.x (breaking by convention),,no notes published,
sentry,0.17.1,0.23.0,get_issue_details,HINT_INTRODUCED,readOnlyHint: False->True (safer),C3b risk hint introduced,minor on 0.x (breaking by convention),,no notes published,
sentry,0.17.1,0.23.0,search_docs,SCHEMA_CONSTRAINT,types/enums/defaults/limits changed,C2b contract change,minor on 0.x (breaking by convention),,no notes published,
sentry,0.17.1,0.23.0,search_docs,HINT_INTRODUCED,readOnlyHint: False->True (safer),C3b risk hint introduced,minor on 0.x (breaking by convention),,no notes published,
sentry,0.17.1,0.23.0,search_events,SCHEMA_CONSTRAINT,types/enums/defaults/limits changed,C2b contract change,minor on 0.x (breaking by convention),,no notes published,
sentry,0.17.1,0.23.0,search_events,HINT_INTRODUCED,readOnlyHint: False->True (safer),C3b risk hint introduced,minor on 0.x (breaking by convention),,no notes published,
sentry,0.17.1,0.23.0,search_issues,SCHEMA_CONSTRAINT,types/enums/defaults/limits changed,C2b contract change,minor on 0.x (breaking by convention),,no notes published,
sentry,0.17.1,0.23.0,search_issues,HINT_INTRODUCED,readOnlyHint: False->True (safer),C3b risk hint introduced,minor on 0.x (breaking by convention),,no notes published,
sentry,0.17.1,0.23.0,update_issue,SCHEMA_CONSTRAINT,types/enums/defaults/limits changed,C2b contract change,minor on 0.x (breaking by convention),,no notes published,
sentry,0.17.1,0.23.0,update_issue,HINT_INTRODUCED,idempotentHint: False->True (safer),C3b risk hint introduced,minor on 0.x (breaking by convention),,no notes published,
sentry,0.17.1,0.23.0,update_project,SCHEMA_CONSTRAINT,types/enums/defaults/limits changed,C2b contract change,minor on 0.x (breaking by convention),,no notes published,
sentry,0.17.1,0.23.0,update_project,HINT_INTRODUCED,idempotentHint: False->True (safer),C3b risk hint introduced,minor on 0.x (breaking by convention),,no notes published,
sentry,0.17.1,0.23.0,whoami,HINT_INTRODUCED,readOnlyHint: False->True (safer),C3b risk hint introduced,minor on 0.x (breaking by convention),,no notes published,
sentry,0.23.0,0.27.0,get_issue_tag_values,TOOL_ADDED,,C4 new tool,minor on 0.x (breaking by convention),,no notes published,
sentry,0.23.0,0.27.0,list_events,TOOL_ADDED,,C4 new tool,minor on 0.x (breaking by convention),,no notes published,
sentry,0.23.0,0.27.0,list_issue_events,TOOL_ADDED,,C4 new tool,minor on 0.x (breaking by convention),,no notes published,
sentry,0.23.0,0.27.0,list_issues,TOOL_ADDED,,C4 new tool,minor on 0.x (breaking by convention),,no notes published,
sentry,0.27.0,0.32.0,get_profile_details,TOOL_ADDED,,C4 new tool,minor on 0.x (breaking by convention),,no notes published,
sentry,0.27.0,0.32.0,get_replay_details,TOOL_ADDED,,C4 new tool,minor on 0.x (breaking by convention),,no notes published,
sentry,0.27.0,0.32.0,get_sentry_resource,TOOL_ADDED,,C4 new tool,minor on 0.x (breaking by convention),,no notes published,
sentry,0.32.0,0.37.0,execute_sentry_tool,TOOL_ADDED,,C4 new tool,minor on 0.x (breaking by convention),,no notes published,
sentry,0.32.0,0.37.0,search_events,TOOL_ADDED,,C4 new tool,minor on 0.x (breaking by convention),,no notes published,
sentry,0.32.0,0.37.0,search_issues,TOOL_ADDED,,C4 new tool,minor on 0.x (breaking by convention),,no notes published,
sentry,0.32.0,0.37.0,search_sentry_tools,TOOL_ADDED,,C4 new tool,minor on 0.x (breaking by convention),,no notes published,
sentry,0.32.0,0.37.0,get_sentry_resource,SCHEMA_CONSTRAINT,types/enums/defaults/limits changed,C2b contract change,minor on 0.x (breaking by convention),,no notes published,
sentry,0.32.0,0.37.0,update_issue,SCHEMA_PARAM_ADDED,"ignoreCount,ignoreDurationMinutes,ignoreMode,ignoreUserCount,ignoreUserWindowMinutes,ignoreWindowMinutes,reason",C2 capability expansion,minor on 0.x (breaking by convention),,no notes published,
sentry,0.32.0,0.37.0,update_issue,HINT_FLIP,idempotentHint: True->False (riskier),C3a risk-hint flip,minor on 0.x (breaking by convention),,no notes published,
sentry,0.37.0,0.42.0,execute_sentry_tool,SCHEMA_CONSTRAINT,types/enums/defaults/limits changed,C2b contract change,minor on 0.x (breaking by convention),,no notes published,
sentry,0.37.0,0.42.0,find_organizations,HINT_INTRODUCED,destructiveHint: True->False (safer),C3b risk hint introduced,minor on 0.x (breaking by convention),,no notes published,
sentry,0.37.0,0.42.0,find_projects,HINT_INTRODUCED,destructiveHint: True->False (safer),C3b risk hint introduced,minor on 0.x (breaking by convention),,no notes published,
sentry,0.37.0,0.42.0,get_sentry_resource,SCHEMA_CONSTRAINT,types/enums/defaults/limits changed,C2b contract change,minor on 0.x (breaking by convention),,no notes published,
sentry,0.37.0,0.42.0,get_sentry_resource,HINT_INTRODUCED,destructiveHint: True->False (safer),C3b risk hint introduced,minor on 0.x (breaking by convention),,no notes published,
sentry,0.37.0,0.42.0,search_events,SCHEMA_CONSTRAINT,types/enums/defaults/limits changed,C2b contract change,minor on 0.x (breaking by convention),,no notes published,
sentry,0.37.0,0.42.0,search_events,HINT_INTRODUCED,destructiveHint: True->False (safer),C3b risk hint introduced,minor on 0.x (breaking by convention),,no notes published,
sentry,0.37.0,0.42.0,search_issues,SCHEMA_CONSTRAINT,types/enums/defaults/limits changed,C2b contract change,minor on 0.x (breaking by convention),,no notes published,
sentry,0.37.0,0.42.0,search_issues,HINT_INTRODUCED,destructiveHint: True->False (safer),C3b risk hint introduced,minor on 0.x (breaking by convention),,no notes published,
sentry,0.37.0,0.42.0,search_sentry_tools,HINT_INTRODUCED,destructiveHint: True->False (safer),C3b risk hint introduced,minor on 0.x (breaking by convention),,no notes published,
sentry,0.37.0,0.42.0,update_issue,SCHEMA_CONSTRAINT,types/enums/defaults/limits changed,C2b contract change,minor on 0.x (breaking by convention),,no notes published,
heroku,0.0.1,1.0.1,deploy_one_off_dyno,TOOL_ADDED,,C4 new tool,major,1.0.1 1.0.0,not mentioned,
heroku,0.0.1,1.0.1,deploy_to_heroku,SCHEMA_REQUIRED_CHANGED,+['appJson'] -[],C2b contract change,major,1.0.1 1.0.0,not mentioned,
heroku,1.0.3,1.0.6,list_ai_available_models,TOOL_ADDED,,C4 new tool,patch,1.0.6 1.0.5 1.0.4,not mentioned,
heroku,1.0.3,1.0.6,make_ai_inference,TOOL_ADDED,,C4 new tool,patch,1.0.6 1.0.5 1.0.4,not mentioned,
heroku,1.0.3,1.0.6,provision_ai_model,TOOL_ADDED,,C4 new tool,patch,1.0.6 1.0.5 1.0.4,not mentioned,
heroku,1.2.1,1.2.3,deploy_one_off_dyno,SCHEMA_CONSTRAINT,types/enums/defaults/limits changed,C2b contract change,patch,1.2.3 1.2.2,not mentioned,
playwright,0.0.9,0.0.19,browser_console_messages,TOOL_ADDED,,C4 new tool,patch,0.0.19 0.0.18 0.0.17 0.0.16 0.0.15 0.0.14 0.0.13 0.0.11 0.0.10,not mentioned,
playwright,0.0.9,0.0.19,browser_drag,TOOL_ADDED,,C4 new tool,patch,0.0.19 0.0.18 0.0.17 0.0.16 0.0.15 0.0.14 0.0.13 0.0.11 0.0.10,not mentioned,
playwright,0.0.9,0.0.19,browser_file_upload,TOOL_ADDED,,C4 new tool,patch,0.0.19 0.0.18 0.0.17 0.0.16 0.0.15 0.0.14 0.0.13 0.0.11 0.0.10,not mentioned,
playwright,0.0.9,0.0.19,browser_generate_playwright_test,TOOL_ADDED,,C4 new tool,patch,0.0.19 0.0.18 0.0.17 0.0.16 0.0.15 0.0.14 0.0.13 0.0.11 0.0.10,not mentioned,
playwright,0.0.9,0.0.19,browser_handle_dialog,TOOL_ADDED,,C4 new tool,patch,0.0.19 0.0.18 0.0.17 0.0.16 0.0.15 0.0.14 0.0.13 0.0.11 0.0.10,not mentioned,
playwright,0.0.9,0.0.19,browser_navigate_back,TOOL_ADDED,,C4 new tool,patch,0.0.19 0.0.18 0.0.17 0.0.16 0.0.15 0.0.14 0.0.13 0.0.11 0.0.10,not mentioned,
playwright,0.0.9,0.0.19,browser_navigate_forward,TOOL_ADDED,,C4 new tool,patch,0.0.19 0.0.18 0.0.17 0.0.16 0.0.15 0.0.14 0.0.13 0.0.11 0.0.10,not mentioned,
playwright,0.0.9,0.0.19,browser_network_requests,TOOL_ADDED,,C4 new tool,patch,0.0.19 0.0.18 0.0.17 0.0.16 0.0.15 0.0.14 0.0.13 0.0.11 0.0.10,not mentioned,
playwright,0.0.9,0.0.19,browser_pdf_save,TOOL_ADDED,,C4 new tool,patch,0.0.19 0.0.18 0.0.17 0.0.16 0.0.15 0.0.14 0.0.13 0.0.11 0.0.10,not mentioned,
playwright,0.0.9,0.0.19,browser_resize,TOOL_ADDED,,C4 new tool,patch,0.0.19 0.0.18 0.0.17 0.0.16 0.0.15 0.0.14 0.0.13 0.0.11 0.0.10,tool named,
playwright,0.0.9,0.0.19,browser_tab_close,TOOL_ADDED,,C4 new tool,patch,0.0.19 0.0.18 0.0.17 0.0.16 0.0.15 0.0.14 0.0.13 0.0.11 0.0.10,not mentioned,
playwright,0.0.9,0.0.19,browser_tab_list,TOOL_ADDED,,C4 new tool,patch,0.0.19 0.0.18 0.0.17 0.0.16 0.0.15 0.0.14 0.0.13 0.0.11 0.0.10,not mentioned,
playwright,0.0.9,0.0.19,browser_tab_new,TOOL_ADDED,,C4 new tool,patch,0.0.19 0.0.18 0.0.17 0.0.16 0.0.15 0.0.14 0.0.13 0.0.11 0.0.10,not mentioned,
playwright,0.0.9,0.0.19,browser_tab_select,TOOL_ADDED,,C4 new tool,patch,0.0.19 0.0.18 0.0.17 0.0.16 0.0.15 0.0.14 0.0.13 0.0.11 0.0.10,not mentioned,
playwright,0.0.9,0.0.19,browser_take_screenshot,SCHEMA_PARAM_ADDED,"element,ref",C2 capability expansion,patch,0.0.19 0.0.18 0.0.17 0.0.16 0.0.15 0.0.14 0.0.13 0.0.11 0.0.10,not mentioned,
playwright,0.0.9,0.0.19,browser_type,SCHEMA_PARAM_ADDED,slowly,C2 capability expansion,patch,0.0.19 0.0.18 0.0.17 0.0.16 0.0.15 0.0.14 0.0.13 0.0.11 0.0.10,not mentioned,
playwright,0.0.19,0.0.28,browser_wait_for,TOOL_ADDED,,C4 new tool,patch,0.0.28 0.0.27 0.0.26 0.0.25 0.0.24 0.0.22 0.0.21 0.0.20,not mentioned,
playwright,0.0.19,0.0.28,browser_close,HINT_INTRODUCED,readOnlyHint: False->True (safer),C3b risk hint introduced,patch,0.0.28 0.0.27 0.0.26 0.0.25 0.0.24 0.0.22 0.0.21 0.0.20,not mentioned,
playwright,0.0.19,0.0.28,browser_close,HINT_INTRODUCED,destructiveHint: True->False (safer),C3b risk hint introduced,patch,0.0.28 0.0.27 0.0.26 0.0.25 0.0.24 0.0.22 0.0.21 0.0.20,not mentioned,
playwright,0.0.19,0.0.28,browser_console_messages,HINT_INTRODUCED,readOnlyHint: False->True (safer),C3b risk hint introduced,patch,0.0.28 0.0.27 0.0.26 0.0.25 0.0.24 0.0.22 0.0.21 0.0.20,not mentioned,
playwright,0.0.19,0.0.28,browser_console_messages,HINT_INTRODUCED,destructiveHint: True->False (safer),C3b risk hint introduced,patch,0.0.28 0.0.27 0.0.26 0.0.25 0.0.24 0.0.22 0.0.21 0.0.20,not mentioned,
playwright,0.0.19,0.0.28,browser_generate_playwright_test,HINT_INTRODUCED,readOnlyHint: False->True (safer),C3b risk hint introduced,patch,0.0.28 0.0.27 0.0.26 0.0.25 0.0.24 0.0.22 0.0.21 0.0.20,not mentioned,
playwright,0.0.19,0.0.28,browser_generate_playwright_test,HINT_INTRODUCED,destructiveHint: True->False (safer),C3b risk hint introduced,patch,0.0.28 0.0.27 0.0.26 0.0.25 0.0.24 0.0.22 0.0.21 0.0.20,not mentioned,
playwright,0.0.19,0.0.28,browser_hover,HINT_INTRODUCED,readOnlyHint: False->True (safer),C3b risk hint introduced,patch,0.0.28 0.0.27 0.0.26 0.0.25 0.0.24 0.0.22 0.0.21 0.0.20,not mentioned,
playwright,0.0.19,0.0.28,browser_hover,HINT_INTRODUCED,destructiveHint: True->False (safer),C3b risk hint introduced,patch,0.0.28 0.0.27 0.0.26 0.0.25 0.0.24 0.0.22 0.0.21 0.0.20,not mentioned,
playwright,0.0.19,0.0.28,browser_navigate_back,HINT_INTRODUCED,readOnlyHint: False->True (safer),C3b risk hint introduced,patch,0.0.28 0.0.27 0.0.26 0.0.25 0.0.24 0.0.22 0.0.21 0.0.20,not mentioned,
playwright,0.0.19,0.0.28,browser_navigate_back,HINT_INTRODUCED,destructiveHint: True->False (safer),C3b risk hint introduced,patch,0.0.28 0.0.27 0.0.26 0.0.25 0.0.24 0.0.22 0.0.21 0.0.20,not mentioned,
playwright,0.0.19,0.0.28,browser_navigate_forward,HINT_INTRODUCED,readOnlyHint: False->True (safer),C3b risk hint introduced,patch,0.0.28 0.0.27 0.0.26 0.0.25 0.0.24 0.0.22 0.0.21 0.0.20,not mentioned,
playwright,0.0.19,0.0.28,browser_navigate_forward,HINT_INTRODUCED,destructiveHint: True->False (safer),C3b risk hint introduced,patch,0.0.28 0.0.27 0.0.26 0.0.25 0.0.24 0.0.22 0.0.21 0.0.20,not mentioned,
playwright,0.0.19,0.0.28,browser_network_requests,HINT_INTRODUCED,readOnlyHint: False->True (safer),C3b risk hint introduced,patch,0.0.28 0.0.27 0.0.26 0.0.25 0.0.24 0.0.22 0.0.21 0.0.20,not mentioned,
playwright,0.0.19,0.0.28,browser_network_requests,HINT_INTRODUCED,destructiveHint: True->False (safer),C3b risk hint introduced,patch,0.0.28 0.0.27 0.0.26 0.0.25 0.0.24 0.0.22 0.0.21 0.0.20,not mentioned,
playwright,0.0.19,0.0.28,browser_pdf_save,SCHEMA_PARAM_ADDED,filename,C2 capability expansion,patch,0.0.28 0.0.27 0.0.26 0.0.25 0.0.24 0.0.22 0.0.21 0.0.20,not mentioned,
playwright,0.0.19,0.0.28,browser_pdf_save,HINT_INTRODUCED,readOnlyHint: False->True (safer),C3b risk hint introduced,patch,0.0.28 0.0.27 0.0.26 0.0.25 0.0.24 0.0.22 0.0.21 0.0.20,not mentioned,
playwright,0.0.19,0.0.28,browser_pdf_save,HINT_INTRODUCED,destructiveHint: True->False (safer),C3b risk hint introduced,patch,0.0.28 0.0.27 0.0.26 0.0.25 0.0.24 0.0.22 0.0.21 0.0.20,not mentioned,
playwright,0.0.19,0.0.28,browser_resize,HINT_INTRODUCED,readOnlyHint: False->True (safer),C3b risk hint introduced,patch,0.0.28 0.0.27 0.0.26 0.0.25 0.0.24 0.0.22 0.0.21 0.0.20,not mentioned,
playwright,0.0.19,0.0.28,browser_resize,HINT_INTRODUCED,destructiveHint: True->False (safer),C3b risk hint introduced,patch,0.0.28 0.0.27 0.0.26 0.0.25 0.0.24 0.0.22 0.0.21 0.0.20,not mentioned,
playwright,0.0.19,0.0.28,browser_snapshot,HINT_INTRODUCED,readOnlyHint: False->True (safer),C3b risk hint introduced,patch,0.0.28 0.0.27 0.0.26 0.0.25 0.0.24 0.0.22 0.0.21 0.0.20,not mentioned,
playwright,0.0.19,0.0.28,browser_snapshot,HINT_INTRODUCED,destructiveHint: True->False (safer),C3b risk hint introduced,patch,0.0.28 0.0.27 0.0.26 0.0.25 0.0.24 0.0.22 0.0.21 0.0.20,not mentioned,
playwright,0.0.19,0.0.28,browser_tab_list,HINT_INTRODUCED,readOnlyHint: False->True (safer),C3b risk hint introduced,patch,0.0.28 0.0.27 0.0.26 0.0.25 0.0.24 0.0.22 0.0.21 0.0.20,not mentioned,
playwright,0.0.19,0.0.28,browser_tab_list,HINT_INTRODUCED,destructiveHint: True->False (safer),C3b risk hint introduced,patch,0.0.28 0.0.27 0.0.26 0.0.25 0.0.24 0.0.22 0.0.21 0.0.20,not mentioned,
playwright,0.0.19,0.0.28,browser_tab_new,HINT_INTRODUCED,readOnlyHint: False->True (safer),C3b risk hint introduced,patch,0.0.28 0.0.27 0.0.26 0.0.25 0.0.24 0.0.22 0.0.21 0.0.20,not mentioned,
playwright,0.0.19,0.0.28,browser_tab_new,HINT_INTRODUCED,destructiveHint: True->False (safer),C3b risk hint introduced,patch,0.0.28 0.0.27 0.0.26 0.0.25 0.0.24 0.0.22 0.0.21 0.0.20,not mentioned,
playwright,0.0.19,0.0.28,browser_tab_select,HINT_INTRODUCED,readOnlyHint: False->True (safer),C3b risk hint introduced,patch,0.0.28 0.0.27 0.0.26 0.0.25 0.0.24 0.0.22 0.0.21 0.0.20,not mentioned,
playwright,0.0.19,0.0.28,browser_tab_select,HINT_INTRODUCED,destructiveHint: True->False (safer),C3b risk hint introduced,patch,0.0.28 0.0.27 0.0.26 0.0.25 0.0.24 0.0.22 0.0.21 0.0.20,not mentioned,
playwright,0.0.19,0.0.28,browser_take_screenshot,SCHEMA_PARAM_ADDED,filename,C2 capability expansion,patch,0.0.28 0.0.27 0.0.26 0.0.25 0.0.24 0.0.22 0.0.21 0.0.20,not mentioned,
playwright,0.0.19,0.0.28,browser_take_screenshot,HINT_INTRODUCED,readOnlyHint: False->True (safer),C3b risk hint introduced,patch,0.0.28 0.0.27 0.0.26 0.0.25 0.0.24 0.0.22 0.0.21 0.0.20,not mentioned,
playwright,0.0.19,0.0.28,browser_take_screenshot,HINT_INTRODUCED,destructiveHint: True->False (safer),C3b risk hint introduced,patch,0.0.28 0.0.27 0.0.26 0.0.25 0.0.24 0.0.22 0.0.21 0.0.20,not mentioned,
playwright,0.0.28,0.0.36,browser_evaluate,TOOL_ADDED,,C4 new tool,patch,0.0.36 0.0.35 0.0.34 0.0.33 0.0.32 0.0.31 0.0.30 0.0.29,tool named,
playwright,0.0.28,0.0.36,browser_fill_form,TOOL_ADDED,,C4 new tool,patch,0.0.36 0.0.35 0.0.34 0.0.33 0.0.32 0.0.31 0.0.30 0.0.29,not mentioned,
playwright,0.0.28,0.0.36,browser_tabs,TOOL_ADDED,,C4 new tool,patch,0.0.36 0.0.35 0.0.34 0.0.33 0.0.32 0.0.31 0.0.30 0.0.29,tool named,
playwright,0.0.28,0.0.36,browser_click,SCHEMA_PARAM_ADDED,"button,doubleClick",C2 capability expansion,patch,0.0.36 0.0.35 0.0.34 0.0.33 0.0.32 0.0.31 0.0.30 0.0.29,not mentioned,
playwright,0.0.28,0.0.36,browser_take_screenshot,SCHEMA_PARAM_ADDED,"fullPage,type",C2 capability expansion,patch,0.0.36 0.0.35 0.0.34 0.0.33 0.0.32 0.0.31 0.0.30 0.0.29,tool named,
playwright,0.0.36,0.0.43,browser_click,SCHEMA_PARAM_ADDED,modifiers,C2 capability expansion,patch,0.0.43 0.0.42 0.0.41 0.0.40 0.0.39 0.0.38 0.0.37,not mentioned,
playwright,0.0.36,0.0.43,browser_close,HINT_FLIP,readOnlyHint: True->False (riskier),C3a risk-hint flip,patch,0.0.43 0.0.42 0.0.41 0.0.40 0.0.39 0.0.38 0.0.37,not mentioned,browser_close appears only in an unrelated video-recording note (0.0.40); the hint change is not described
playwright,0.0.36,0.0.43,browser_close,HINT_FLIP,destructiveHint: False->True (riskier),C3a risk-hint flip,patch,0.0.43 0.0.42 0.0.41 0.0.40 0.0.39 0.0.38 0.0.37,not mentioned,browser_close appears only in an unrelated video-recording note (0.0.40); the hint change is not described
playwright,0.0.36,0.0.43,browser_console_messages,SCHEMA_PARAM_ADDED,onlyErrors,C2 capability expansion,patch,0.0.43 0.0.42 0.0.41 0.0.40 0.0.39 0.0.38 0.0.37,not mentioned,
playwright,0.0.36,0.0.43,browser_file_upload,SCHEMA_REQUIRED_CHANGED,+[] -['paths'],C2b contract change,patch,0.0.43 0.0.42 0.0.41 0.0.40 0.0.39 0.0.38 0.0.37,not mentioned,
playwright,0.0.36,0.0.43,browser_hover,HINT_FLIP,readOnlyHint: True->False (riskier),C3a risk-hint flip,patch,0.0.43 0.0.42 0.0.41 0.0.40 0.0.39 0.0.38 0.0.37,not mentioned,
playwright,0.0.36,0.0.43,browser_hover,HINT_FLIP,destructiveHint: False->True (riskier),C3a risk-hint flip,patch,0.0.43 0.0.42 0.0.41 0.0.40 0.0.39 0.0.38 0.0.37,not mentioned,
playwright,0.0.36,0.0.43,browser_navigate_back,HINT_FLIP,readOnlyHint: True->False (riskier),C3a risk-hint flip,patch,0.0.43 0.0.42 0.0.41 0.0.40 0.0.39 0.0.38 0.0.37,not mentioned,
playwright,0.0.36,0.0.43,browser_navigate_back,HINT_FLIP,destructiveHint: False->True (riskier),C3a risk-hint flip,patch,0.0.43 0.0.42 0.0.41 0.0.40 0.0.39 0.0.38 0.0.37,not mentioned,
playwright,0.0.36,0.0.43,browser_resize,HINT_FLIP,readOnlyHint: True->False (riskier),C3a risk-hint flip,patch,0.0.43 0.0.42 0.0.41 0.0.40 0.0.39 0.0.38 0.0.37,not mentioned,
playwright,0.0.36,0.0.43,browser_resize,HINT_FLIP,destructiveHint: False->True (riskier),C3a risk-hint flip,patch,0.0.43 0.0.42 0.0.41 0.0.40 0.0.39 0.0.38 0.0.37,not mentioned,
playwright,0.0.43,0.0.51,browser_run_code,TOOL_ADDED,,C4 new tool,patch,0.0.51 0.0.50 0.0.49 0.0.48 0.0.47 0.0.46 0.0.45 0.0.44,tool named,
playwright,0.0.43,0.0.51,browser_console_messages,SCHEMA_PARAM_ADDED,level,C2 capability expansion,patch,0.0.51 0.0.50 0.0.49 0.0.48 0.0.47 0.0.46 0.0.45 0.0.44,tool named,
playwright,0.0.43,0.0.51,browser_network_requests,SCHEMA_PARAM_ADDED,includeStatic,C2 capability expansion,patch,0.0.51 0.0.50 0.0.49 0.0.48 0.0.47 0.0.46 0.0.45 0.0.44,tool named,
playwright,0.0.51,0.0.58,browser_click,SCHEMA_REQUIRED_CHANGED,+[] -['element'],C2b contract change,patch,0.0.58 0.0.57 0.0.56 0.0.55 0.0.54 0.0.53 0.0.52,not mentioned,
playwright,0.0.51,0.0.58,browser_console_messages,SCHEMA_PARAM_ADDED,filename,C2 capability expansion,patch,0.0.58 0.0.57 0.0.56 0.0.55 0.0.54 0.0.53 0.0.52,not mentioned,
playwright,0.0.51,0.0.58,browser_hover,SCHEMA_REQUIRED_CHANGED,+[] -['element'],C2b contract change,patch,0.0.58 0.0.57 0.0.56 0.0.55 0.0.54 0.0.53 0.0.52,not mentioned,
playwright,0.0.51,0.0.58,browser_network_requests,SCHEMA_PARAM_ADDED,filename,C2 capability expansion,patch,0.0.58 0.0.57 0.0.56 0.0.55 0.0.54 0.0.53 0.0.52,not mentioned,
playwright,0.0.51,0.0.58,browser_select_option,SCHEMA_REQUIRED_CHANGED,+[] -['element'],C2b contract change,patch,0.0.58 0.0.57 0.0.56 0.0.55 0.0.54 0.0.53 0.0.52,not mentioned,
playwright,0.0.51,0.0.58,browser_snapshot,SCHEMA_PARAM_ADDED,filename,C2 capability expansion,patch,0.0.58 0.0.57 0.0.56 0.0.55 0.0.54 0.0.53 0.0.52,tool named,
playwright,0.0.51,0.0.58,browser_take_screenshot,SCHEMA_REQUIRED_CHANGED,+['type'] -[],C2b contract change,patch,0.0.58 0.0.57 0.0.56 0.0.55 0.0.54 0.0.53 0.0.52,not mentioned,
playwright,0.0.51,0.0.58,browser_type,SCHEMA_REQUIRED_CHANGED,+[] -['element'],C2b contract change,patch,0.0.58 0.0.57 0.0.56 0.0.55 0.0.54 0.0.53 0.0.52,not mentioned,
playwright,0.0.68,0.0.75,browser_drop,TOOL_ADDED,,C4 new tool,patch,0.0.75 0.0.74 0.0.73 0.0.72 0.0.71 0.0.70 0.0.69,tool named,
playwright,0.0.68,0.0.75,browser_network_request,TOOL_ADDED,,C4 new tool,patch,0.0.75 0.0.74 0.0.73 0.0.72 0.0.71 0.0.70 0.0.69,tool named,
playwright,0.0.68,0.0.75,browser_run_code_unsafe,TOOL_ADDED,,C4 new tool,patch,0.0.75 0.0.74 0.0.73 0.0.72 0.0.71 0.0.70 0.0.69,tool named,
playwright,0.0.68,0.0.75,browser_click,SCHEMA_PARAM_ADDED,target,C2 capability expansion,patch,0.0.75 0.0.74 0.0.73 0.0.72 0.0.71 0.0.70 0.0.69,not mentioned,
playwright,0.0.68,0.0.75,browser_console_messages,SCHEMA_PARAM_ADDED,all,C2 capability expansion,patch,0.0.75 0.0.74 0.0.73 0.0.72 0.0.71 0.0.70 0.0.69,not mentioned,
playwright,0.0.68,0.0.75,browser_drag,SCHEMA_PARAM_ADDED,"endTarget,startTarget",C2 capability expansion,patch,0.0.75 0.0.74 0.0.73 0.0.72 0.0.71 0.0.70 0.0.69,not mentioned,
playwright,0.0.68,0.0.75,browser_evaluate,SCHEMA_PARAM_ADDED,"filename,target",C2 capability expansion,patch,0.0.75 0.0.74 0.0.73 0.0.72 0.0.71 0.0.70 0.0.69,tool named,
playwright,0.0.68,0.0.75,browser_fill_form,SCHEMA_CONSTRAINT,types/enums/defaults/limits changed,C2b contract change,patch,0.0.75 0.0.74 0.0.73 0.0.72 0.0.71 0.0.70 0.0.69,not mentioned,
playwright,0.0.68,0.0.75,browser_hover,SCHEMA_PARAM_ADDED,target,C2 capability expansion,patch,0.0.75 0.0.74 0.0.73 0.0.72 0.0.71 0.0.70 0.0.69,not mentioned,
playwright,0.0.68,0.0.75,browser_network_requests,SCHEMA_PARAM_ADDED,"filter,static",C2 capability expansion,patch,0.0.75 0.0.74 0.0.73 0.0.72 0.0.71 0.0.70 0.0.69,tool named,
playwright,0.0.68,0.0.75,browser_select_option,SCHEMA_PARAM_ADDED,target,C2 capability expansion,patch,0.0.75 0.0.74 0.0.73 0.0.72 0.0.71 0.0.70 0.0.69,not mentioned,
playwright,0.0.68,0.0.75,browser_snapshot,SCHEMA_PARAM_ADDED,"boxes,depth,target",C2 capability expansion,patch,0.0.75 0.0.74 0.0.73 0.0.72 0.0.71 0.0.70 0.0.69,not mentioned,
playwright,0.0.68,0.0.75,browser_tabs,SCHEMA_PARAM_ADDED,url,C2 capability expansion,patch,0.0.75 0.0.74 0.0.73 0.0.72 0.0.71 0.0.70 0.0.69,not mentioned,
playwright,0.0.68,0.0.75,browser_take_screenshot,SCHEMA_PARAM_ADDED,target,C2 capability expansion,patch,0.0.75 0.0.74 0.0.73 0.0.72 0.0.71 0.0.70 0.0.69,tool named,
playwright,0.0.68,0.0.75,browser_type,SCHEMA_PARAM_ADDED,target,C2 capability expansion,patch,0.0.75 0.0.74 0.0.73 0.0.72 0.0.71 0.0.70 0.0.69,not mentioned,
playwright,0.0.75,0.0.83,browser_emulate_media,TOOL_ADDED,,C4 new tool,patch,0.0.83 0.0.82 0.0.81 0.0.80 0.0.79 0.0.78 0.0.77 0.0.76,tool named,
playwright,0.0.75,0.0.83,browser_find,TOOL_ADDED,,C4 new tool,patch,0.0.83 0.0.82 0.0.81 0.0.80 0.0.79 0.0.78 0.0.77 0.0.76,tool named,
playwright,0.0.75,0.0.83,browser_take_screenshot,SCHEMA_PARAM_ADDED,scale,C2 capability expansion,patch,0.0.83 0.0.82 0.0.81 0.0.80 0.0.79 0.0.78 0.0.77 0.0.76,tool named,
firecrawl,1.8.0,3.0.1,firecrawl_crawl,SCHEMA_PARAM_ADDED,"allowSubdomains,crawlEntireDomain,delay,maxConcurrency,maxDiscoveryDepth,prompt,sitemap",C2 capability expansion,major,,no notes published,
firecrawl,1.8.0,3.0.1,firecrawl_map,SCHEMA_PARAM_ADDED,"ignoreQueryParameters,sitemap",C2 capability expansion,major,,no notes published,
firecrawl,1.8.0,3.0.1,firecrawl_scrape,SCHEMA_PARAM_ADDED,"maxAge,storeInCache",C2 capability expansion,major,,no notes published,
firecrawl,1.8.0,3.0.1,firecrawl_search,SCHEMA_PARAM_ADDED,sources,C2 capability expansion,major,,no notes published,
firecrawl,3.2.0,3.6.0,firecrawl_crawl,SCHEMA_CONSTRAINT,types/enums/defaults/limits changed,C2b contract change,minor,,no notes published,
firecrawl,3.2.0,3.6.0,firecrawl_scrape,SCHEMA_PARAM_ADDED,parsers,C2 capability expansion,minor,,no notes published,
firecrawl,3.2.0,3.6.0,firecrawl_search,SCHEMA_CONSTRAINT,types/enums/defaults/limits changed,C2b contract change,minor,,no notes published,
firecrawl,3.6.0,3.10.3,firecrawl_agent,TOOL_ADDED,,C4 new tool,minor,,no notes published,
firecrawl,3.6.0,3.10.3,firecrawl_agent_status,TOOL_ADDED,,C4 new tool,minor,,no notes published,
firecrawl,3.6.0,3.10.3,firecrawl_browser_create,TOOL_ADDED,,C4 new tool,minor,,no notes published,
firecrawl,3.6.0,3.10.3,firecrawl_browser_delete,TOOL_ADDED,,C4 new tool,minor,,no notes published,
firecrawl,3.6.0,3.10.3,firecrawl_browser_execute,TOOL_ADDED,,C4 new tool,minor,,no notes published,
firecrawl,3.6.0,3.10.3,firecrawl_browser_list,TOOL_ADDED,,C4 new tool,minor,,no notes published,
firecrawl,3.6.0,3.10.3,firecrawl_crawl,SCHEMA_PARAM_ADDED,webhookHeaders,C2 capability expansion,minor,,no notes published,
firecrawl,3.6.0,3.10.3,firecrawl_scrape,SCHEMA_PARAM_ADDED,"jsonOptions,pdfOptions,proxy,screenshotOptions,zeroDataRetention",C2 capability expansion,minor,,no notes published,
firecrawl,3.6.0,3.10.3,firecrawl_search,SCHEMA_PARAM_ADDED,enterprise,C2 capability expansion,minor,,no notes published,
firecrawl,3.10.3,3.20.2,firecrawl_interact,TOOL_ADDED,,C4 new tool,minor,3.20.2 3.20.1 3.19.1 3.19.0,not mentioned,
firecrawl,3.10.3,3.20.2,firecrawl_interact_stop,TOOL_ADDED,,C4 new tool,minor,3.20.2 3.20.1 3.19.1 3.19.0,not mentioned,
firecrawl,3.10.3,3.20.2,firecrawl_monitor_check,TOOL_ADDED,,C4 new tool,minor,3.20.2 3.20.1 3.19.1 3.19.0,tool named,
firecrawl,3.10.3,3.20.2,firecrawl_monitor_checks,TOOL_ADDED,,C4 new tool,minor,3.20.2 3.20.1 3.19.1 3.19.0,tool named,
firecrawl,3.10.3,3.20.2,firecrawl_monitor_create,TOOL_ADDED,,C4 new tool,minor,3.20.2 3.20.1 3.19.1 3.19.0,tool named,
firecrawl,3.10.3,3.20.2,firecrawl_monitor_delete,TOOL_ADDED,,C4 new tool,minor,3.20.2 3.20.1 3.19.1 3.19.0,not mentioned,
firecrawl,3.10.3,3.20.2,firecrawl_monitor_get,TOOL_ADDED,,C4 new tool,minor,3.20.2 3.20.1 3.19.1 3.19.0,not mentioned,
firecrawl,3.10.3,3.20.2,firecrawl_monitor_list,TOOL_ADDED,,C4 new tool,minor,3.20.2 3.20.1 3.19.1 3.19.0,not mentioned,
firecrawl,3.10.3,3.20.2,firecrawl_monitor_run,TOOL_ADDED,,C4 new tool,minor,3.20.2 3.20.1 3.19.1 3.19.0,not mentioned,
firecrawl,3.10.3,3.20.2,firecrawl_monitor_update,TOOL_ADDED,,C4 new tool,minor,3.20.2 3.20.1 3.19.1 3.19.0,not mentioned,
firecrawl,3.10.3,3.20.2,firecrawl_parse,TOOL_ADDED,,C4 new tool,minor,3.20.2 3.20.1 3.19.1 3.19.0,not mentioned,
firecrawl,3.10.3,3.20.2,firecrawl_search_feedback,TOOL_ADDED,,C4 new tool,minor,3.20.2 3.20.1 3.19.1 3.19.0,not mentioned,
firecrawl,3.10.3,3.20.2,firecrawl_agent,HINT_INTRODUCED,destructiveHint: True->False (safer),C3b risk hint introduced,minor,3.20.2 3.20.1 3.19.1 3.19.0,not mentioned,
firecrawl,3.10.3,3.20.2,firecrawl_agent_status,HINT_INTRODUCED,readOnlyHint: False->True (safer),C3b risk hint introduced,minor,3.20.2 3.20.1 3.19.1 3.19.0,not mentioned,
firecrawl,3.10.3,3.20.2,firecrawl_agent_status,HINT_INTRODUCED,openWorldHint: True->False (safer),C3b risk hint introduced,minor,3.20.2 3.20.1 3.19.1 3.19.0,not mentioned,
firecrawl,3.10.3,3.20.2,firecrawl_check_crawl_status,HINT_INTRODUCED,readOnlyHint: False->True (safer),C3b risk hint introduced,minor,3.20.2 3.20.1 3.19.1 3.19.0,not mentioned,
firecrawl,3.10.3,3.20.2,firecrawl_check_crawl_status,HINT_INTRODUCED,openWorldHint: True->False (safer),C3b risk hint introduced,minor,3.20.2 3.20.1 3.19.1 3.19.0,not mentioned,
firecrawl,3.10.3,3.20.2,firecrawl_crawl,SCHEMA_CONSTRAINT,types/enums/defaults/limits changed,C2b contract change,minor,3.20.2 3.20.1 3.19.1 3.19.0,not mentioned,
firecrawl,3.10.3,3.20.2,firecrawl_crawl,HINT_INTRODUCED,destructiveHint: True->False (safer),C3b risk hint introduced,minor,3.20.2 3.20.1 3.19.1 3.19.0,not mentioned,
firecrawl,3.10.3,3.20.2,firecrawl_extract,HINT_INTRODUCED,readOnlyHint: False->True (safer),C3b risk hint introduced,minor,3.20.2 3.20.1 3.19.1 3.19.0,not mentioned,
firecrawl,3.10.3,3.20.2,firecrawl_map,HINT_INTRODUCED,readOnlyHint: False->True (safer),C3b risk hint introduced,minor,3.20.2 3.20.1 3.19.1 3.19.0,not mentioned,
firecrawl,3.10.3,3.20.2,firecrawl_scrape,SCHEMA_PARAM_ADDED,"lockdown,profile,queryOptions,redactPII",C2 capability expansion,minor,3.20.2 3.20.1 3.19.1 3.19.0,not mentioned,
firecrawl,3.10.3,3.20.2,firecrawl_search,SCHEMA_PARAM_ADDED,"excludeDomains,includeDomains",C2 capability expansion,minor,3.20.2 3.20.1 3.19.1 3.19.0,not mentioned,
firecrawl,3.10.3,3.20.2,firecrawl_search,HINT_INTRODUCED,readOnlyHint: False->True (safer),C3b risk hint introduced,minor,3.20.2 3.20.1 3.19.1 3.19.0,not mentioned,
firecrawl,3.20.2,3.22.2,firecrawl_feedback,TOOL_ADDED,,C4 new tool,minor,3.21.4,not mentioned,
firecrawl,3.20.2,3.22.2,firecrawl_research_inspect_paper,TOOL_ADDED,,C4 new tool,minor,3.21.4,not mentioned,
firecrawl,3.20.2,3.22.2,firecrawl_research_read_paper,TOOL_ADDED,,C4 new tool,minor,3.21.4,not mentioned,
firecrawl,3.20.2,3.22.2,firecrawl_research_related_papers,TOOL_ADDED,,C4 new tool,minor,3.21.4,not mentioned,
firecrawl,3.20.2,3.22.2,firecrawl_research_search_github,TOOL_ADDED,,C4 new tool,minor,3.21.4,not mentioned,
firecrawl,3.20.2,3.22.2,firecrawl_research_search_papers,TOOL_ADDED,,C4 new tool,minor,3.21.4,not mentioned,
firecrawl,3.20.2,3.22.2,firecrawl_agent_status,HINT_INTRODUCED,destructiveHint: True->False (safer),C3b risk hint introduced,minor,3.21.4,not mentioned,
firecrawl,3.20.2,3.22.2,firecrawl_check_crawl_status,HINT_INTRODUCED,destructiveHint: True->False (safer),C3b risk hint introduced,minor,3.21.4,not mentioned,
firecrawl,3.20.2,3.22.2,firecrawl_extract,HINT_INTRODUCED,destructiveHint: True->False (safer),C3b risk hint introduced,minor,3.21.4,not mentioned,
firecrawl,3.20.2,3.22.2,firecrawl_interact,SCHEMA_PARAM_ADDED,"scrapeOptions,url",C2 capability expansion,minor,3.21.4,not mentioned,
firecrawl,3.20.2,3.22.2,firecrawl_map,HINT_INTRODUCED,destructiveHint: True->False (safer),C3b risk hint introduced,minor,3.21.4,not mentioned,
firecrawl,3.20.2,3.22.2,firecrawl_monitor_check,HINT_INTRODUCED,destructiveHint: True->False (safer),C3b risk hint introduced,minor,3.21.4,not mentioned,
firecrawl,3.20.2,3.22.2,firecrawl_monitor_checks,HINT_INTRODUCED,destructiveHint: True->False (safer),C3b risk hint introduced,minor,3.21.4,not mentioned,
firecrawl,3.20.2,3.22.2,firecrawl_monitor_create,DESC_SCOPE_CANDIDATE,new action words: write; similarity 0.77,C2 capability expansion (manual),minor,3.21.4,not mentioned,
firecrawl,3.20.2,3.22.2,firecrawl_monitor_create,SCHEMA_PARAM_ADDED,"excludeDomains,includeDomains,maxResults,queries,searchWindow",C2 capability expansion,minor,3.21.4,not mentioned,
firecrawl,3.20.2,3.22.2,firecrawl_monitor_create,HINT_INTRODUCED,destructiveHint: True->False (safer),C3b risk hint introduced,minor,3.21.4,not mentioned,
firecrawl,3.20.2,3.22.2,firecrawl_monitor_get,HINT_INTRODUCED,destructiveHint: True->False (safer),C3b risk hint introduced,minor,3.21.4,not mentioned,
firecrawl,3.20.2,3.22.2,firecrawl_monitor_list,HINT_INTRODUCED,destructiveHint: True->False (safer),C3b risk hint introduced,minor,3.21.4,not mentioned,
firecrawl,3.20.2,3.22.2,firecrawl_monitor_run,HINT_INTRODUCED,destructiveHint: True->False (safer),C3b risk hint introduced,minor,3.21.4,not mentioned,
firecrawl,3.20.2,3.22.2,firecrawl_parse,DESC_SCOPE_CANDIDATE,"new action words: command,run; similarity 0.55",C2 capability expansion (manual),minor,3.21.4,tool named,
firecrawl,3.20.2,3.22.2,firecrawl_parse,HINT_INTRODUCED,destructiveHint: True->False (safer),C3b risk hint introduced,minor,3.21.4,tool named,
firecrawl,3.20.2,3.22.2,firecrawl_scrape,HINT_INTRODUCED,destructiveHint: True->False (safer),C3b risk hint introduced,minor,3.21.4,not mentioned,
firecrawl,3.20.2,3.22.2,firecrawl_search,HINT_INTRODUCED,destructiveHint: True->False (safer),C3b risk hint introduced,minor,3.21.4,not mentioned,
firecrawl,3.20.2,3.22.2,firecrawl_search_feedback,HINT_INTRODUCED,destructiveHint: True->False (safer),C3b risk hint introduced,minor,3.21.4,not mentioned,
firecrawl,3.22.2,3.23.9,firecrawl_developer_search,TOOL_ADDED,,C4 new tool,minor,,no notes published,
firecrawl,3.22.2,3.23.9,firecrawl_crawl,SCHEMA_CONSTRAINT,types/enums/defaults/limits changed,C2b contract change,minor,,no notes published,
firecrawl,3.22.2,3.23.9,firecrawl_interact,SCHEMA_CONSTRAINT,types/enums/defaults/limits changed,C2b contract change,minor,,no notes published,
firecrawl,3.22.2,3.23.9,firecrawl_parse,SCHEMA_CONSTRAINT,types/enums/defaults/limits changed,C2b contract change,minor,,no notes published,
firecrawl,3.22.2,3.23.9,firecrawl_scrape,SCHEMA_CONSTRAINT,types/enums/defaults/limits changed,C2b contract change,minor,,no notes published,
firecrawl,3.22.2,3.23.9,firecrawl_search,SCHEMA_PARAM_ADDED,"categories,highlights",C2 capability expansion,minor,,no notes published,
firecrawl,3.23.9,3.27.3,firecrawl_credit_usage,TOOL_ADDED,,C4 new tool,minor,3.25.0,not mentioned,
firecrawl,3.23.9,3.27.3,firecrawl_find_tools,TOOL_ADDED,,C4 new tool,minor,3.25.0,tool named,
firecrawl,3.23.9,3.27.3,firecrawl_agent,SCHEMA_PARAM_ADDED,"effort,exchange,maxCredits,mode,strictConstrainToURLs,threadId",C2 capability expansion,minor,3.25.0,not mentioned,
firecrawl,3.23.9,3.27.3,firecrawl_feedback,DESC_SCOPE_CANDIDATE,new action words: refund; similarity 0.44,C2 capability expansion (manual),minor,3.25.0,not mentioned,
firecrawl,3.23.9,3.27.3,firecrawl_feedback,SCHEMA_PARAM_ADDED,"capabilityFeedback,objective,providerFeedback,rationale,requestedWebsite",C2 capability expansion,minor,3.25.0,not mentioned,
firecrawl,3.23.9,3.27.3,firecrawl_scrape,SCHEMA_PARAM_ADDED,"alexandria,domainTools,requestId,timeout,toolDetail",C2 capability expansion,minor,3.25.0,tool named,
firecrawl,3.23.9,3.27.3,firecrawl_search,SCHEMA_PARAM_ADDED,"clientModel,domainTools,objective,toolDetail",C2 capability expansion,minor,3.25.0,tool named,
browserbase,2.0.0,2.0.1,browserbase_stagehand_get_all_urls,TOOL_ADDED,,C4 new tool,patch,,no notes published,
browserbase,2.0.0,2.0.1,browserbase_stagehand_get_url,TOOL_ADDED,,C4 new tool,patch,,no notes published,
browserbase,2.0.0,2.0.1,multi_browserbase_stagehand_get_url_session,TOOL_ADDED,,C4 new tool,patch,,no notes published,
browserbase,2.3.0,2.4.0,browserbase_stagehand_agent,TOOL_ADDED,,C4 new tool,minor,,no notes published,
context7,0.0.1,1.0.6,get-library-docs,TOOL_ADDED,,C4 new tool,major,,no notes published,
context7,0.0.1,1.0.6,resolve-library-id,TOOL_ADDED,,C4 new tool,major,,no notes published,
context7,1.0.22,1.0.30,get-library-docs,SCHEMA_PARAM_ADDED,"mode,page",C2 capability expansion,patch,,no notes published,
context7,1.0.30,2.1.0,query-docs,TOOL_ADDED,,C4 new tool,major,2.1.0 2.0.2 2.0.1 2.0.0 1.0.33 1.0.32 1.0.31,tool named,
context7,1.0.30,2.1.0,resolve-library-id,SCHEMA_PARAM_ADDED,query,C2 capability expansion,major,2.1.0 2.0.2 2.0.1 2.0.0 1.0.33 1.0.32 1.0.31,tool named,
context7,1.0.30,2.1.0,resolve-library-id,HINT_INTRODUCED,readOnlyHint: False->True (safer),C3b risk hint introduced,major,2.1.0 2.0.2 2.0.1 2.0.0 1.0.33 1.0.32 1.0.31,tool named,
context7,2.1.0,2.2.0,query-docs,SCHEMA_PARAM_ADDED,researchMode,C2 capability expansion,minor,2.2.0 2.1.8 2.1.7 2.1.6 2.1.5 2.1.4 2.1.3 2.1.2 2.1.1,not mentioned,
context7,2.2.0,3.1.0,query-docs,HINT_INTRODUCED,destructiveHint: True->False (safer),C3b risk hint introduced,major,3.1.0 3.0.0 2.3.0 2.2.5 2.2.4 2.2.3 2.2.2 2.2.1,tool named,
context7,2.2.0,3.1.0,query-docs,HINT_INTRODUCED,idempotentHint: False->True (safer),C3b risk hint introduced,major,3.1.0 3.0.0 2.3.0 2.2.5 2.2.4 2.2.3 2.2.2 2.2.1,tool named,
context7,2.2.0,3.1.0,resolve-library-id,HINT_INTRODUCED,destructiveHint: True->False (safer),C3b risk hint introduced,major,3.1.0 3.0.0 2.3.0 2.2.5 2.2.4 2.2.3 2.2.2 2.2.1,tool named,
context7,2.2.0,3.1.0,resolve-library-id,HINT_INTRODUCED,idempotentHint: False->True (safer),C3b risk hint introduced,major,3.1.0 3.0.0 2.3.0 2.2.5 2.2.4 2.2.3 2.2.2 2.2.1,tool named,
